32407402
400394502
325126428
992570496
914549738
997221452
997732735
286838876
257419383
872954943
606011513
254629676
580071900
989993849
255476918
447487424
218018068
205477331
680235898
29830710
312200195
40219409
24028000
279204731
552691810
656348676
827477988
71571978
651270953
977066328
806475379
802749873
951533147
422089415
866050769
671775864
839346680
527931494
977688115
764599535
512081634
704051362
914428143
740855762
795467360
441922895
61132021
185099365
52764779
291540574
238938094
848124493
330701264
720224136
36848098
30195369
69601331
285826083
989847874
33598566
580868281
108896860
525794435
60885465
204066687
691282993
727752195
471595181
772395010
949310285
932008495
34251077
914119022
508256410
828644268
334844211
978325694
247211835
437213859
578306545
869269492
463027167
725509208
453182650
439769363
864225493
422061741
19560836
673146588
65175290
603491449
106886453
415470902
799587817
78146079
171878093
220387316
203165869
475892271
103176026
467063491
170461119
488625643
27657163
409048065
34577397
369710148
295255567
258481209
56941994
804503565
962917316
236630025
544305687
906914641
960740221
790056947
212576312
832610573
621470734
680469354
530498521
490177828
487887132
252608532
378064138
315171018
417627000
317524861
546196317
578044533
466570614
858092806
366233644
933554057
881346125
592578965
422311804
898477227
946390153
816282558
624147919
338222051
952515020
350170509
640545391
319174157
309038805
972779475
249818569
766241993
661333707
585247537
731336736
589456672
897367558
360288699
404386603
912702869
248603813
52162609
432068397
486580376
425933656
933823593
511369328
86503266
596352539
290725812
989594230
852173975
557207876
307873865
166204674
249796997
53254138
645191897
104499364
513708303
671480128
186602156
691277061
618161762
569795513
481511361
355912437
979083229
758327252
996411504
434532867
318659495
909628273
183464081
758445235
222418294
484950682
311742204
800477885
584006185
621031908
693413382
456116329
829357641
278901242
792013795
466983614
393918194
649408525
978177079
497285708
928099612
527631762
903963588
63160361
735709064
876611174
642293382
30378052
389766677
289870444
43138292
100891515
295649118
770932305
643108554
701990872
107056275
188185267
387337325
618136770
233972042
309298637
892166364
142259220
52355320
318684017
528200724
63868930
385693620
209278045
176931036
880144906
63728107
746009255
856222093
540668322
738412215
18341785
240840090
303360299
466998483
308546994
201237730
200146841
877168398
560439676
70916281
483790711
991773502
203670890
85733369
204084740
257539274
964884708
608211087
238080189
886740350
165144310
445950378
799139440
444403012
889433965
849193036
239198193
139894420
988875590
865643170
562091127
913608974
124099442
615965004
902602256
331892888
469425677
413058508
521722180
290270169
477371185
89156437
111464041
856839867
218886792
761230904
345568573
232184861
471105336
810425511
921533927
419883261
550101076
379714
676937213
380454136
471559850
63066744
294005755
918928629
869535466
994805931
146877588
284805721
828561631
288722344
579197059
265687562
9191255
851678452
740118677
921487022
891429816
283957788
91861355
807714940
892728331
76138483
713319794
319178296
377066770
447543368
254684106
922728552
368235344
433514168
443666780
360650145
716315693
182566307
266998816
784004923
517595833
817884796
550663101
304006550
883373591
476926189
686771013
950454898
217798160
110898471
199998373
467354394
717858661
898545390
312211511
502517691
528549961
535150153
133286587
552014780
403999578
287085612
238322892
725931590
292718093
919174325
728884997
331279080
806586711
189547258
682457158
210765983
213364465
163773855
610006312
654184362
791028670
500922822
914268546
716698188
643709332
773351971
979652621
598683122
658906927
823047328
272538028
837389858
555530358
810180713
2970565
559523020
508807766
72691271
321604346
433106444
230927438
553509832
737963622
443143515
109655797
635831533
788897675
139413155
314482427
210027385
915393414
780830656
587015477
727622912
319141099
214140737
815134686
381590148
890344401
361422329
717245564
235249909
581671541
641197318
668628687
858803103
551325967
570015518
519757692
24820467
909317413
264240065
868153652
546163382
516731678
45807455
852527027
878325396
489730949
435072359
37655846
696200082
653580947
787679997
537054885
649610812
881562244
309173786
197727314
55724968
194712149
187600180
669395523
37978069
753431351
736488946
719106568
751445266
667913994
904531392
952471686
400217070
198755009
193785290
328100477
38216121
672621028
394209251
253557069
596805131
574658539
11719678
128675818
527723322
393683041
39932245
590890640
778484002
173457677
659770303
425198060
490741486
393497722
406955263
586376194
612748155
781591826
646745891
667352199
246688848
703283567
662690720
85367315
46871056
720614884
638143554
264575440
325646972
349331799
662212542
909360469
590917552
33362447
727476094
695727953
280882717
270421990
705932527
108643074
523801283
729447510
84383968
772986517
845122124
849384498
770185104
78489021
105668342
836681086
665394433
962532903
497188900
298618738
705728917
864683694
161064975
24003752
864505232
952399829
758576139
856356956
610161585
685950487
19549634
861634016
874236606
922255341
177719435
454955860
159157622
458310209
78830706
583666780
352205250
422196641
814449977
417650066
973547
540068417
437573475
938773195
726914044
702052630
611356835
671142430
454370705
893085724
2355572
903395288
470838773
670756226
230616687
605552327
796644713
580967735
425040606
368592203
517449475
605125807
91647213
992227393
324209453
443711426
497742296
635555107
270471208
269491491
375229166
282146556
869889352
55446682
49832767
573870976
102439906
471354005
828519369
599488536
381990349
226507325
535255982
218477614
158017569
748963303
37019564
467995770
960190858
324380470
685485261
554553398
520762276
309644737
91595379
270932368
350276845
381973465
880582288
357969431
219480199
90211528
323789458
17098210
328004802
502431830
924722125
542765977
358655961
73937105
62445516
667354801
74541436
963647744
602601418
768448393
9995065
847050313
99952838
572058299
688323438
86807371
612821927
314089651
620511511
360084821
985754504
152795192
454166975
35986667
452104606
156875245
162082236
889635361
516881979
981277025
614717714
408290685
686445220
934304984
202316803
933902098
745486192
383236038
973436857
181112888
651381214
871329915
74233789
324955100
923933192
72575234
725547007
634736872
899674060
306051691
209800101
79667998
276758509
264797613
742082743
747758236
236335848
533888499
293951524
733225500
192857505
427044948
604611992
504129994
484068802
268791245
851868876
377882536
518583097
525925002
608874197
382250304
686285060
310982339
838839798
556236836
320736351
211231544
743095297
325452460
185937366
469150417
668181045
691685574
514444861
638645400
529592706
732101354
831327199
575199784
424292246
694397752
873324768
43681230
42180311
166320523
412091670
586331352
883968605
129588855
982145148
76593221
896379827
430801978
169717320
843949515
936313088
408707040
271411105
306538084
717876508
389498525
726082906
950432393
89120870
712113499
866950224
763006229
978362635
49161321
279539494
442280030
367285647
46903386
401009678
84420826
501747696
944209281
942791299
666661664
242217462
28883640
407902606
129065288
4943437
58399139
528036601
184430578
174361691
608374424
317948047
279903873
701854436
376556537
713736008
472078304
874774343
769753199
363176805
283847897
508955416
117466761
826019022
730201401
258860260
972914264
893668273
679816798
942953168
534321999
701888387
921190423
52339422
20407976
613392751
70903119
390494273
689679331
971800435
466847943
527165720
783644494
40402659
305698706
903645759
863550511
741155964
577328855
947557628
137972166
400871341
220910508
991932734
955550330
312548454
246679523
310600326
767009229
805051868
693460325
264359689
546665790
586271448
665403526
490013837
635576651
188760809
355360955
142676167
766962581
259244897
682787191
914460728
312464430
691937844
656248852
249426188
860780080
513972937
202884302
912295957
97526976
669572452
785655092
115868668
748754708
727845239
117982611
172733697
302146962
953359012
288672257
889772407
38300828
975845349
396053604
442651215
730692079
132055085
463798901
361945483
359795244
263406144
255692706
731339379
677126300
610066103
64881558
647297608
483671755
370482043
251224660
505971505
106704762
573291688
455398142
485462041
494451497
309573026
587451857
641033800
53930179
966541623
768133626
553037059
92472358
24214287
572440505
988077419
32705667
888488516
733948441
319054111
816379930
336460250
457453697
886799996
92281092
969798772
457174175
216958379
520662341
443631298
215909595
953057934
648380451
478983883
804455330
880601411
663348335
152198850
400145541
349057930
128633893
869410415
627249221
862979492
794147448
249160439
288545396
756665675
743096642
209010134
586475553
291659140
519810986
706861408
464147175
415093947
516499885
425239174
997494975
458685043
225972425
29316914
586525244
688230727
364312576
750894659
895110976
478115810
691201724
911910306
629669645
822725132
856573583
756723991
91683935
422904615
552913781
411509818
965419905
666322071
44251316
989908028
962526028
340071184
866578967
714718989
702783483
901068597
192018722
769129555
49879003
672651575
724990719
806166582
984623957
949891764
705281684
651102040
897677660
503369213
234093936
368819144
611739978
279704590
619395667
955496878
300715071
637347158
68371326
396824181
656017237
340791607
92590447
987323791
525534193
614459689
934318715
990278111
124468096
722111224
40463473
996447785
818321195
691748872
366233001
905574948
913397866
739891349
237735188
4426001
492674185
626175085
262899039
949841196
162635759
203726430
104419497
522503269
332347829
296128018
670290481
834015226
287592432
716247087
397839363
847755712
332465232
331047881
728623883
777014851
959680453
834700398
823079881
237350124
874007234
183822391
745721739
895986164
287727086
435798161
991880769
832799248
848714108
718422137
299208740
350676125
95897921
802445029
500154233
827875643
257895760
490985860
560901875
21291659
382278511
30734113
325717415
481271733
491883359
150580017
635038931
779309370
274873878
813426083
706832617
307083754
133763391
309357667
920945128
661414998
511539909
123911837
96887216
309032514
439312266
438460909
987740237
980390940
147800202
106653054
540224910
458524683
990117129
40351656
26078552
628458030
787997713
539487095
684841951
158935335
662736036
280623061
164593831
945905625
36014898
712524074
826001701
272794518
112530871
112689217
921407769
700750289
741215430
697743316
693642643
400986760
422822152
813565255
737564027
856183132
301420425
171492007
142883990
265777589
733958741
625268747
816596866
669582915
867792267
233262647
70611317
123649071
335989936
364025668
584925780
450670510
201920233
66874321
910462759
462734226
552888218
223733957
543407924
535492299
512566980
915200488
820681546
674127050
393019858
938355429
816424447
103516735
35996781
665131085
279706689
514938989
653405131
57113980
230163048
25201070
226973566
241244780
791650999
732866859
53245658
882258189
963706299
209911860
519452442
234095055
186525162
478430792
253349249
853556177
559947070
421812112
634014967
576265538
953172379
269693309
119131492
818104490
235172018
962349996
702286773
473146817
859857033
329805458
836686661
451654518
495571944
161955153
104249375
649457926
887208466
301868392
610609121
420412058
419603439
947510814
19159627
411487829
240978342
115234842
455612022
276538551
617258938
626847107
469065879
438785248
633927389
477989849
738594412
902730414
640556484
799919449
837592380
172713648
912111146
750966433
335987261
482919885
656924972
667212414
938099817
297753741
100439930
616197407
833064390
651117409
805137124
497536429
866505046
790855995
291178702
91433833
980059309
964084927
424476746
625043065
801561111
359313145
915519032
303062431
289191896
478959713
504671166
858560942
967955075
173654556
243192283
280558907
436600624
117955364
737021115
616140037
620289007
951870379
127863472
840600830
627910799
581719488
224931319
115647392
278080776
255308550
323202710
693489038
17067652
429782184
806102941
117611300
854511553
345232937
913817560
316233724
319339230
127033598
556697618
621216997
920846959
718118853
777871105
598613186
938644672
699114606
357937203
866178433
990147749
425085854
738419847
770437303
141416839
987165197
954272900
574406006
71459404
766166484
548076005
68652680
127245724
672872596
873225940
950585922
784494621
117665185
509851322
74624348
16493893
478008426
385701319
685176616
497052552
653945136
817969163
91202480
932101313
753584017
979271583
763109365
620311042
353303738
510776918
546254675
48327014
932146223
333863290
378140439
220432179
415038847
696277108
141239334
804106569
268202556
201934065
714254017
964988291
631923399
213898705
548535358
804830531
128369114
568768054
992722460
92774082
839664444
363275253
743302180
906125387
69565809
915800187
486536655
908966474
920417598
422827436
807762312
530703689
234345932
78901011
186293102
851746487
512962356
61537541
55466904
639223012
262892347
740799649
228625441
851821392
972668510
573093818
88720587
197015627
656875958
712053160
712070491
130116083
418178360
549722849
378113456
135321323
98442353
887396698
681160106
110829738
347587904
950520328
766919789
634623403
294060433
407193821
321032954
333902973
742412693
52348709
596746091
288900909
634050201
617086368
217219308
415466377
132095846
184304588
569999116
633914375
59100212
951932498
85471751
375728704
554569236
611320713
511935850
456974075
175492766
531266073
390001044
790158810
339381241
103748469
624935131
8840834
558223882
837754147
804011736
178357759
840108940
783245361
344024493
215914734
405618316
744095446
173097673
974615542
196554242
626316688
648056833
863343686
329612818
601419688
920560816
969711815
127748023
450899961
629899449
92213092
262360700
558951753
549957443
754502826
272008055
609249045
885544634
594657842
443289085
458001131
29711646
780747917
810636725
627931389
258251284
493635174
782861447
848593820
350778008
438715363
20339195
722582425
194092564
520450427
258023276
117920167
25141839
184840017
342906844
391732580
675715899
66967369
213675625
10011624
667238483
199830444
749235016
994919640
659193409
973571843
230588694
282761708
263828011
362252614
429268216
841634865
597559749
74937429
927069941
554952046
513493329
270594596
474030996
745447958
380133525
576764606
274986661
31504910
238037300
80748487
569076505
544650143
969083850
462989003
84529499
957147179
838708418
156262581
492650102
309969682
579780947
597438156
398615579
978047680
862906003
874341999
721857003
224380914
199801497
83143016
842097653
104411204
132665101
732262142
655641747
361948718
87013570
815435222
129179243
438022951
346109269
20511722
395660988
463971064
926330183
741580794
763159183
523539770
637479824
533441634
488905199
583433769
426160296
123026899
78016733
752554998
49686976
5113691
757058250
472866237
957350327
654812880
322354000
307349539
936396056
432709405
516364762
1815652
867819222
600186742
359091471
792552522
219625347
137849147
479052492
957671005
303017360
993473559
952535342
381843889
117195549
286590715
268035857
918822739
198930964
140021992
675120035
865547646
779491026
993726012
625700960
697523526
486255994
796991162
497280566
272238336
553658914
92162401
664125219
845627085
805883058
313489978
136760903
225772222
408520418
782671580
165012385
951560489
71394426
730701913
483247823
687537074
946609938
263856227
950358893
551890398
505986201
450445438
478521476
842966231
728878715
738142117
491565662
413460631
811925336
862213354
735182288
608899858
465782817
871713764
915294180
170816660
184997185
823354387
746416954
813180588
118477577
768706658
383715623
644518914
193081895
38190396
944355376
444443802
784340596
408580574
46289777
241168477
699525791
763827929
819817975
86997959
734204137
433824500
785778494
140135652
328637757
662460763
991390332
89993717
554619894
649782997
129371897
655942462
873157077
534094906
410219773
170113597
452998124
823710010
11446485
52601629
327172240
631548333
53541418
655163865
666036850
821027062
897084359
750882328
799126381
144972251
232697275
458125012
52653313
626307495
697565778
755640367
134039289
662497508
132126256
770947567
971642827
772232866
588025286
497266264
428274616
963028262
958060002
58096099
830794658
810742810
311289126
144674863
618046731
376816423
447353232
743242387
957810134
147893906
483682582
515150356
416823237
443947493
436064860
748695793
156420255
521901319
856151754
726202017
227613663
42959119
677454024
205151854
412974139
604048431
130911262
229657375
116735928
208957472
675093853
353408277
803436403
914275812
963256285
739070370
469055506
664134302
713132991
408991463
643915680
183121527
123801961
645872742
659599490
746303114
658407858
141232324
501412796
981817177
606933775
950831681
737186306
124137544
360218029
204792480
375107586
608190806
507670192
31202143
22675588
336231228
647658829
324374926
679475513
273026475
592674792
837560088
119969969
425374037
499008471
164355331
898409303
903401828
216713596
916440708
657192722
729976259
519362973
646245023
657000606
780858408
266475758
628394381
130380046
777736933
981014831
530955651
296501035
133710150
468926838
890041171
858140526
899901535
981300554
251634738
818937650
103681709
616904243
902173195
243075185
38036824
246674136
252656533
403796569
672530264
197948517
361111300
10992343
434118497
641773324
804754769
889274026
119078196
354983679
439822548
835129503
272017484
78188817
6691876
943690746
231805373
506118222
383615015
69787836
99961776
540504470
281993872
839024157
917277733
120443537
527588377
273019608
4574399
575147261
574399424
625120563
642542665
431189357
494109594
315738264
203319093
816546892
354310680
351475049
404258370
817560171
448471515
939422963
749455988
848937962
111996617
772312777
796223838
936460846
284914094
199217693
115973313
178221599
960399669
459919966
124323418
383789871
955304566
684209263
264553662
900270794
421088614
100039656
469160438
898452398
216658793
531862907
893693031
203016694
446348138
284476207
460720514
126437756
832616919
611232686
758028904
262503563
627599165
830684282
788564537
708528358
983653094
599235643
65256917
904940452
754883656
485251988
736956319
622493767
435416251
179338954
685876341
162913914
558492575
69920901
623762710
766829062
253065161
379843763
708013273
562034129
188082511
851360164
455247930
707173661
897332624
222595676
66136171
75730008
779721619
360266170
638271350
728742255
796388784
235661814
330009849
588923854
392631387
945146757
325504294
94367580
778189662
9390004
480745131
900566748
686741953
685586909
21501920
125509184
919630938
880218943
268607053
837697415
332445669
12576706
489936449
245606739
74406712
47102460
443363827
329870606
816934370
665888607
328903796
460485837
928229749
165487188
499528304
340696749
5621052
132748666
947461347
13810445
374261140
175367489
699279084
28585741
864165303
486290962
465257049
504379251
798678738
950957608
721843074
119820851
89414096
97773225
396397697
709231655
933141250
46501250
574429815
325232221
47399722
653169751
310810754
375460993
543449714
563670681
276515346
156545585
984010179
814295472
906586658
99014306
543001358
121427180
976911886
223378099
911171423
13514720
326571651
653737888
754817426
227678582
901743763
127962110
926682511
459256421
498000572
506050212
175482891
840217574
648157462
794173804
703626453
863899798
79988580
909899010
521457571
566268953
215948326
718437225
54265355
829556200
503926066
683901695
572553985
862840026
589401828
671143936
580682938
141024545
779450055
287977386
760404959
567984200
787654771
978342447
140465723
46783394
130592614
324028846
684672122
137547474
134968087
747386814
374878025
566690437
66326638
956327185
408840205
648569265
551047775
453272911
693371555
508585197
218405861
928484058
512778549
38984909
534640390
172147738
582167405
579916397
62727013
677982175
659822159
698314355
856235037
906272995
478467579
567076016
443638972
526454758
882354476
848612404
330429203
257185330
340551900
59134441
263849477
571318697
368239291
476724197
13802869
883731691
150763778
828969431
129353432
504720817
707945443
960568467
500338905
168754786
670848748
234917385
684531684
787980861
908601521
204159503
935486680
910152807
159642896
74436418
333719060
634625703
484023568
247601528
524307608
130851974
474877057
560717672
483621061
710146421
272820448
103776951
176628388
512454199
917073549
750104710
757588772
478483883
65044105
460583625
139006279
984131666
427731348
146706119
73179602
291231192
277352544
80172337
591645798
508578906
863959357
136650656
840982410
69481223
633192798
325444678
578082960
674264269
656766797
290756377
707649211
954016569
772534800
814596271
684462512
706864829
811934708
921179346
129569110
80202282
815563463
890422896
351365075
523190767
179028693
801691068
966779581
35447251
188359482
987588474
612430614
764076585
408688668
132024224
561791214
543709830
140848477
341869686
37456093
425799726
135212449
644718438
431886251
697135830
558100834
846301165
52443219
377797904
855586271
977574022
124087445
326738580
168477920
26313156
533439861
582373129
22553308
301501473
513473713
76899858
426070289
220123611
433577872
388356658
244925653
383785234
56173054
265538278
136545722
770118750
496867822
213684318
667465204
934023203
211572446
751526396
717547991
528526029
565624749
673657820
783000070
347572364
133412954
528812222
718086436
95009885
572132052
762611518
16664616
367965505
135774386
614496499
679238385
853400041
531352533
423047642
70988206
590489812
467810940
670755341
808033368
74770930
180758877
760229981
184090171
60210143
347169124
555017678
494522857
557009715
814671880
291484245
357720398
187417028
98755311
702623456
839616688
564158783
764642085
272727105
807972130
330209606
343956114
287198982
824123041
649710797
930271293
923474185
364978867
433196821
614969879
592998896
791683083
293558767
770326863
377993321
384106626
936688657
372061981
880899261
305921056
200460445
936192422
813056844
962729678
150447909
321413557
816093581
690115788
453593139
487889510
810112819
735575546
75220016
236789734
530467770
438706864
288716846
532243898
276899312
991354462
839694598
319980017
368646167
264146754
806629298
604069046
895673795
189853952
653443192
878812743
557659396
614127408
775807410
601008955
893562661
523233548
447378547
696900704
604385349
322564196
508043675
448684459
789906540
929770029
570192859
143146032
906348188
825904155
530916269
947745835
231572329
982965486
309989343
923026454
841926023
471693421
968618464
127118580
957474972
699860865
407017981
280703151
308782757
848540544
820941795
313986237
955588364
309989104
242141918
788890003
125290121
294034810
442476236
595916575
556359340
182060710
518967707
194906705
350605090
974815925
80511309
376091799
974591569
288434914
238944430
420542665
487404149
684042732
118065871
87690644
496615055
94847946
764182818
208454044
770445884
919166931
909875397
372195542
40885301
267674738
601560612
290061908
810775011
563098502
80650425
669084474
928639615
790910572
271047446
40113366
86770415
665431608
55647660
236228320
129192134
871990796
408883371
191782055
555096825
258297049
880917282
992311116
430054036
603573627
195741203
689230937
740823601
435985133
349476482
575386639
35494177
417697365
565931859
2402234
383521144
540529371
685690479
169863662
340081259
687782139
587172980
480025403
614383782
183426210
862005284
16909156
681168347
341453996
873738545
710952660
99819151
120875420
839041645
454752698
645948994
931791634
876194390
50518589
502607125
233338027
48541387
823580246
708265711
791570566
233714089
834288218
180699749
811756153
151410807
192793643
508584713
836122251
392948145
727836552
71099085
640238830
375808131
656340187
923001583
254005574
506887171
602555686
377208686
171241647
936796435
161436937
694791511
152973350
610166172
369722863
77756710
216046373
554611886
510872184
118124609
834224545
158162443
412684446
418336406
117414695
643258296
654410758
411468515
802800464
970634570
205982256
229216747
926325473
901530731
691209466
739311116
20801805
725605754
386242953
650491800
149380068
204313753
886881972
87999391
438335373
926341538
47249670
766826065
310459331
183600474
533471344
900835169
984933953
258862533
578215869
290272692
257783848
578383049
149273274
48147103
963234931
771389011
78807575
72304506
719203163
376213403
25088172
417814042
963152013
503702060
765883273
734146448
149692095
777177426
686446508
478883289
159392722
306884242
444749531
214497939
292179812
394476011
943042971
182499740
188073988
312612119
173206665
17515010
141709965
430214091
913491119
340616598
18160824
498270109
507329385
59012369
140500559
516195423
499508884
221628965
310071644
429247206
739055215
952556777
788523313
738490535
448753749
617863269
402349335
455037335
252932120
494770668
730304809
27243550
475338466
531182472
143139421
235343181
72174543
767657849
348068816
886179619
754376067
997318612
308167963
272823853
114212214
311759005
261327819
506215417
858926905
780033268
432363750
925940848
920982437
131918649
567342389
617356665
316413279
478302551
271049181
724606175
14964694
525747910
476586105
724221455
109716650
837484049
427029745
969894261
350074216
19145465
548558707
167150676
54793578
858355571
562213537
887296647
558888664
460980002
138440294
604288138
251231409
858833843
316723733
508695149
785295412
279223761
583464947
916449730
730626395
356833320
601051713
388074595
368325775
317402185
862174583
560662155
20856355
669394538
954285625
990135814
300389361
235992906
406615617
52762763
745722556
382876745
331278909
234777877
206561498
290993228
320016519
987056630
902422461
403119793
304398876
642231569
735491685
813446547
144747562
206617126
505146474
157833339
886741230
156041147
679336194
714934934
477696146
272692092
366195056
362739463
848421445
471444910
259959742
938433235
343675617
11886258
551315968
908593186
468187345
795703768
702645144
786009100
479164405
152932952
843255292
38953497
648616739
983298625
665357225
4203812
677865389
920238438
360478149
647868591
769612789
287194525
636513676
429875441
170265527
504690482
313201100
616467936
446303615
829163860
195025173
679558101
151054375
944494904
139376652
674353583
700745823
702808996
899250515
95052964
725333447
455353772
452949664
69599755
450865404
181764824
297404855
853319968
395366063
320815494
729536059
452562942
766739167
192659767
777755379
313721902
714840958
402348847
25456039
84597789
327101711
277006051
673138534
922834235
476459539
861556097
830607043
88228485
809252201
516314497
255456732
773930273
226612973
717485456
212507156
933983247
982946609
694662111
216290159
900762945
913921462
42038834
553268371
188293315
375692686
771804626
974592003
848222039
22749842
872846982
797013298
503676721
616763154
313754404
500343974
590536597
513169238
159152298
182537407
82729553
995060896
24514676
831539807
818120918
11322037
61665855
77685962
806037943
559167615
72487909
997856198
672324156
890710244
682527541
625918489
686586951
886313061
926950688
171471795
987745224
136700739
341192613
980928946
453680787
282381749
838586798
736651698
754691713
641416670
807509713
311044061
884626198
730027198
33691300
457928671
145280913
267331979
149196236
463115073
507769881
481460305
713888752
696611949
775924248
951610208
977973356
95357831
808293138
396847913
327020041
147997400
85627925
819656725
756564688
95743038
883379294
744971373
177143624
36262763
326599695
430103240
409882849
67638646
830635367
324153930
835375373
501072717
938330676
984782959
898968511
134670234
486093446
217577973
257407116
28933520
109199061
870655593
657989596
606349322
621563548
243789369
283815909
573410296
894331564
612203928
839801117
380837506
557625175
338457287
742463694
305083330
47047537
319574058
496575860
264429982
773284102
544806571
747026932
621118923
359358312
166011239
40413400
793096306
567183462
589871744
386017539
751537348
949656104
38075137
508046012
970346337
821605686
327361633
981548586
431323717
496992852
875154400
994694773
602240536
912954668
456635548
673666852
379598498
674598296
631088171
66670562
595497575
266164267
335014206
974432257
601484159
695045180
310756473
15485799
626713876
395272353
78663639
502979322
384354230
182344403
389101897
638869502
805302458
682127288
641018716
944581718
39699411
330007891
984693140
774907719
508724203
89727225
535738317
686497609
119011072
635169133
176817863
738344418
379822531
572572241
913194100
133567880
576467539
25102661
791144920
13382205
401372964
349462527
231401142
49774973
248077144
533953836
389662171
140319256
367470616
306634028
234783458
871485794
526342389
959294630
822479833
793874443
756910006
464134217
795566031
461808213
658054589
463810916
399816295
461315229
152866799
149163866
750553880
172138645
414881384
949663763
415173004
351771149
889868752
933665724
837805298
25978557
674691789
475599165
194214772
373036599
843776658
665148075
462081241
908993616
808890832
869363941
135305700
737710617
564497156
254156679
194797436
984503254
989173928
430705653
724002604
133219769
890763838
997809326
478305468
277672186
148967065
125334415
39109019
699524858
392403630
332002879
839183855
731762216
891204724
923658281
51260951
300949700
542760004
547183885
221212558
986322773
173960422
841920525
416833444
875453969
296034471
576696910
453092804
981801326
711603790
207459661
274747040
853040834
368959218
581100627
858310772
291495375
409794819
314715055
659677316
637470273
470799814
369880907
494284348
27492626
473747125
161252487
187438652
511619032
843365853
423823116
279613686
698697251
145733189
632613257
171016834
513556534
638972925
128093816
985525372
956154875
8622630
116999099
745184658
300625581
133655498
760008124
637804789
243104342
665236034
861002521
843990256
458172897
880897943
524127908
537051811
147395677
48193671
390229391
580331089
95612827
967748497
222628705
545249226
278357343
657054670
889336951
916004103
189242444
735151182
692144879
196176419
471836538
926143563
291118057
515653294
195245288
266212883
711613578
550152700
167504609
94186461
743711568
596827722
873950038
783352127
156679781
169132481
995964566
237549861
87536704
847890370
339355069
794593720
121501235
275945264
292620067
119355254
953836757
992310490
424444639
281724501
18710087
760474550
59818879
93792086
321612835
550028716
86753826
867998891
914573959
724704609
889217458
791886007
940325703
204388595
940390680
551904800
237671619
805323697
771246570
575561602
514924954
617113997
402942114
266323403
467444384
309403965
562284505
356497122
167850623
567818962
15512022
121514906
238102831
433765461
558982295
414702119
561758960
377185823
919224380
364213203
557043183
943284638
635815526
538531295
506677174
558762889
790923116
971336948
487853937
271875076
585329359
457214626
832907092
131069883
81791269
806249481
260484690
590175743
333367126
55091263
866988607
93446527
574848960
197275743
332455996
291891494
854061808
588786546
856955561
246627974
906541783
668577970
856541597
763269515
507316063
687285167
427171503
936075178
779850615
287317700
255509345
582153248
3289010
573663341
120843068
316134132
328677210
574538088
217190706
320807678
31066962
419622854
549396526
711534772
239873038
198616924
897867841
732578984
175375481
469998358
608668221
352422274
547369030
679004430
673710148
388292612
181838379
252367659
894920000
102973208
149190317
451280081
906167845
857395944
907517620
977861891
370803431
267113218
61788788
988583359
186694761
404085477
329009542
917536181
351326042
19314968
663244265
715536761
703850034
776668739
329873748
901467073
720912667
146173345
403643355
355831911
289222770
982285052
220605271
369815233
311849257
687186528
895498488
169018689
87246854
682543178
670546811
389953680
202230144
23181966
455783193
868312822
222191915
406506417
367989451
990612426
108135594
441576993
238134084
218219902
894697862
195066103
275672338
625125907
387639916
22383076
15104615
535857214
13930114
574516242
230161062
834295860
364911262
569892621
954931459
857919482
427109894
454387424
782991953
796843920
176544975
863678556
214780691
375320111
398391004
831498117
751713901
875501465
823305742
467619381
377319287
642837570
684811655
256061064
654603478
258606995
319421525
387938253
126273690
698402175
267886215
198798739
594033750
622018032
876306796
673525039
547300663
195519908
565415423
255090069
240760394
380961706
335510591
91825178
891071486
469524811
340259724
829148212
158564747
888530220
502448310
576182694
180881515
841915451
666207061
43035140
992239005
302265612
202111872
870793115
105583866
271168844
940739363
797488680
362129551
6897167
38077095
926309811
167182439
830900442
439579569
754303499
350362368
274730795
119748093
915066910
328387511
783364343
188526023
871644196
522321462
212673216
488968433
518696586
973464827
795609871
840883351
425411941
124752045
845146404
702964406
788789788
464161237
991152129
255182070
348995155
354758113
663216525
227390196
911275825
772694437
432589530
448679672
890823498
517389371
334636909
282653950
113006356
178463437
755239162
770209369
602331344
564998596
138099052
961664786
93699968
539607616
390040139
991710256
121087083
213668097
30325407
856378704
269171481
273641068
146562457
403395834
387681252
517038985
272987472
935787213
861154824
882752693
522538289
440750485
312575679
215172389
881938821
312924602
262039921
683585971
765729514
74848658
188684806
795275025
364429623
104705433
401329005
859228226
546614519
917814892
324874453
184986532
424653609
982231740
614912643
246973160
314299951
317860250
472069493
716785195
711111861
338212162
555215853
568070738
611363281
195983019
902734022
765376940
777013730
312042237
842689458
354509999
384209741
866843004
511583527
332665639
716482704
356023119
370593923
947276478
681048655
767217128
252805267
989252657
918611589
503654192
178733460
88457401
745134666
36815954
766244699
326151852
395559356
354380464
647881513
655063181
176481283
734467977
90493909
913522248
70708212
403832951
548214035
63946854
876368306
646176984
854603194
300687069
447544610
423154393
176835777
15343180
386958904
484818509
697667142
373674680
861267901
448865368
246297684
882657851
476787511
227753046
180129683
989084933
833001965
113754371
862201198
925405055
672647706
888589358
942890759
835739372
482419260
160087224
651500347
887457929
28391899
791830966
874286608
278574836
890390335
476245468
540782861
411981827
739658455
587694112
441815660
124450183
553279338
466453809
818706610
565786712
752011638
109142995
178134626
846523336
14084377
186068016
257017516
854574591
152316964
994129673
832398226
509379815
793487158
315356086
474293396
164575482
761198853
58681970
516782107
665734350
869791690
38409582
18396992
153141257
985551159
851966732
535326294
661855614
765645497
875542398
825053275
463150115
904972543
504596246
981317806
196120097
728212597
345276413
33328692
79914495
449777533
886875021
962705116
272202178
697894649
93825775
725190072
252355613
229299750
336121960
583778492
957837290
753109742
496226775
230317827
336706743
871314661
711025243
191915068
466906900
671483866
610740716
715232352
921316068
97229400
373138392
396184648
671008537
32756423
839609844
594219709
395206825
7048736
869515674
542787011
205709953
531892889
45117078
575605034
160488602
124339098
993084551
157127130
262569907
884349782
984042344
632224477
925120164
847180101
105741332
536792535
762934801
223971843
464684242
754568841
283176144
997483433
831889976
757642067
165159607
652759605
646307901
743553500
446645049
583247222
975019801
236246401
676926610
818986275
167586705
408493993
810434660
23156540
680781133
871522224
356086188
670728936
199280164
674307745
194952092
359678199
592098491
123624433
195512745
657293542
509783504
916034639
34032423
456637193
931106981
786920129
200197768
492256506
833948599
462622325
532124799
680999707
428964375
835581243
941230445
413546890
283519298
117695124
812045415
308891114
338563896
24935602
534201261
567367546
144591603
340007856
694784307
916299395
735104281
557063427
197347708
61659027
378712378
402878019
809966772
696968689
308806826
789426818
432601583
220822798
618147258
920173584
190150161
996063930
652246598
157160230
526075069
182210879
232191513
526486466
67251079
433764781
7320644
789633274
861856112
43839101
247852072
345057166
469044624
182829998
458836543
937701410
234344611
485603489
518199859
395261963
138308334
823044316
942205476
954617139
781758461
636743959
829548938
468162592
179013294
556126990
12691503
980239820
725943889
786260680
588940574
532856364
828067553
464030690
488762511
114190026
82589430
236761658
941297025
376121710
38310457
983659007
10311101
112298348
959837302
321183988
390714045
464344912
327450153
257513511
674242876
823174838
524614800
851905857
87825505
821984853
298657295
158061568
252628688
781023068
170751152
263598867
373279268
716528556
430723350
282998067
214047800
942561610
308308884
327867766
13613671
786750081
659516760
54389366
310057655
373493310
413428639
125404645
830553235
109705113
688797001
690477947
30429650
963932828
407237734
290005692
56406030
252895448
765653202
873257786
94727939
94396457
653172745
932920354
272963475
171562309
143443704
503586489
822687199
321310910
869119100
467668573
293584908
725957643
937040440
576874870
757221420
679056886
42111596
697052200
649788378
887654269
144581666
198149484
449384277
568046508
507616065
906819699
682549569
517173242
949327537
855444494
604009976
211548967
557369184
298676070
652787240
832307996
2162198
767633040
603891137
407450573
343464761
12367535
161838802
161715037
110346957
847330883
475914384
562332981
189362560
558089161
632565989
177164552
591861187
840363337
232708686
849683785
967226182
372770
184724516
624190053
825228826
738644941
504942713
320706722
935251859
843176041
506751437
318003157
587855754
451332380
302810564
351136291
414284513
226953754
710120713
791919368
470063152
500238986
19969431
517455922
134108983
965581655
90412239
961538362
395699477
593513990
320974378
207491985
773935893
34573659
668697716
864354862
205691133
806343869
407091579
200751816
189442690
107009283
355287463
81165600
744252235
187388771
804814318
679906857
795739562
806384353
662022451
846950281
220712133
594053190
325130592
253773716
465309337
696875049
381687239
535898157
817299428
764779193
651049886
377413780
697541717
850069175
403140158
477357015
126815743
379779827
761656372
111353861
67356094
620383899
356831795
64978133
15018992
719312745
35116690
347880247
564545634
936340307
264627088
232024971
724236957
163702358
166867318
158581151
600883159
68789348
877677777
374187578
976716663
766384914
348518948
666159969
165051622
9308245
123830432
638659944
982814552
155751148
342924985
277284713
27453956
46523313
53400464
818250024
308367423
961060383
17616832
723109271
245697417
411027894
503482819
731669582
33106154
997753278
620312191
841502511
496075426
265471137
700323643
671458849
807950949
462361265
261131881
300437508
25357385
912462395
62770748
779397835
624417186
651255595
156876143
746495892
804881894
524781231
963203127
379258031
941768245
267969919
657464337
35286982
906877833
330750006
73220797
786910205
522626466
49386234
507613667
177477447
556731667
624269020
677398890
415118588
848205866
103102282
619124799
961694134
929014564
804399492
991997831
841994712
249693393
752765058
399129879
113593109
919905492
619238976
91018558
723174626
59523409
564063995
210603277
412069482
171189622
922847461
540653679
402442985
622276928
945019401
498068731
919153087
824111224
859943756
563198772
196643266
48296559
13244991
756543575
698467223
252329746
301066138
12334288
519459772
569717094
34087830
1519213
552341818
156507410
752000673
93924951
603943372
61656692
113197215
559596663
672434471
304833058
222216553
596697938
474126952
556060547
359021648
303683705
299844401
470504913
756667509
347988286
56828490
635682932
354561937
117534257
763142667
641826119
270116336
992468331
397852682
214640774
191574924
949906258
825465313
44660137
20493712
488004770
765953366
797620378
113632990
319455267
153441297
712706497
347032082
640494439
173733306
718586901
644855877
394304421
132716479
122741508
869538433
17521665
341825966
193741436
192144724
238494221
522988742
282981891
944667868
709236747
189216585
694694386
574311375
757765209
927041578
238138251
515653813
137146010
215976704
194452922
690117277
722836726
376941901
702690456
619755446
681075300
510245585
383383281
713633912
831477827
898602988
503918247
113088134
208169754
361746802
674466310
573765917
102397849
627153706
56873776
886270962
370115647
701755812
696291692
62291160
865927463
61746536
809528905
51207218
279598934
423539635
284357254
543050897
16117269
543531092
220306641
413573942
353058102
789613491
490176533
355406180
568140189
226832600
765084574
928393161
614325811
790177218
167844732
233464051
878362312
275440401
692488546
654266449
623513080
646296508
256283269
146303128
482624993
688356478
652902216
676054139
814809765
252612795
934235166
33619524
88421378
422277810
924115218
820178337
674602551
391766335
895977105
278280805
80731034
412040874
592419768
144985715
525298179
663237379
843557889
468005232
67821872
655193485
427239215
501991446
214700207
114977555
320423703
585539723
713184070
765133481
563349674
698321111
34975950
99608187
881518429
362047731
597635627
150200698
726343894
518996355
943330007
791020776
658171745
408758936
859649349
313315928
686200230
253840554
948165482
151066811
201423419
517249834
799173618
228597283
953723097
408210850
502277454
83163158
584750252
536754715
881218838
662465176
832765973
202361762
932048986
275365354
733342840
763858106
306700851
19649381
500632701
943324852
48096207
953376301
708183209
270259821
504880728
919550597
689449399
785043208
227225876
496810464
49972229
865316560
717110224
589048116
85558467
88365751
75242808
973424830
254413150
81200955
624255105
3733306
439400510
683865091
215635996
288453461
614640955
776214474
805219264
69580735
792521749
109242693
624889236
686313478
233391716
568830939
716072653
35899271
14153543
2924150
677008853
835490150
245509427
877821377
101588119
803342808
900776958
536743543
278275271
449414346
732884935
130986582
837584297
880402372
442915528
845016144
338804589
901027842
251283560
383015714
504339836
868817649
521609958
506757357
722507248
18500437
504563583
764141577
884766514
285290719
176300268
640448162
559405563
635858473
477882195
754394773
386907323
961160034
807412993
216211683
5461281
189422
741000651
314804687
933425101
655084730
416852358
3839072
417304572
567840880
528671393
677171696
147575104
521420235
818487934
769325364
720215122
751273820
736928069
939997406
754848433
433297513
387629271
945815966
994519693
657519084
281914917
707725373
393173745
963525144
433462524
867391354
128755136
187084301
294858561
425012719
552443382
372398893
47584976
388373945
126509577
806624246
792600476
170214972
993411590
917576316
955918176
470770628
447345796
279419464
727104700
122035176
676104893
143725521
852490972
82492374
289109958
392093678
782278605
433175351
409112110
836134676
552161986
754514962
283968747
162778718
973321569
877172653
117648909
585925845
75666690
809256398
939028200
855641110
311850551
961668032
193809320
952970070
175074107
75183792
482608648
641923362
745454240
576864602
753798807
230940173
899810144
662719643
896231585
558247352
402684730
48547534
678882146
102740126
963465334
453811437
579728333
833903266
239823728
882329896
553880137
352278269
917165853
658813849
501302330
279354263
25210952
743276803
538508978
610098025
339020436
389104750
351125106
923988820
330220062
527609342
523854952
57863214
354074975
41100482
459952911
725720372
872189728
119775333
909871613
441829554
323895270
978546574
447878759
918944441
895092884
273828513
31187271
4278295
643947495
448201558
796162197
276168214
864637563
913170379
318602400
121869706
856695362
436397519
235644436
791475876
38489119
596825049
962056883
859602691
186434376
885677647
228670947
647629205
904689885
792093453
513456105
512797314
198498863
71083466
123880945
308971851
690249482
43092362
111735526
358756134
56089674
611528827
600516179
737391134
755846940
194712042
803246121
183465225
419679045
777020581
576555844
529968786
859944808
839222142
517387168
817500021
559500782
449747646
444222538
780864524
773645417
711425842
369378402
272382379
142000455
855350304
228693452
262217208
919601416
407325540
942566943
747318175
647334905
478033078
926620323
466838810
409093292
89598413
252599349
294037799
301304200
611248195
393862671
725712053
114184444
3233766
803244498
925319631
483952371
821609750
289569535
283691315
100845377
331847134
652289593
600731599
941483501
719088153
538610007
871605576
845933639
998230145
412650513
965807381
26441345
980713615
945307652
290638500
392007564
244490390
675093671
555421007
522131105
232631252
140759665
117010312
79318221
497709316
307623622
529747292
543203535
257033003
494553478
123617606
325955045
184105318
318323121
260762257
9000690
618705892
205780283
38857191
939338343
969238816
882290588
937887499
877492079
725478486
926864018
170394445
867889039
974346226
652969667
730691539
719213926
582804026
363141382
846293980
15619285
116122319
22203380
233423732
366616769
45452079
920835642
505467725
920105309
890169615
185824055
6407907
720323128
610259806
223482239
458784242
204815591
445056926
724043408
109138582
377406716
146031014
774999135
924272166
600793123
886459049
7089905
857493684
756579041
69774615
666019459
758651541
45672070
277910405
287020440
372567124
275444011
337774222
576641574
215105514
715351323
877931103
626763864
452112623
815703785
337270832
147010749
800412113
407417333
139845125
582276893
213775778
281405843
317175088
502013410
551436259
234207935
345853000
79380849
73583030
429641431
960815921
59904678
841765538
210357129
395198893
124666009
897315352
928408038
427403985
130931258
282836669
62374091
161874032
848602237
14568510
934387896
174069464
252636592
870126704
955420540
231172247
383856495
575833476
663698045
512693550
586031004
188787956
252160500
149515415
639377785
107119707
494417563
430230971
820807497
262819174
191203958
193412201
484751592
269539224
2859326
257242155
546416723
803398065
954559015
451293503
250662149
406614508
862326963
573781419
429519346
678586975
39111162
309751517
955992001
706976481
119391424
791968894
893360434
293064405
107264266
217060281
41203116
793855759
311795160
225614326
268637032
609586869
840067777
313228024
478728071
756490662
105634384
818474262
833992725
134517095
988202609
795074728
442962331
415116412
601288252
813303906
485981520
569737282
987132532
727284022
989233760
583346133
710557462
814823613
76889375
706880163
769379841
982418795
633870847
69992973
68540905
152562894
856590560
129734016
847295830
647483743
919733928
523669644
515351945
792380567
581544176
56294680
295034225
135611429
929746550
181827033
61085135
159052728
657513698
676564592
123665392
623761716
464295310
125556345
450127872
758713232
784155637
674343486
408658675
131318403
115731551
487191527
421085881
329808772
224664308
851331840
349622034
620810020
968623434
852441810
804461051
730396150
911142500
532443719
918474914
141088795
21761605
646140891
434155306
194606683
767983965
544502308
791325631
770739030
863419522
394692035
471378910
28283017
845624284
956728643
834743988
902069527
509475710
678493680
351119277
39556960
646604432
840125339
135739325
947545504
212339777
487855418
860153196
288331219
306511930
17159018
708511173
397158086
678590705
227244774
382459261
875215453
643017033
103899881
898864914
279048625
22034450
25160216
561602181
909779723
460192879
783418234
384724123
900130861
346231672
68780773
547943644
985192865
882775836
373269463
456817680
148761902
587316679
418352964
251678732
303331427
921960773
22021125
92780111
937706898
2241651
424200380
116895600
225386708
499419506
393897866
830088073
517838140
833661812
123717264
311872127
399142385
703817209
684628339
991616982
379970668
320896683
765551398
170562777
331664623
617123962
652276141
106174859
271917907
395237860
542836353
72117154
564624819
451116274
693977545
161062084
267862712
539987420
410954661
106212768
478300048
391971679
717818069
92822698
923429077
628251768
680745372
215104736
336247837
974120819
464824670
78476703
143707789
848898211
321965028
734864865
177947877
718208243
252964387
262222352
33766694
316894340
421968070
267267685
722951700
236108477
535034328
536337185
87036688
31873228
965175307
376991316
31569524
836007111
717122047
304675366
989856577
199784622
744003836
543407860
219284667
988779933
358957607
199327173
720967834
121687164
492399786
932330593
381356535
818101189
895478928
887510691
98426557
598675769
81695643
683939052
470793723
716471898
247277584
349421942
13238101
461504821
472458350
619105848
799031129
110444333
334778558
757309142
602624510
484265407
870942392
647514704
387304504
564139416
390491462
752565639
189307833
776006481
696863286
343736103
73883981
931662964
562914402
966810045
72293189
904985920
612448852
922226874
699224931
617939870
573719725
499328573
149382154
638991447
414729096
990181156
590354773
853529476
783393797
869675737
571785878
65220930
799952224
900999984
986732766
85941679
996151024
442101762
450997819
555760590
932339104
731585806
523591501
313008093
793664223
637571079
764595065
511085581
915436555
901655551
957638125
158495033
589567309
92980559
829825175
205031177
133323791
713100295
937921000
956604634
419642445
920868412
360539725
280261809
17820743
907224357
844591727
680051132
654732418
687204799
192158289
895394695
71432248
104515436
244810566
302383586
608344067
644440162
892110369
649852383
750899138
407593174
227255345
55196420
808810704
576448119
163226679
74072259
769647596
759119475
650737036
89360352
659456059
613621536
745216667
120850222
605342950
279048446
847082108
949831448
542091043
162458836
807917775
785773554
179490307
207538543
88519597
449235576
214573843
54868414
191135724
869941871
25617049
480640643
693908509
228892844
767862968
538483386
437165559
433278543
448383420
931804485
241857402
609746628
616143031
520394003
509309632
208700446
747594458
273035337
141996821
261714275
863411831
44394409
466174396
951368056
981409188
381956149
599852553
980114776
944226585
278763223
710491726
739557424
782957363
61064227
872526096
286088506
801565220
926763265
638422005
931833947
717952599
867187498
524057750
697335386
126605737
118626404
722705640
965285616
982157690
517922448
563168709
909256571
280340537
751632830
446594444
259715316
237569962
295366536
886056747
233977914
826886410
554255336
918099424
587368507
428685896
399694365
699017282
838039639
63598682
247534243
344634902
684102345
35792800
998091666
208553709
513673310
293963181
129653837
543309910
563601696
874070407
634058074
279493715
941517493
776251596
115413052
819201853
331993559
22646111
968891961
975064457
42339749
90030616
985713891
664367297
154352166
206684843
421208435
706714061
68992168
296693413
279834073
154223857
515808233
741843597
680697131
957483552
313474631
8916223
941149830
671598896
476327770
729743919
83470759
87293733
511265257
601201857
951504185
612359298
584240670
174522620
56383017
619432438
416124536
400772080
881553430
225745070
765190336
199426196
91244346
740815165
217966341
176108632
343640388
683216848
337725068
482489839
500433453
225274328
444026609
711862353
682922414
337115875
645122563
228529833
379317567
130094743
528299933
827845348
97164529
747848089
644768688
265054299
808376047
21579548
625613267
828244791
508651173
705302383
930571351
129638236
746797726
498145029
280163733
914356237
475391961
595395627
92376161
529015359
567844041
980260398
525122551
683381476
631884314
596432015
325060740
75066130
602715903
769755300
57092990
696552393
430328251
444084529
928294385
517835013
499509286
36439880
23789005
654808337
767088559
499500371
661438873
541539325
145554520
860144909
987596256
341720730
573531979
100813698
213921171
573310883
3051424
234727485
426502407
662346744
432081450
280164877
297037310
420408429
967984963
495141429
74262184
196232292
559094258
502833194
251054527
754222569
472455510
233836586
848538907
304655493
676776039
103202428
276676568
519434163
740556238
595009288
268620786
259966970
529444074
855895922
836647497
618174443
849727761
871363686
106923808
943615506
239727714
88499912
851618028
565140824
645103282
642427866
74951469
297381783
243655524
725368237
963539174
671555420
670644352
838729325
280299870
950356808
214077478
997980221
411991417
834164377
30339973
614761047
171387254
206352226
652509732
515437330
60379641
632539321
135738737
279745245
428952928
309026551
918016176
943425404
837114952
757609633
64240060
153134490
374591565
600530417
711551015
302744108
53225618
355615804
111915886
470308126
876923012
525490550
346981291
416664801
547409123
626743143
617633120
360050849
571704080
59388080
163441148
134366483
2870157
564800104
502285885
244964940
595446598
242282237
375366171
54589593
171461912
168979761
324924188
749195347
441515838
737347969
540643963
790018500
629732362
118421952
58167483
626543328
586071351
841647788
357052199
825186738
277170969
125909783
441216955
726192642
321593647
715887699
590316078
526198099
884836544
127325634
126164043
44095072
208174294
159354884
572155203
776021438
808105509
982400421
120763602
329136957
208057281
826975944
215275791
607369524
875627147
632514137
798821792
899824563
531053400
470282394
891099961
424256235
831325184
143444382
723263222
149637414
401738312
613165001
648645393
229429957
546688108
247717721
600002390
753404441
120828500
827708982
831652587
353198954
864718431
460523570
392730594
804265269
446942113
872698000
777245200
969194432
16375230
150150976
605483433
495174809
18830838
70726450
196169686
361636552
397315368
102098009
619113585
367854201
279270160
450547116
266283301
813623612
570248312
659118513
729579770
589328353
745194686
663328886
840204634
158641758
991819823
828383135
719166269
282161896
493304276
830309618
993524421
379238205
815353390
334940516
784243172
799231175
417986649
987277860
876653195
42664126
848768065
670786800
714451277
173677100
679374050
674358767
944662502
886518250
253260528
788451548
718338978
256300654
433714757
30048700
917358081
333201463
416312464
177131372
797017952
8665792
774464651
451108935
624305133
775046634
694698523
688286521
270208433
882332463
856406276
341606000
813835360
168107697
780677720
291526712
307587932
796724482
204701417
841637214
204018041
474952019
708641663
687937516
737229084
239788369
876358143
180516817
53605829
461176660
808257042
590152938
919287188
858633138
419449016
630853419
191025165
154681760
868354458
401779098
718169403
929067416
768974142
397468380
324712929
512029769
491361112
273157345
701317593
173859396
833441975
52264107
106849496
717470272
763507433
576581667
79217457
992271818
927153245
193983262
793377996
747548371
774033989
12738887
797337316
904743141
39154177
458199449
431040974
391196180
12182202
407175324
745044826
952465712
596844621
100350894
307217762
798178732
569225261
738210999
392102428
141472393
327036369
652192687
137748765
42987794
325217966
94722191
157370432
27899610
956746207
674537838
554626835
804723166
567724902
556955814
638552959
922215706
598469996
722379357
390575607
545809006
68602154
368954521
832834526
797088221
781529563
863609688
206068539
656424948
640140391
921921209
413391099
544094065
828949369
821433990
365623717
272284587
346439601
987935965
318043117
866875136
432855910
816744523
848471000
988575465
379709553
33358965
87694471
590663655
167831079
251372055
99566688
126037872
214489302
754631895
911822313
977430571
142753476
166307527
647908503
235302412
59854067
275752693
423940990
991349683
541985226
55615021
783726673
837155907
863337762
145160236
981995443
981999716
629591131
46878133
448000864
23348001
661018039
166356832
636509827
166860472
561657846
291017141
416345309
660782535
115630575
688299605
380747096
927939007
239099681
627137954
275045118
304699095
459842814
641352861
9187023
143452170
743810440
230328905
28440268
652965317
104657099
957066983
686154187
854591628
972098894
934386752
206905681
772394352
752909434
862759936
448840869
384757583
987042868
995191654
867134020
431221141
480983323
954995622
114230849
963864105
496837113
761080910
264844070
746346767
74937579
759644282
994323257
170743872
500614915
702750792
493627345
725489966
978735839
343400296
689600127
264367068
969478021
631328094
208077602
445438146
169400191
369441151
950755371
893589556
201896117
511918432
792368579
393913851
68092356
736888447
585135299
980201333
320474036
102173423
359776593
135109639
426062274
9009336
648568975
307469084
285076892
526619649
345423466
566066686
549453047
795898761
216222516
75558445
696705056
887820771
257311929
384327061
561711975
601034540
835539343
917642731
635805379
116671766
210301363
708269744
995058908
287421273
20380423
321502462
968366818
573120140
336024917
187060367
272673077
441114890
810555031
36455899
229897724
901469873
661468185
686331194
618227626
861312357
234366363
757552536
48979782
635706470
874222117
695246128
140075702
550084110
182284578
829413290
197055766
610046767
35469909
873690345
312043753
345398750
415569395
749165663
621594252
698625843
383521018
102272929
834027739
281539237
325529135
806485006
192900467
901997660
791038996
274118725
356754781
545747835
385785424
100453470
127203800
778446532
170153161
991185273
501658839
786705376
317059948
61664984
113889800
311968752
448470856
495325508
330722047
315044745
625922775
518352343
850340651
76651884
622803573
853709418
377715180
874847606
42873292
604251022
576408257
933559424
70583430
584612949
935087252
178022287
170694140
231028386
474269790
805997738
516606280
179883877
467387269
389975630
746232229
281047122
432125691
45490674
745782405
368637593
862697236
240988237
201604569
152234401
528023048
765226809
601692051
180353333
340537901
778697469
181949553
810587461
46685785
277069429
222275738
334501050
209960326
889194972
370247154
475452486
1610600
284275943
320823252
112052326
940766390
155211531
64778662
425604636
451213024
828461778
881929399
735701243
27658977
679888623
172346612
779413211
551317149
703806360
29684624
422463921
927283554
836726335
649505398
457756745
163535605
151814045
573374469
577642228
771351461
647286005
946444359
646452307
102401038
233414297
646947988
265547839
892300644
650848211
728533766
588707228
676217189
47742138
504308227
101259766
484883628
183120494
292560947
271093011
313075975
460454700
892136683
95433097
24013835
673330266
564017166
29095149
917960567
185436497
177998927
126833385
595692233
776348025
428266291
521534752
318391120
583054106
396149571
856148791
904611731
321427819
715546054
768711951
152158040
944167407
478133582
466335615
971567173
703604736
687904228
230273608
200156681
364211075
943479513
547349695
215903927
121389147
601960064
838862200
513521146
623264127
14862600
103533663
355121844
72508078
820662762
117997785
459158089
720556864
136733909
224047045
55221001
557873318
927401729
486262810
1791901
141032274
413300650
757915773
182659100
10732218
448828932
327406196
933492355
828513321
848255094
441821957
80755944
838969977
739603923
350912334
40403720
227863444
673496989
237491405
704371989
738166477
285216716
424486640
375116292
788574853
104796913
816010348
824843879
127056165
421460481
771143523
567868667
639382388
193052767
463404723
971234246
234948645
686260
669927625
177789332
989251963
159916323
84022419
224333484
730839519
221433100
398716490
642095612
515496814
765141744
970284211
30741810
499248951
536171825
714804218
67371139
512412517
552860433
686695241
202593780
844938032
14524842
359344056
504853703
224684142
225600316
140933935
342631118
425819132
780974551
348743631
914405048
775126862
724774781
363837806
12745209
941080849
673151348
980137282
627325723
541066554
582893150
774296820
882196384
161539188
441095839
131502663
54891824
494369483
156433075
684360898
258718623
931344092
71782414
690110331
815817739
887113120
88475527
846709302
662811227
965460799
839815600
692719619
190513445
901047400
774441632
242715282
100213096
247598247
613599474
356652247
487708229
801888196
764200780
674528039
27536298
540806552
213337691
691029627
474490132
385023750
759262723
869647938
502399453
832499477
928466874
519175780
565081001
985585231
210375402
895903968
224339466
579897098
604068510
908973333
140499363
492664549
301898220
554470966
137415420
515491092
749780369
74760781
375745683
183369467
20525966
479119283
677993317
837343320
508275777
391820251
314688685
741342202
406827722
818868451
731093645
997773889
942750570
391188312
414276296
914926918
804153502
602069222
131998833
934842905
972439083
652606343
840478105
718121164
463525573
171407678
553249232
320745960
647342971
266644166
895997016
407456379
360325258
384473125
911420251
268972500
174677081
967896122
143131824
249954281
606240423
938208078
212432328
439301179
144645953
222692698
197526611
505659286
995281585
461029978
469340302
222572984
442296111
551364059
825015123
374517805
547905193
149536335
398741159
725004992
860138223
526445361
900271868
901488755
943811256
869025215
889975914
893167586
492767380
289706170
886212322
676255952
186055599
280731051
712108588
138357392
97178948
309519221
587217417
168385929
403887236
92513607
898560403
648868401
84981145
855311479
487598229
882433054
657666077
386379773
94649340
262575569
109428610
25646929
879929941
141309342
372680975
922832112
124194528
58593065
568849428
197413894
682943121
520252627
27698038
706487198
821582813
495659055
987425137
342737926
536002460
909283391
121476967
658574244
417959493
897752661
279900876
206097841
185618889
635843637
58694725
49025065
358478061
125082806
490887272
320640928
845212373
810274471
841771410
671706112
902552468
829266037
829320807
540337212
951933835
626605814
971985158
977036970
677297330
132874952
912248481
743559761
267448183
652380406
625982224
510363597
392743576
451499256
266780637
109578107
125660381
934954354
958726779
836327730
554650952
91970532
163413523
683950279
359759944
155511501
104658461
218672043
50979249
875748849
682083488
248065463
386143269
228859338
198657289
929333461
527138670
419073776
657646456
608676663
117888400
462286269
499739949
245048232
392400761
497811047
538503300
265861577
681689469
673974320
18998249
952197762
517478446
109743218
163943177
823207385
812120690
481182698
809830355
840503992
215598418
173536663
860156447
953621851
381190930
513512666
30049273
716861041
677064089
275048623
163505035
939175830
703985365
25624255
770571638
687313054
424040142
947203120
273767732
386680754
681500665
864991415
509485360
783810967
900417344
591610904
282677751
115753829
622320346
103173263
550375718
317538871
7375483
153165003
906932376
204013524
668140060
486583858
470577347
118562638
46781371
353603608
904228558
613245
327079876
580427155
352076903
582531123
812823502
762648434
163529168
51987360
616771165
376277431
980092870
592775579
479790603
200151550
561045396
210185127
219467238
71747842
574249512
757012773
413029652
243849522
206667891
622400444
404666386
642848806
971841157
503528491
627243271
577193767
59854364
437899858
959993067
638853195
1055880
417832552
388801467
656821190
724330414
692755432
733901370
570660161
515070310
908330613
107215260
616484140
786769478
907147603
418260919
977360627
434710738
107285500
222991489
964035818
373370572
809607967
729208676
240562348
896484508
176451781
835931865
854587196
899438721
589856113
967307532
215005751
123054910
759809806
311002305
127043764
624907166
553110273
338520536
527428492
195884232
677460345
42475983
302413056
187899796
237145681
617710473
369519312
43472001
562282953
236803006
375377231
414122664
289615993
705886402
858369564
194065841
774410368
697434870
549331802
455092069
629433247
432871106
854030548
594515661
416167785
806196760
496853638
693050538
357884410
619046287
249890484
576122541
62047360
444803631
204760174
855745966
870350384
318086385
256660502
388666819
229527636
891766334
749799394
314272478
617686685
677099023
778642534
478699123
803241271
626055402
892005384
732246864
990591036
384792638
402563828
971265725
772349609
525884575
336181762
580540098
597247326
520541510
485188009
866483251
581163546
968029537
928174523
328092850
887030525
824213457
196731352
311763165
24848851
410661523
413504252
245295178
828273679
48151490
879704800
986769390
526407312
259250852
753023972
167245596
718585096
630126292
176808611
135387116
316224810
44402640
609469936
131156748
307283835
349813213
538478617
801009219
495031384
806617761
111833501
634461002
236524316
935085099
239788284
987955282
577927425
883175097
663556397
505017519
964800912
589008462
286324897
365842972
668821705
430145416
383866296
200015029
298008725
129687231
572322540
715481451
672169206
705123895
706253555
709069143
258930760
110104052
576830244
799755679
274538906
421962801
466064166
199542043
646431320
88382095
186472927
110609985
23521108
869756392
599344944
831775471
208816088
247511924
831504741
908538996
42350300
249463578
511927277
458850144
734849879
502201421
341014852
359985022
564471121
112054237
686239226
790705823
25476637
105158612
867465858
479444262
791406711
349676097
884352947
933939448
674126399
769434262
261193505
824935263
553321685
510018254
927744310
527046683
958428057
756005632
887715949
362379591
893244092
88259856
516557361
512477938
472939610
544424117
437135855
507252139
893099450
481101674
781107735
681960071
384906508
704194600
797622247
984509532
61689434
628672343
274948406
273198700
911736327
406670845
755920016
350012780
925918902
656281185
583948363
305623447
157622746
796167305
321524479
161801353
364985535
83438561
413395338
846149521
829160414
114920112
6300739
117863175
675186238
675043830
817158676
798764774
591800367
60216328
912260488
741111270
162436993
710950323
630933821
614366284
883703446
820169270
651675206
670422978
7139990
826021447
69841001
97788747
526478827
54624260
287794660
679826669
802201020
361572612
302173630
643351519
685407799
977321922
974009764
504440041
565343285
220249387
111986630
237258375
34345884
362220222
373735357
181798102
615302780
666452610
949401869
174107222
224814060
595268288
36044331
264038228
531705358
319618159
271890782
781319278
203140078
278129533
994651535
752659211
302868745
962884238
972387128
166006928
617075976
297540141
614449585
913286580
173146365
758800458
133140895
797305779
208186816
459816219
318585712
967227918
768785366
485857150
226017155
34917024
897716785
729309766
595809599
237794307
357524504
712838250
229220132
78493793
857418466
115796202
723399200
713353108
944540998
969959748
109794267
620272269
289051114
105529241
43723948
459425063
699635918
374386551
369828461
553417043
370238037
559303402
347774742
567043517
936446133
181509873
291401051
871590433
601738500
131296477
427985984
372684095
190742755
104046847
701046176
290095987
439904709
859651123
487245294
59705546
407945442
72742188
993574293
334368334
828930936
700753208
476797721
79974670
854664613
208045096
706939891
710905204
605591100
418861154
915431401
2732062
378461968
241413562
458891185
643554086
301709822
136202691
227025190
162832188
311582034
398478397
904433299
274333324
441526980
278585117
779630666
377483433
432622342
491583356
248476133
937355231
730425930
758448816
139342241
15326323
454132315
417769106
238294946
527509324
107858076
234565319
188813662
62837754
522970408
41195252
775051721
926240661
874221389
26201118
368190159
478326203
654120836
908597314
135478658
707612108
775510748
991422532
428337553
405166247
571719293
248589960
609158155
689027900
254242422
916034512
537834670
4131830
286672172
346450451
802919220
605434875
897134072
311072706
417617023
847483204
713088944
769491688
677159432
514870542
914282164
127536705
963826333
422127299
195284740
809962502
151849141
252741893
617891189
960053795
217953099
991662239
924030596
648596058
136809769
719574619
732625349
518132909
11625231
169746936
78382457
252161600
98573748
630462231
499689855
8287894
72585699
936393271
216434225
968994798
529162313
528538166
289094751
548123809
619448341
415469883
205449434
964888634
9691658
571272497
374898885
986017393
269699719
424185427
128680217
918263830
264022613
733221146
158489970
172078851
540745466
912169607
327278353
666596752
173155711
648073184
729180483
173300247
429567423
137204639
162959380
709247223
491619080
806465514
283519948
621954349
161478756
855658840
520155814
396338895
763646421
856378943
273645830
27305025
514067449
542383507
952961601
9146245
685555880
124101877
364286420
939189984
439062718
203386752
938471748
405668546
295235273
215619974
480439717
424349069
495766513
190378195
54458277
764250085
934057954
838869977
900052490
988577469
905569213
45021518
232215230
893678076
20480846
390156923
431235391
663617406
686653654
886803585
890309329
389794821
183654674
413655957
508764341
258343831
494249810
849911224
493718446
556561379
740899251
476933257
595013370
150272650
831399721
550789266
41981868
384838249
344965494
840879208
261619947
707102669
685752490
263258948
810637775
397746171
23742754
807632913
833784817
785271226
313435373
741345956
494105025
761088020
938099570
602352017
527573894
340874145
949143621
122799073
547019919
795968403
403880197
233050452
255335963
577394331
573165823
757216500
597673866
252567814
407536121
172270718
911981436
685633860
170471539
317439984
539500588
908245234
625877010
367115873
804328940
579904851
344816421
929723294
46485
905881294
219725627
532011376
670618716
119608775
547707515
622087883
512130111
489381646
579792856
476388432
797384531
823762902
995716075
403902726
761014026
164062189
969915002
726085382
851818006
645817768
336537844
674894333
973523048
69164437
309024325
843856699
351600465
854617359
7657617
709088351
53425108
65206655
560628865
517157303
866574766
336132449
652708377
925691958
692423808
578912964
515888368
43728844
807210343
13442656
567116755
699217525
88750462
837134375
412076583
554896550
820754414
531930339
779765764
365832425
993601111
859047161
664313036
160672910
63567886
746334666
652319588
517780556
857291856
433652236
521777168
397644499
909705126
275273622
28622363
39991132
696329822
681783010
728816585
875629872
738310213
514867043
888411811
847594954
45892780
753452250
390073756
758034829
702098017
901537835
181271780
773534902
662935196
2088986
891976818
598032050
331785572
861603954
537742980
91130721
646561781
124119633
414428440
271105694
291423918
49060548
235425868
125989790
376122069
394136345
393823885
365939504
899126557
642505453
247203539
671830990
794994239
849953552
274095444
251293053
930442544
295135455
410561024
295997446
267119603
356375507
428808182
868259647
339424093
499700518
410314913
805766824
519079450
804049470
178917417
739289491
905081450
300778913
3817965
827457949
900230715
865753144
544979563
704607122
929655887
450661010
146537219
674316821
418678600
812647450
145698180
110935086
214736745
226992486
775897287
864758878
289179715
541383078
325792118
262707963
827418104
290671459
658849533
480765026
637043508
282722818
521465045
471053140
982391475
310694321
41633986
637773641
236897714
498404732
662579563
907731166
862831430
294106571
875894418
398282274
672219356
857278224
385100034
629516045
696852782
541752820
42618567
507792932
378977833
292705598
695716803
275357295
504195386
548229638
870501543
531958566
871702227
767068347
713063040
811864044
422061279
232808383
646964637
971131093
211253928
10346574
573511469
210824389
558148325
389515415
929410380
418769925
35320015
208872447
530559553
645171769
749092129
659509847
824051547
724563983
119051996
99250801
682458531
860878312
927167128
833871633
686943939
756864628
305158301
154688587
241865216
897090942
468837948
733567337
670598353
292701450
17357190
103452610
64471277
567770918
94588286
387468867
746219002
607236884
191352777
632464818
968895803
847369072
415709893
344169925
111994534
377937239
17885271
13109072
554123991
77154136
814014649
274860540
728798274
781862352
22248809
343358952
58054772
255963310
625181366
446169164
162450275
116457402
965916331
894459722
214893338
79034414
543985298
187288790
361286854
347549238
61479046
592993222
166708269
81583841
596820054
770991086
14709886
772265710
474757554
701488534
364678382
478935338
438183549
908286166
88882888
470077402
520446883
562624978
337657382
909853060
57642366
401424380
784442913
264220274
122179669
843581565
825955315
10638232
242252571
883662456
984395844
62060706
306479099
822408524
445210001
617802079
225273379
843047586
301161906
67125748
768980210
741411013
775202367
701603548
137019942
774613515
902117191
705107056
480392409
83417338
361439622
509983659
945411219
144168941
694141691
710783475
355205938
587355197
221163773
106978621
449908545
119276355
769846842
610899659
627294007
660013124
953069259
447130010
961163362
770191924
795176976
678952010
331615680
670176539
769738260
715398087
649127896
919525226
190183893
112741935
695037201
129649436
229508330
338204958
327669350
932704592
184156952
255307537
849861644
355255415
580984988
259344898
610424455
389329072
877751369
58438612
61057278
585906114
937221235
244407256
322228873
224814879
403279723
540127493
908000
936832151
367310425
808565002
586009493
584265421
886216631
66019676
547375281
836500827
38252118
339718502
762974383
976194785
24365266
514545846
749435819
839373316
26658000
894668626
588608786
863103341
482102569
510152900
271977800
589848423
455040906
793635347
809828603
914108584
753934216
420355344
34775632
183969323
729144660
358750158
27731176
565845875
23406107
315903966
114497500
440709972
894766996
809476673
582678425
799628441
393824060
856533054
181999437
933262980
121120906
976985800
140732710
655391224
925700229
355849869
900344728
334840687
873274077
935498968
598518217
754360918
874877081
703081571
204480857
297325238
347258213
667585682
973312614
202073008
599398220
486570621
268935719
613390875
437249603
448281847
689481127
693686544
265496258
371452440
822112851
687710548
246832775
779909904
986662207
262415816
327982921
57320539
970479702
904934223
626337934
790805345
360242756
340667297
224055622
740029250
191891084
3588945
255938613
846031377
533620084
553398896
540057128
285111707
956022604
632305054
787858016
800994048
532812739
771258302
191231788
855380869
965013401
805771913
773171803
860795181
781856145
37878191
657537447
432697567
983053718
200141783
722144996
581870682
565744911
414089573
713806058
954513791
120114057
500162238
553643543
709234532
246120346
619705212
669148017
282071159
982423179
334871825
946429751
538514766
933365580
768382327
880779646
178258159
664952180
715845229
861365048
995922652
461844051
988991373
894895917
275234100
591803686
688506643
648951454
598240937
526756457
255255460
90590475
6574273
2726977
39698561
340129421
923927087
909045906
579086202
430372638
447528474
839794759
168350380
739128998
36004036
713533641
231440752
235961758
827402388
298222029
880795555
233334411
878966957
228073552
274708113
795456854
104484559
234305554
226981848
382809354
677006708
487363267
899011582
227790011
759733577
124744820
257653457
622401966
147891902
430621728
896619650
796745951
880347188
390597046
493916592
222931569
644652713
739779561
290153156
334338628
196320288
841587914
652694559
312317217
678149772
858294659
668209265
859825761
666925659
905438478
715333711
471821815
142718809
448438769
713392777
379196131
558344948
145136765
85580634
163082431
949337110
484849278
562653672
773891345
780892922
221485323
639919881
714646865
985950316
828054370
249734
13258321
281915503
959622465
196136739
426612674
242613405
742744426
140779517
427880724
965757644
537712831
395207114
811976597
778388658
592236759
992143997
632552520
848237821
83375876
308901752
934655622
792481385
893025311
335047434
113382558
555464055
517867820
299966135
419270531
46545483
23698646
556313683
92045146
628383268
70667649
322790556
683253626
561302966
237873362
417541901
118509477
426637839
411172309
447107939
361854195
758895702
19032767
409377560
158633500
594589808
696195605
397371918
47105842
1200602
811242296
569796835
55836677
21948813
460297520
897912875
158167221
44283241
51530433
801441353
919193939
605814394
903267850
112040421
943484441
367857397
193765515
208550201
103262660
831038614
605258656
208937414
41329007
812770693
643064571
75719927
559292946
808154822
78907460
997268392
612679041
376284607
215322071
492209746
575878711
947556205
930949090
339187496
91800910
541747091
398425554
612411035
757006453
823253395
218841286
63836285
862058115
468500667
105011251
713021902
917413571
691762786
196715110
368397049
579793731
38803713
43273496
294873523
28904794
627514624
75963280
114236528
772289268
655550836
452609495
160749907
584687020
153809312
13853542
949155895
571779403
547663268
558179420
721239061
920971953
859696568
494236209
912181561
776097940
374958135
499543933
716353220
995840534
428602096
345995164
81565345
432752636
388642070
920294671
6980849
100629520
741873579
826125147
287094076
736016596
554448126
345005490
114899139
780892353
786292593
216456554
233049507
504018970
300617832
45124798
389172517
434167666
683440334
114775309
532940382
29304364
415384427
265884692
517868424
626578711
359458071
811507246
239176466
131594568
261485969
434960088
959796693
939636047
531411410
14923691
430633111
745572147
937183107
715620528
317776119
212788743
23938309
178118969
796220387
208364795
308442739
567119902
306582533
230933654
57010083
419997484
6381975
796618081
829296587
549599252
189906001
394528214
189264521
434994156
801425631
637923990
867884387
663827912
170894873
475574578
908135803
384560557
942538106
728537796
882811413
52133885
478893230
175103468
801082487
161792447
144308924
307029188
813645733
550014916
535263367
822251876
996859756
574751975
261771091
423222088
704513237
872756112
83448050
116663801
493579579
355975405
96433799
618371684
88774969
433572076
616578287
812686050
84478556
365532207
680920072
39568913
614904779
603454524
727340856
52779153
403706337
268143576
848325697
827691854
556807230
106027804
529722419
55967653
196273121
828978314
178923825
392014552
456375833
572742779
30202330
305991539
583377808
956458012
86324373
122112830
213543246
215103076
615327992
965866112
866589591
701393080
788258257
154939109
432151061
610850446
619194307
62237798
491359607
278274473
604505398
40083126
373547004
90428943
234187892
967502800
279856851
887354397
385437096
85340889
729551172
878980887
491743190
451797136
384085028
757042599
883852823
934030884
537607458
565390853
341816442
127774728
106114803
755878521
408356341
678376938
946339958
428783647
538419924
643215182
144941347
934876372
985814088
784874743
322590564
141976930
345238233
166671553
871625773
561586748
307219676
412909282
626488837
97633109
141716555
151542763
987968635
112940115
730219532
855461411
188592548
329587110
842800238
134493224
747767828
563081646
665132530
858179927
540875114
568628404
4363654
60494749
513652323
761470861
257949186
863778828
958137554
765845307
980603257
900183958
157221216
294607312
307597137
614591065
141971910
130370507
216724668
18496847
132525203
146188214
388628322
288880994
240665997
711541136
538582205
877319660
390225003
809244124
661701766
798611919
666194504
207006597
407490213
757198857
184300280
25604370
920921494
282848898
721790694
753303891
50014761
649510116
117707544
240253838
685174654
497500104
960550228
787494335
690317938
205498814
331924088
83201027
919425915
407979935
248269130
583979189
805467731
230267959
814125844
141975303
533788888
128369504
476551151
530456285
267399842
80741483
538874741
538247944
768787551
55360254
841723348
160068674
465904773
539757665
122884127
474406672
855664910
958630757
2728751
133846814
786769693
203218910
48380282
885758971
291114136
586102102
522071121
141114633
408067602
669114415
227089033
354658956
969965164
65196102
534069313
218315934
854370484
507614579
299284349
164836503
494051630
602806200
645386430
640716034
123653298
4372478
815750658
282606908
744522378
671103023
916097251
236127975
230827235
475877669
847075083
598564910
472570967
913707852
775108042
784919328
932685784
118176328
206304020
823900013
981411174
719541421
486832396
600622647
93850064
811139799
386999015
660385154
321510428
17598229
547005864
728642446
36702624
536540959
295797161
970658477
374653932
612762697
180674003
874068078
196092845
376591885
309146544
958443505
780122756
736796977
312775517
149024816
816573311
600548882
473622500
310049549
151701357
851859381
134202767
927639147
488080962
872841018
939522211
423701636
952133654
118960858
860525237
466141331
653460578
790939924
565766813
748154810
207909039
317678734
215697921
130737035
127787380
869032182
343279901
636605499
621697495
358458150
764235539
642999972
521020460
95000249
579275447
285351042
131823670
298170635
622468849
12403855
339196970
924814239
437845283
559951506
307545207
240365683
797733758
169879528
669616925
833635756
842655846
486725474
818675701
215911849
36690077
738880786
297764284
42914250
155284498
456324550
895703096
228206943
700224828
444180092
663391188
674643228
888415346
456758657
183599938
207125201
961048071
692997681
714448383
592306359
287370768
490680332
266326990
92103562
338448100
748114507
393691145
231955468
897013366
52014419
530105490
116803061
991242153
309928850
653886889
466129231
229552498
754881039
936139019
652898934
70001772
682903334
308378455
114497855
715853937
395028487
262610534
742867486
676135342
831752360
699761393
212785209
686240378
797650526
177490651
558231734
568248841
426098813
905059724
104252360
470802055
663558884
779954259
979183488
499471687
898972785
84137482
921388431
823195506
700661114
916680695
293473624
18205666
166587580
503224623
482702989
164886007
32039412
832292315
506455247
155956220
426636380
401392897
363568742
733943227
444163725
714798401
516704326
400797829
338196163
511623077
468056080
958852819
650568998
270557435
831589729
909342230
35903525
846161347
240729066
956067710
121356935
398235615
851363016
848555348
894287593
439805983
604541644
649843636
956415119
636195392
738823063
344095805
94242182
117418584
123508332
107298084
896498418
939970740
201621215
388465699
95211457
446695885
929382669
167299470
346112830
181811687
401251419
351295346
15244574
995133734
790582836
593767713
517125631
16017210
822195208
415825709
698264377
654916277
303575763
15607115
645955168
31586553
502667677
731157249
411312323
422201646
401582286
737748587
187726535
58904451
692749387
518530967
694142861
388369697
135142151
31491007
742146854
318440158
286617363
74941387
770258026
553033476
940017249
133161740
361052882
525008883
351358487
13656615
846281136
541624624
452095687
460569719
980507543
533029697
800998218
200067492
499258369
643144665
832532528
262874312
610932314
407190409
461581703
432270747
917483366
51246824
882874734
665018867
299832095
501769098
402753293
770616910
661906741
401497318
478832980
698213971
64427135
918387265
13052691
808855199
81134815
735104961
553533395
469271270
238525632
749298795
931127000
783632902
910863804
950585994
841062906
994336437
847876572
487131203
393448851
967480918
543555181
528441306
26445306
599859051
653576361
319103704
883666051
722288023
366736825
359859164
306848840
322294247
321319792
108819698
837017535
699504851
209877789
229692087
159400498
242526159
4535135
58755578
726599333
121545677
640158608
689466326
783290988
904780961
365546680
305466281
588268186
151801394
516735740
827372664
937959073
788707091
177646402
548350234
344120543
446024052
388539392
29578759
195650431
473046192
617923060
978020169
962446842
151233156
127726949
457842020
814667644
407776383
738925234
165676386
129330194
948955416
686450023
354594788
621051559
660276159
701528698
756258857
631696956
315540810
48179489
737477363
308102800
770139579
310149353
668052240
321565597
385830196
31669222
131521642
400495625
815473659
497848839
372832622
948605745
342878019
436538687
883752544
267998521
895190989
258481375
405542482
523317990
573683740
397490053
878176061
719310424
27203588
125960090
433136736
972617199
136064362
715616061
326645562
406306787
208399533
155375819
575525101
886572609
53731461
132378243
938861250
461987284
592443371
439177420
24158785
94342835
932653112
188407370
653782549
16675591
17026373
505348967
674129816
130086251
774032751
13516367
204752571
553668690
539678679
596109992
308876901
268220770
260334523
152704775
284941507
507866843
272465785
787974423
417018528
381229770
924647380
833978128
928135944
989962727
309294499
663495594
462214240
238237216
578447079
433751147
760766274
656748361
512381320
241701093
468041157
659807542
814697868
400319853
716974735
472295807
356981343
165440386
480076745
209925115
896641099
937403954
601815397
187773150
963233927
175999957
709858874
279637343
110730261
140019183
31663076
670864907
160515917
404023846
770533970
524957886
81270286
411042226
802847749
459415977
590915298
177422948
102335345
469359768
43116044
939991642
292235179
92016198
187243343
868274173
313387050
564978853
298871680
966242531
744202607
978432592
919520288
854009165
706852423
994582513
98735628
346900036
123682304
753055166
61865292
765948651
571139100
931263660
675790223
932727857
320120913
338615610
751124267
868261702
754121167
205030592
187469878
929077846
777624665
720270071
390896818
372668580
130678575
927175288
136877632
773547186
206415064
507422150
319502500
836691767
300329110
576230128
603370909
334993956
738200120
433629699
115463540
930200341
388175145
508330577
139481061
475966337
375589242
37277971
560297369
950371697
985806638
840546177
722136946
159470349
164890038
739980294
303919512
347589252
969362647
923405039
6839660
629887193
458300116
698496736
242846024
704010429
468348334
313221122
152896910
107155309
368836984
24242180
375757870
450033680
148036997
808370108
858398428
742934043
141251001
439423623
202951589
888574077
759187134
87793474
306129558
142001390
38091416
785301632
126009832
897805536
690928346
127611465
131230841
359968770
36963972
617835898
665404820
529004657
241733638
868194701
804211301
575783024
934420740
137450149
119537595
372878900
88485465
876388678
712811133
908625117
799479761
140330764
249914045
223978140
901031879
956784330
956928952
308025781
892683430
780118882
391497324
544621837
681512045
377175003
645225811
392664264
838610555
90392101
176939294
283407261
514243334
630058682
752182036
428010181
460508826
388218957
440693047
919570962
435194934
900692142
613108411
779819118
201435633
356347037
237048281
244819071
791383761
359398070
417341399
34110411
84380113
786384374
321882302
426388602
200199137
107979860
249296360
509434797
938277044
113667757
151268007
963278181
526313671
453269494
364873744
798396809
360844645
466032772
177741786
49375840
736381733
905823772
562079615
876674991
813291243
384248398
329501929
958798412
415234717
976511866
937003197
772816320
498866575
343233543
769359086
923965612
594261401
397100722
826756287
930675543
181376962
109332184
52631713
392595005
7859378
132068472
24774085
838143998
969412426
925551454
226551926
767673302
701094150
602787887
991094277
636221600
887961676
192082693
379035260
664378892
953734913
378077377
750858450
105692237
621885285
591431892
933957856
165541925
468903758
459229220
993185899
500888547
892360573
96835766
631600615
185323318
279765109
793682041
131227067
37798606
675733584
707685979
328202603
144265441
228127564
631139133
680004923
924217608
76966738
808816088
346057354
980376638
565367845
412833599
789143266
755222220
700761922
30175180
157043156
961997905
372461440
615605337
63367005
68639308
844787400
513979197
134875178
211318009
432682065
543239165
76137360
101862942
722717637
247160101
570565139
970952674
357896581
694141147
240749504
50349659
279186489
748022690
432764579
736554278
129554482
57679384
385451630
714215956
710405987
992549126
318529402
629217828
271673296
826625826
617862359
995689040
247049145
119448528
820515132
961238787
424959820
301662969
887114009
522219764
323966414
419761335
220444486
103969190
332422358
346242087
632335305
484452804
982521844
864419695
189105
223309683
492871900
90701593
325318281
415949527
812134809
313365688
127946305
746728891
546897876
780083879
605524912
924425305
571942178
261365851
80687469
310117292
30057744
743760506
391949637
382801527
423907015
627287907
81516635
63661201
433408835
124327925
262134180
218866479
270342450
479911190
117088215
189243559
30904810
978845139
156058165
2694915
417952467
640713700
606082265
831614562
307522375
154756065
927844793
169683375
628482504
553475761
469854597
754030236
739633087
6200843
827146758
528734465
625890819
829039137
895320664
210341355
349436865
64232198
240203766
427101441
214124870
810120191
296940414
800854977
206643932
427011886
201719690
433941986
299358993
248982608
382710880
644211061
15082004
420099528
314224702
437737306
823752368
644839263
393309970
333532481
584588578
482122683
796498739
905998254
231638842
476282729
814460906
16938726
934674877
839723804
376815383
576124710
488699658
302666381
463325398
386955794
482747066
517926029
314160706
712743107
121402364
514487623
953582923
361026088
919301408
108222594
651177733
966190635
648108256
398477149
567166368
589941050
429223603
436691288
834497819
419715135
210325101
300639055
993885410
838844813
682006302
832395659
643054698
795085544
32920900
973205727
519494634
898564820
575806924
293616303
281652463
513008501
379492475
181797697
247227975
124905311
924517126
654609156
296265323
601771846
47395856
732043696
424670776
139531353
404704885
540995758
72954962
786456610
151087372
322144886
226502464
214217765
506013262
751489215
34417668
925002472
229759618
381978153
973431514
988665439
470266598
153536362
532676898
255675412
589943637
422039189
650513749
879560594
443110655
706436860
765387206
369874583
356465597
626571559
88050949
961370531
859092829
993755873
832203533
287734513
41465472
93719471
563761564
740962370
918039871
277741798
215296729
233933048
603782179
711925277
878712231
599562124
402386538
854528485
898069680
951246640
904225731
498032879
455594328
989493112
157676799
811860888
285400221
35538698
718653256
297506926
139234251
335947167
153680869
588641555
161440139
582833614
770519156
293023447
282400624
809779861
974633129
608290231
89468923
991478345
421336083
469700980
905172594
644087276
857158834
640560094
536906218
935230892
123957528
987090502
165203461
713202189
758589135
513556358
106818692
16332273
185458429
265897966
108871793
266325311
33986968
707694653
750685759
657858931
149345259
921014514
728879409
969444525
266567373
184068160
282493546
188604797
505337320
661758506
643272992
11576675
878188426
728571852
951619350
405787300
182829922
764341265
65147130
38859637
563969581
55719325
255661715
804365179
424252583
158603602
461344932
681376333
879384058
833571256
858887619
64155022
584654736
910050245
535454755
30505908
326140304
509994280
405793271
28651204
521831850
306314941
14209362
837341482
834751464
407173837
882460727
892193590
979190697
560048386
672316767
480851286
876016877
889158817
748901795
432971475
786536225
936787258
846732574
541798601
141490758
56039106
50995431
772728547
959427759
593755922
569571347
465671971
738391415
788371991
423420223
571246214
592286988
551708660
673955123
994418467
879449133
550022589
325995694
195485007
687193275
282570545
415306815
234654524
818143876
174736553
387769405
566629531
428462948
120316524
510238881
369794120
486164041
103406858
522486326
795571998
152040277
60926331
635152347
498587807
496917099
439454034
29755288
880261844
851328641
822002663
580528459
712665898
123125389
952105053
545652105
528232127
825648420
270223304
493121543
671623475
786224142
262832469
983126561
79053750
378224450
511095201
862511060
662165969
396445606
440224223
627605798
252457432
433340967
855252979
967184923
954562318
453434512
215707849
526875363
613141380
600531022
933252127
686082750
611595862
304391871
65632684
529849152
156156042
629170166
546090986
598792955
773387919
395254993
260487504
886177958
826298514
801244105
59758608
116828047
949592133
432404200
954218802
43074364
74198352
509059359
774069780
300387814
413251256
941286344
807486304
48297085
835191161
174163678
320471248
272511317
307606469
693821329
789438635
530219369
428810513
317483561
69833156
491689934
397067763
677172236
399290822
6887186
293187875
170272319
474987078
830882355
12012367
793595461
141370960
400689692
195353135
139173077
362998994
991383585
963011930
933737172
685941824
360460161
854476831
901255706
859559230
769890530
96606676
693712434
319513911
637317853
972668644
135445466
749965386
499233124
295875039
139652505
733927585
197792611
806662480
292766116
645972816
352270398
350132343
412500901
936160785
458967986
129528633
621622579
628457413
574887487
229436115
779423298
67967475
763678639
857331252
336262746
958021815
28619166
880784077
183942574
630656169
522029858
109106684
721519040
377622086
439056387
854664709
276823469
639164507
739437412
5588423
238337168
624068530
349086032
640293177
755646141
903953851
615293527
585243295
50145773
792039185
893385137
890166655
624742930
913172723
311219592
99367695
434733749
84523916
931638221
930716951
723248282
624714241
28024441
561264256
598750449
332961373
958034338
960324296
399007888
184201612
83025056
797855610
99038170
173316504
580690325
993484900
412227494
414962282
42926170
900175105
23964041
610284267
779261055
497810825
992899966
116984699
47472473
5114994
449329354
44854511
606167669
90177820
848683913
321014600
323241281
351501531
202832096
753613410
897112143
22839282
172884899
540706854
25668405
666016855
995854506
352195000
887610628
672405216
426930359
69379558
775901219
932882224
996122210
267040457
7102994
172630576
571378228
33310817
356448919
352956836
476375100
553565147
17300584
512598065
464390633
806897863
286938559
274776420
837123642
601697036
487621988
836098190
16585821
619731419
409493443
91779272
700045462
114783291
136875313
782235958
177734618
448050483
53888930
967598889
676346562
788213562
373632751
81879466
14359502
926670153
455227737
51967007
72109009
756282159
710128171
615018779
982152505
508023791
537607891
97330412
746962144
568699086
691136355
801378874
41809625
301253178
616705586
767992880
278950565
162799511
418250214
737757410
16300339
707375002
736630343
479645487
102479292
822899035
900042916
124971615
899741253
369017430
111541192
711332982
626156676
469983721
939125396
773181832
304662046
708261790
247112859
320734228
687103813
109819854
34023777
395359227
40072689
62656488
537724434
219915470
582491885
696611045
16768406
15910968
990041878
552973561
420235582
991684139
786685181
885330389
977810598
84215143
193144705
407239912
325062361
412793960
605013827
898447465
206491680
934096595
496006842
651145473
678112073
979325033
152206237
317057877
35359972
28754373
187935052
176338215
900029031
309018433
164697869
504314568
588345036
951990093
506303694
34475632
476509579
43254472
635855371
828231539
765140177
664763730
597853651
617578938
548761059
190093865
123441580
98327675
527122128
653548392
984410765
121228261
970093288
747637899
257256233
944644794
756365429
481991344
852884243
724081847
396343907
754737826
668801510
876070605
248903043
540365172
911872665
479482334
313545966
260480327
442724373
69229059
498855480
59196297
810496714
764070261
90229322
483165961
359412662
778968
76737037
459102747
495623513
18501521
974164893
399275867
765746928
170491681
242886708
50154340
707223835
456051215
552212903
238217165
515984293
254729649
550061517
358658506
629427299
300272381
875237819
349736022
61798755
25761188
452081339
619597208
259124406
136002983
954545932
304465246
294767840
917256334
704363629
548321842
68237717
600122143
904467776
430194393
13118389
259373226
847607791
564621524
738108175
524201089
488606420
42211743
435471295
781227804
15257066
795189735
440348531
337863556
37851445
860875355
79800583
751656833
750399106
8738933
89733030
222039496
527837132
723521294
679936093
310699654
864119155
712997335
669229336
98880656
717244544
621528229
107962467
83626372
305681404
60726491
126972967
957868601
422499514
416523720
659322215
8274664
700528874
956144568
496689809
392792430
353085840
377496865
791193900
912816258
366923884
37098386
961554791
625460040
866624795
537132836
420262320
831382517
213868435
664513741
762683120
787846388
192367392
50023741
172395497
687642061
947521211
304878568
449997789
464484554
178784974
185328225
447552695
398648166
949840536
146048612
199934143
355703407
293857294
432758786
101951316
634996813
619947972
179912370
241725560
410354844
111849996
901644594
954033144
315029421
476015364
581918115
251891866
815051269
445782991
251538440
751221144
751081500
701721911
132201039
250245583
406169123
886462770
185612314
706434391
224430516
906944059
767564713
93404621
722160741
166760935
415452275
850318507
180313720
279092961
344293530
637969365
60807458
844247916
20810393
133108873
636883967
444091178
326660107
855445815
675513759
622930203
339204113
716063850
770276238
377786707
469174198
698555393
620231204
813146679
660878220
831109225
584020941
264149079
305418029
610982759
916891987
511742132
290607451
22911598
160150887
259856255
644010576
665906711
824234770
619896712
366059745
735982545
214498648
307918732
575883510
887586702
632527831
196377665
320794942
498336495
352356622
172737650
705849495
104122222
352595564
888366257
101821291
236372930
9658123
551570199
52287559
507513594
32404125
388623894
745696488
877604399
155828579
217974854
66521877
308914058
327404948
440211104
926671225
482325795
832279688
916730848
519970245
622534616
544770643
615147554
103989136
677265031
237780935
555221135
973363206
679849981
426754206
760228503
699587153
157977088
967098860
850348861
439354740
520354718
250740312
875227824
716189085
940244869
576617162
412630289
959219576
313780207
689330511
452966039
734417108
531858547
878040289
217922417
274716699
689897051
560258478
570650643
449142585
153250389
697871899
964396447
4256941
499317421
284757802
319147354
474252597
534046061
222943972
256844433
858123913
49178295
49476058
384477106
281838255
452169372
744682817
234496985
315925257
320421933
22257592
658821025
81801994
847227137
37172670
371545326
326531600
530134169
661265165
526009323
192780728
735554573
709438673
441851723
443646995
863281105
744272108
787022838
199008552
397400038
612182239
879088175
488792470
578826369
460444609
818713225
584030502
534284663
514747685
993902072
225949126
981099285
887974047
219716399
812449488
21958660
60374926
157284584
734776791
371816919
364246327
168277260
800115752
320516186
752258422
757621743
678696428
555619941
233704658
411067474
38173891
631780555
473810939
821610060
136941836
981113508
722060124
419860305
997414132
546593159
100149280
908456701
449744930
11460951
460773411
516147561
372865456
233596704
983663264
384823983
626990390
752840495
841481840
484339496
158292601
640612177
274916577
784044568
152887894
220035715
593537405
141541584
123142817
261059874
893920320
555099889
610803832
492941710
679775317
848035546
122674179
454618610
742838114
469478499
289077879
207606603
362380673
172087102
979803424
61848195
124839799
216964060
278541334
306344866
473056786
173848932
737786963
615668795
611186250
209819672
520287768
405747085
697705216
663551887
862818093
522423456
386023029
609458540
752168908
824450745
852073855
118597129
382713975
159626968
131337709
364552615
442172510
228165811
505903669
643056609
982800639
76719694
458362635
440324613
698706985
45755331
32660765
393344579
578734898
92354785
667665913
176121661
696846715
152341263
427412936
976843518
800560476
331311807
446617612
124641719
628797733
603090545
459891718
309926657
129207353
864227077
258246313
70529639
148819643
387490235
39758943
624395028
912362821
701902773
368345291
219828637
779587930
39721945
205363166
540022706
679489469
955153739
808417927
713166930
803324956
655671864
413460764
358600748
486457463
862058572
730378038
346406009
587134325
604083161
677126361
579802897
438101586
130160458
14704582
964453856
661038373
45410303
269375858
790036014
461572054
784469982
717702191
861134128
502966165
25763632
878305956
665520319
67677061
380449332
202587080
522091484
688289696
620673753
730367567
107645936
191667964
86350592
844652612
175228138
579828421
585437655
618094170
715781873
561633432
32492914
368650056
700877606
546875262
955044906
388449364
418888915
609571107
203245889
949532380
859365033
103137916
628996005
441191119
880619074
923588060
475783319
28578135
995130442
807343369
689670986
906771810
101244528
585742831
772191114
534725064
217825892
619488504
389025423
911791619
288038071
209260919
996129508
571133721
93970020
309928020
770155833
666668249
378590499
628753211
705243709
695255441
129783703
484019535
268079882
155107119
540556317
502801374
690044787
637883825
143769328
141839174
742500746
588784386
755157237
876678320
466946701
754894533
748719282
730445302
26201759
839375091
727647132
675946091
702766668
681847392
101771222
8627407
194125779
395333644
52443310
31853152
707224598
470313213
477059922
735217254
866458184
365041486
161423066
222935671
316119006
657669190
178707453
156835863
475891082
397876451
541459517
14743860
658532700
886592513
204696604
672638439
317329370
191974443
790291199
281871197
143983254
816591066
155201364
406700132
813429499
349527014
190061999
19095547
416827325
674785637
159578148
532390318
622013293
816618812
17640262
180810786
544076270
764966410
947058744
744126629
18382865
106226606
753055462
46944644
404127778
899408134
639670746
249560184
541464769
390725795
112798690
790013643
897051632
726589856
512197247
217032206
983865648
942641574
145755649
269264007
797186443
981876915
166647621
562685863
106044571
874600484
440122439
942439098
290892916
651654402
627306262
864646810
85778886
791856409
308280762
967307835
455198480
422741504
531048494
79376982
505886092
67675003
981148533
726046654
452662733
714444150
734794143
222133604
275808912
468063784
876789432
802033974
811354713
545307187
650228683
774740481
876112300
581100639
491719781
925692722
930566003
732219131
570012816
551888751
15529221
519932158
21676927
287997946
138808829
608007285
941634540
777563605
246832653
33118630
692370986
48406049
80716403
813194651
236760403
294577892
568700162
890955697
160506620
83025582
804501241
575203561
334005118
475480039
302032246
510722872
756733089
510356116
770482423
610396371
190415219
432087255
910227785
969807755
824215075
431892903
752024491
93535345
500917372
31692744
747745002
772555051
175754915
142230831
26840652
638056229
729896009
840049803
95715609
600593763
674538882
322720587
733062546
665150288
25672572
211936810
581896909
727533317
217479859
235875643
407140637
970273651
777275475
326273270
710323747
301077314
54136995
686199779
725079410
659684133
774099965
34338229
991437654
620581089
116483696
609980339
605485828
437187380
35467652
164700444
658818266
647786342
993559569
368914739
273193139
767148152
725014787
456112905
224209293
564717579
91196952
949878611
210701411
887977179
212921300
102400650
521456472
389383008
954746658
579368132
357501028
410584339
297714393
317240216
230732740
444683375
217298190
5480350
302995407
996141758
61710285
834428301
168182978
817493605
740760113
116355796
684985659
411219269
164183222
459066983
481080115
568630655
975784358
77804600
824581331
614749461
366397795
165274860
343943426
17259853
764477170
652051964
190532589
351379104
993217674
315798570
74266887
621598816
206197733
592333759
50558997
583331093
405912209
279318414
76083003
938418006
388095743
952327144
285766808
995784664
249353848
299892122
198473597
499103489
116618255
350594379
845489612
81781100
573749380
513132457
422802312
316494943
52448687
567245524
830812574
156110316
108332294
554595261
974564418
543239484
456624122
165767837
548213372
874079051
807742792
308221370
86540993
381999773
768105662
507423065
677395813
157175825
897659299
977078578
762798126
92571603
18581908
765558339
787156025
637049031
775119788
520208917
448274109
880625240
781881533
865330177
15007935
737186541
340622351
630454916
678281274
849987770
776370705
483487464
881999768
892970579
694500567
469010124
634398781
964735291
12243436
942220928
405967709
474061711
887009067
860065702
961381854
134872133
979193918
283589325
846430321
797054624
441206056
765090548
771939972
241554215
359270236
149254648
502520325
860095517
748219452
455302155
287967069
580229588
694300090
593919818
728760242
826809878
649486074
889910823
387305901
268938688
466054976
933658985
878151433
299697808
477388521
918967967
592165240
823590951
738437256
901967516
287765197
834965193
473270774
655338740
702891042
648815156
728802382
972006785
341455975
934707007
183012894
160800032
733658765
603944827
535682268
342271186
682814909
790288050
929181085
941011983
575920435
242980004
237827822
347255700
91268565
158676919
38460398
126451800
470298831
434532615
427536011
610385239
691835731
528024566
885071907
302650265
286975374
207611430
652452536
422769690
292255299
377178864
246085644
959926598
420949787
462831147
657473208
627724658
877445698
208525593
100012967
834709807
125874943
902083708
870335694
111842548
330447093
669064072
52829940
221291913
1097147
35940660
195030229
343612595
895020126
208229911
324942658
340223025
468766836
479324782
655941337
202155626
512848030
389118480
703978606
201761084
243392071
800195277
903725197
512100591
342799889
687348867
73498441
803170740
662204106
369277484
526678551
734832439
702443926
904129662
311675428
6872392
461323316
182865075
499704658
155792079
746575263
803885786
893202751
147072328
529509628
534604734
718756970
177686067
877715692
664955389
614318469
340483436
966932289
311064814
338125288
184078802
404698471
631385310
314165862
307535286
745029780
345282668
202503175
721777336
229259777
188058318
495551172
104590378
378487421
613492831
971799418
635003575
583826465
655406868
855914424
909403255
371136893
416640052
35466864
386290095
578225342
962601406
660804124
916864198
618535618
935311810
340248633
275331119
566311105
714945863
812061967
463338759
621508975
892794258
575894075
531973477
497406675
720438289
821176615
921028211
414310101
219959382
884304359
870036278
525394811
315662977
652343753
3013052
811945052
925725467
106776187
318992
93509840
202776799
53846310
459076583
201813440
371364176
695054769
444122773
114765690
765182027
353141125
943591206
242573498
244573114
778415030
98880751
936464041
928906417
751153820
945506926
88438490
343290927
375050124
276100213
703590254
317830514
658831518
734736657
87916536
804583775
772000194
672961083
115897730
177241160
911591674
155203887
47103190
426902822
550336371
892308801
468869825
929281721
801216414
226818111
398748547
484306655
289337591
322010045
608006914
125641568
731291777
231445103
550791729
542565404
845214357
479829257
830913357
541871180
603283113
19523165
413699672
151243666
906742183
641258409
881881369
767947125
541094563
382097313
692130888
268717511
386793279
601799149
476565343
738831042
398411602
685544737
442618575
360595626
455214642
283345952
741541782
199776121
880502435
921383539
807730647
868826752
820759786
204785979
552525183
426997828
805671505
506684870
153679670
504860747
162972623
851973267
569041371
235958150
413789916
660736691
92099713
392117342
671798863
383018147
286371776
976565993
539651381
204958746
852535557
660459822
891830080
549442798
111512368
199497927
796718155
787293746
103253009
287678149
671431301
168494489
449767998
817835360
118843568
315853170
900075693
101566990
590083863
393369327
685383045
6592055
781167551
604953185
75836486
661616115
896311347
488282355
8930062
856929029
397756165
452892773
660723708
522097530
540466004
296239253
338191857
692550585
2985486
461518307
801709653
802301255
437064073
557929439
430314212
705950591
266055813
914493536
25360472
210155027
835399488
449056781
733466819
255969281
969719308
886211574
638129084
565912057
193632025
776538173
407493368
386639261
938207932
605947519
453112880
367761668
906881698
490547609
243758668
494065560
150561839
270679858
910652495
135638081
264071288
198832337
761482799
857306968
990852052
634572194
618851368
131128210
893594872
834831493
234718296
416754531
551641479
763923443
109247996
854806396
389564111
139589021
58114810
344413693
854719187
406323594
474507832
628695941
52827436
318438936
49179887
608644470
281418962
91191396
19974288
927799378
821164878
116743025
919703041
892096136
229788872
388023698
231563358
650793930
465128087
608016737
443876467
706055837
362587983
79792777
851660555
154781741
371913230
531459626
528209264
920574782
116599343
250636856
235891681
585247304
556306243
552382456
433918980
809002763
926513166
684382923
124848895
807772571
5020673
271624712
722034069
488306422
817349339
394478785
680489787
565349439
117875279
566779205
475057038
50912992
116401542
887841584
424648628
866788754
216051899
809370118
358743162
806646280
681270217
874554004
949056587
320555256
39301753
681232875
241845179
822459630
651459290
453443633
468438267
465123124
376750562
757283644
484160322
739700664
970595895
812801233
608129133
758786531
338270120
445370094
326875279
823997591
567810269
267314000
492315491
634912207
671736620
755849547
286719759
181836704
734408512
614996071
453279029
356485988
177860455
270733100
558256120
604753001
825447421
965443497
298787028
842943836
431832098
840557965
834735891
284730922
894558315
67152284
186800185
778188997
576631219
760705301
530605054
361961670
489012857
312227826
308372410
117147764
108833693
658590277
131834252
174623858
975817080
478334789
166842457
379743759
701241444
687021433
741146892
445616526
380626557
408739654
528754305
546254014
813250037
578642709
270278232
939225008
209441688
542635231
339218293
296002972
757987894
913421930
403048868
74217188
240863014
207474175
461303639
145645679
52259213
528970192
604763425
149299598
210272029
634206810
110035526
926349256
973831615
468357696
622175658
695080231
185114733
274538354
867374171
530761146
972685018
203509241
432239800
397167804
131418956
381125544
5503612
737341083
827657135
482336380
831778438
370245312
796193684
400333242
648522217
469466306
674066885
486364257
724480481
580114192
690646837
976421149
136102092
139859159
849702871
276038722
250758431
833935109
76644316
600551086
400701925
728992663
353819887
585872904
955352489
279612881
673823957
545490219
557515622
337045094
386447174
693892876
596778379
399653829
735685508
151508838
810545327
255801030
616433659
640702877
471901142
142392868
192777080
302998752
286240358
216750304
609171769
475601366
516019886
204868440
795775054
993439480
393774980
981066498
545266480
741988758
189082297
756766809
229355686
661254646
761681978
900091900
958891088
838553892
387260129
315763939
476199633
442086150
943439678
593133422
204914227
718517462
218264806
640404547
13753249
323028599
636045871
528175613
55497651
477347125
196424834
834188314
340797588
500117153
356483938
171740750
920452553
835356322
914074908
126494477
956133183
305547897
579117512
42944042
228281320
373564917
362747171
886928416
279109328
388278226
228608668
455313557
457802534
829051973
311685565
783961379
908807593
585231067
949513302
411321845
130382419
855135239
244034808
821472523
118636400
602865588
807350091
18245498
490949014
110757407
654932090
824874666
34281767
880881080
83583523
798350001
810787999
80694212
340666405
172088352
961527928
833151050
786190969
408161804
210595209
940342183
544324163
737074571
734420406
118378626
444272218
771310710
894127719
393466661
542873613
391170276
9255997
275587501
323481711
519669615
970400598
253635202
299516184
699014606
459535914
67142159
881038025
553188314
774869806
496717105
338170845
549762472
243734447
544691496
759018140
169309211
364544656
543812439
915520131
617998699
679864002
273740013
497227295
120483839
684320508
340679711
511261994
167000973
16918350
56098681
865330548
940795900
982080142
402742521
159538844
483917756
586582039
109802515
646072224
246069442
6192693
180917094
270032246
814076657
536460362
2732716
687422558
534207276
98603430
157518018
623751348
419886000
848609719
4223191
135453458
658669913
991611413
353935221
300588635
574777579
852472966
253003011
462185168
81569604
641586432
455119979
66828732
981001142
710322239
596878539
745796752
282751761
925043035
878147294
472203420
108611909
311347527
146643750
333698832
689906786
402475991
456204785
728232779
879593861
789928042
85180356
559033294
380005373
517200706
723436368
589571323
531591753
292822885
139537019
145870012
24746847
373253493
502126354
84710024
824041723
160683877
610497464
940870730
993793352
917955590
449694438
240417804
889299076
1617954
827620622
398772988
220489518
5100745
391502719
614368147
360262083
28982966
310888478
619786082
905802586
335277382
130409975
427807973
610597520
786722474
288049144
766173402
287427656
68027861
349704808
90186883
136841450
80187340
505973452
119685961
799595980
993287330
516401868
655615128
122109159
60357170
51848769
409123094
751534725
220617098
710440628
389608768
303317413
333516095
70942926
441796375
751234775
280756688
250083993
274546538
874517238
107607387
680090728
810713743
108958099
521412872
875502207
412944139
290210286
287084658
252361505
554429380
29387648
531589170
815625678
389746888
293424581
243528403
77696653
821141746
73407116
326838062
439667146
610975931
841186173
503316956
770681735
109208042
90182762
256311115
903196499
69083305
823520436
631189512
797627510
569476777
385561987
395447645
680960201
806912087
236784220
228170638
403091359
223922148
55770435
847369093
410021262
665749489
775664670
603850066
405435674
737883529
655354666
178963409
452623325
991384504
190542961
880942168
228493142
295168556
428373376
327451222
117606609
750466896
410831991
383155528
600717638
320590182
449458208
649279823
380079825
763662538
86918771
801968248
93321475
346217335
329556574
264751632
745722715
146475009
774147135
707760871
538716663
813550906
469228435
515957878
51871705
857245108
418083466
19645057
92356505
688292433
192555541
974896176
46873641
78364668
145079803
894069061
343837743
78058360
470826853
886417126
575385514
240320578
392141898
186631458
251183961
947816029
31123618
809638202
354214427
497976621
185332290
660549132
79074854
716299917
546889180
257614847
768784040
979828548
46548349
172931005
83163444
578789366
434201333
816389319
913622202
214887899
666365025
203448444
947459750
587478075
852183942
907442300
402352813
137457957
940550096
927896028
911971412
139238112
562542825
576580940
781780028
43446106
418794369
907436595
561968411
510618131
640266192
727485372
199572426
799033199
511173410
507211367
881143841
180274885
143766456
295040036
75223914
869729558
789792911
424206199
52430115
342718784
328981947
234222355
29214943
97944423
724752103
117970832
27836831
910293665
904769966
265490704
295215975
162529580
809375127
225333532
829077050
143953403
777574668
921114690
769835277
302023262
352695574
112923263
230651502
989211209
814569813
922693841
750538391
377154603
504174501
936366412
296518596
559995450
981860917
766311749
170744945
760716586
166981843
752290239
856252524
421989630
717314809
177399437
350933898
66307139
737971519
23296501
617312537
925269825
654889948
343558552
374538931
348979145
493631571
676513194
889739601
763840450
175577132
895969852
981811740
867927530
905389672
577197903
121368940
77612164
480073258
899664984
700552292
618847324
976847834
653347242
848435611
681812334
339230734
421317942
684287881
805944063
590342445
89806001
500267824
776242833
925597341
48049177
499601396
16604098
387317651
97493275
43706531
362682518
396339877
839453482
504452761
22936887
404361604
726000693
478232303
284028394
189436226
838688063
671253822
869011568
497348894
449253188
313892368
871619997
321100382
881648514
893459622
538307520
394761910
557720972
506484654
190499014
242633123
194303426
232884733
608165717
122413672
733851671
800749909
116583663
199887699
600718378
989750387
732072448
976073074
196038268
16703585
494073240
661077448
535264188
596296583
358704106
60706534
581304536
930380612
601438352
346715678
612278576
971080749
205529134
503855636
155550026
523845162
785934041
911310572
481748757
79245041
584980789
446024572
161960520
803861035
565293483
895593852
955646129
367422992
660315550
13461987
654296677
496458156
196010477
968505159
935135969
821523429
361165215
225530094
19201232
543016442
265317821
372119486
10075352
289486240
755839733
225030024
427237181
123860561
343779188
49497356
179466828
313513349
322988269
160444662
784691494
955073479
296644756
327687905
649024317
342633829
803082550
385903469
919829474
93981464
441237100
920680070
326335599
842187690
321302311
733903420
140718027
367388770
905239012
261064311
110677225
802975842
694028851
541427253
537308161
427107210
40673866
612130089
408304383
445118615
667399532
780317439
54509733
672860807
513331942
346989428
480967620
658278657
58084080
271542896
723008098
608761977
953295501
660367944
775638845
745883942
673050611
235799047
395668004
286544994
684143074
810995554
222583076
649451674
559950653
952428386
674942325
515408018
228584359
388717842
207928054
86899586
761673457
742213759
297398229
192035549
301317155
491928738
183577310
995124139
978553884
272511478
843643657
814762092
510100593
66323835
27984960
764789382
115216347
594322443
507968820
827705476
242571072
759436436
442634640
800064056
789861185
89823183
669162959
365131648
708976841
352999231
60317047
70623229
642842859
684709838
336316344
585563735
884380978
37186552
39159332
44095356
974722445
243425194
372909887
28473458
644616814
846395229
448889805
684982618
678659508
767632964
100853610
349864372
301485234
754360790
301186949
690828308
685803605
967001881
895800398
678407263
690265690
755054287
580226913
423792916
30580858
98765563
169542863
530885889
265800392
506631171
298474272
940517624
114574072
38449424
576678792
553928774
336788892
313420245
170267248
491291572
123112119
710393146
89037192
673517709
34035028
420290404
561164301
243400498
516652780
90101216
712293209
616732679
338374804
490470590
636781937
465204350
541229150
498418616
986972772
902742340
134521537
350059196
957309810
690533743
912491469
27158117
70537810
673567360
697666410
605930340
811020321
561109026
178666897
579401680
674436328
91526616
447779284
497532197
313653700
464654751
15689135
10230625
491007155
495745072
560306828
23319284
957400292
403743050
968569778
258204123
515695883
281092460
874804057
953789400
822624572
466901117
374243345
748362790
783375102
682493572
28535398
884918324
625767441
456490754
620988645
100791167
9330308
57027941
882588846
16237164
304996648
965538931
554636341
898823489
760130166
643655072
71173828
296375396
699377030
326405645
334052776
662266076
154841840
751809191
165405241
840163515
507032393
865539659
333962892
988996259
673136436
938568140
159575008
96121751
779688910
42773452
355405955
241824643
170999825
401265943
793496298
66858009
46277839
358640554
929741582
434936833
72440382
342671352
639760912
853521241
779640881
225532623
529482340
732638507
979382476
735068250
235245931
660482461
357917035
890860781
310932826
334890124
53370794
604764113
936571129
137070301
67659593
461512746
194428555
517015596
429829573
612660934
385536867
209573712
408805808
308271004
670855060
302843645
753898231
1253606
726116300
933868613
444993151
655247648
189478677
685159407
273692796
465530099
293377965
337170413
771601246
837564886
845450887
659879383
355150793
778118920
230745751
400062247
444098214
411112950
344654837
72996352
219184841
665352016
352189527
217855965
845609456
474674644
52665048
360916476
312956815
245001499
122516898
416294474
487716421
412000236
199773746
138461006
90167940
365510228
600700916
7642676
641956315
157339648
594627432
708372795
433964856
724497496
350732553
52616358
716399385
174819369
205668582
558246963
401683415
507219292
691213506
855268551
95596341
590272824
500137062
220615334
435550874
119914113
200674344
501662399
623643784
853275277
336057200
961186259
796391865
921318448
913276618
202037856
552562857
747273535
191884444
261726093
332135329
790713131
913873085
169464394
719709464
445791022
325675010
161722870
970756482
838935348
672299117
25279213
639955369
216243732
451409378
486413940
102905952
182175873
835324417
951558886
966632575
413298876
972715131
347353266
884071429
64851549
364233259
619638713
130942635
32132643
460864078
250697137
574094060
995214905
342596059
177263601
93714402
247873063
109744261
235070629
923647371
120077396
349448983
752918516
112663033
120717663
761699693
608883234
807829236
547619063
450794896
939372724
880873463
220700823
19222657
752154771
629983165
755096135
242616709
329713806
831084142
943901013
573753450
150143658
151635786
115699614
20177958
635182431
893552792
457445000
359262082
115510782
928910456
758463682
211507991
269112223
781325844
904348808
350801072
85707970
228270507
596779950
802870031
420861388
772595721
430627508
362768582
302994827
620094651
74653236
299806157
429706875
872356765
737226576
934350525
461045996
486948620
366586293
902293303
266206118
64376780
353195748
244998933
626601619
481890670
177332094
974433724
63093306
150911510
350686591
352860739
398992558
978696815
95128996
578293880
39906071
819028288
496130835
951052071
167854970
510065403
302199858
353954412
410058006
330820525
835041929
618358643
84788679
592985926
214503111
891896944
488626064
122062852
260118846
199779908
874796358
220957367
189287826
852465710
496537263
134663156
713192675
361157094
864886096
32010921
460673959
592368091
184030152
241145684
825114981
657362374
294300323
382536630
157009
925552762
846066432
145356087
648335568
789941996
623802402
741068277
125405374
658180462
693287582
430044482
597315972
382051923
623517860
432297783
459544064
30943979
580462304
217890074
23490264
414044439
587208741
567602518
537871831
208839543
585916559
220029090
266445428
904783442
264761031
743853253
898038845
259636449
825655396
328185026
81092947
988911548
69515589
695649075
217379954
723373211
586786321
853075851
558284638
434240663
59085564
922770627
487975469
826664938
375191928
422537751
888739728
381222477
393961482
606068932
806542433
445383439
899175139
572257698
735978430
532537835
769647624
33135578
996208381
23708636
319842410
417099609
967910744
409157519
469537731
869170147
410995446
390928706
106931369
306348056
294421288
562377675
927966084
784666730
767632189
57064025
283923217
498751997
190079353
525612436
832583486
205538113
827456581
416228348
563665589
837956139
171444793
684515886
560094887
994701611
476441913
275168090
186295549
876469917
980977601
603804622
75623399
510500761
842211213
845982198
950562893
155680371
443281306
324892281
75131575
399487318
907291611
8381859
399555383
161608760
654424868
248642929
910199966
486366463
963154444
330023885
895641699
24521266
235475433
768472642
1638134
932834546
764868099
379114127
358728922
382378267
230625329
200252315
989724174
12901015
361610458
903992081
503883663
704298688
607609139
742974557
775105430
832245605
675145596
715629690
563400988
642283580
389828792
790423284
406756855
197306141
974894486
412302848
955695124
7748279
630963266
864694689
471690090
834948191
158154422
37932347
879429174
354008258
612373977
698146286
766284306
886739152
759668101
595733419
69398208
302596201
817025469
713461768
986598263
925616928
882425968
286581608
936225360
490946603
111998065
885651709
312621376
389010238
900376388
320514403
199405566
251667948
227626055
442260143
416140090
296106282
972556236
644233316
81115182
692502041
830834585
704030879
201603137
850618545
452899538
629065335
392466529
870426029
709816905
646288320
473560091
328493981
945280151
497628495
283307313
603384837
537078270
299273847
803184488
125009732
271246553
818469927
251304180
22735804
715761897
903634789
661922493
283793076
779694284
902093956
764865994
934706063
526468978
338169457
153482348
191711854
392008908
570575419
36485432
640469084
288931996
491361436
880200087
989972670
307598627
125134645
254088845
870318376
272124232
235003168
640155862
584261942
603839084
229973777
574271609
39114951
229034256
2896109
911801446
174666256
98774724
237427426
600383817
71904616
146202496
777854284
887398005
912517000
700127020
294306777
972282273
584276930
775980724
202749391
862985321
599476184
849225393
305282579
961221324
97712065
30211295
642284399
334656821
301623070
758788716
507196715
917880927
736872615
131851801
980255806
978430290
570278144
325935090
800681724
537173499
897282287
754993531
482393248
662794170
81179311
491865878
295647283
36687182
536421451
565909443
490012560
760574311
740981170
92482396
44721161
505927337
767715873
934321281
997519469
158005199
211156475
699412789
283876310
277455618
722137499
702540988
831057865
885652674
282734959
681619977
756985261
763090919
345073550
167798277
626487465
158477839
691233916
772509555
731220207
870687900
846466481
352659614
813426818
398711684
229340934
643977861
650819496
571678705
153170217
621536258
514026286
392165728
899103362
206369407
82206056
867732166
751227389
835825785
621945154
606610139
359193881
551783384
697369773
685175434
756996532
274292343
852263076
505462986
752359870
901452344
916851235
654692830
882021162
612797198
367095018
710678960
577195386
783442441
446369564
574605312
693504039
432866014
905129199
326720035
638730645
776182892
777649036
998121465
84051214
451056169
934514404
925805921
55018810
281355117
972819085
89505757
252539698
497403406
607853309
617422906
482102702
751702549
448351289
13528477
780461779
709560395
629219535
293753975
493960566
159638478
888512709
120132326
321940184
88760488
779754913
661433678
543526269
768328127
401166931
253838814
913449190
301361460
138943432
738773787
515987058
276743256
582637305
463810952
750017119
424264319
387592486
914856082
589132611
282329532
54206259
246516117
232428460
306156226
453650570
516866592
619212413
34549261
378540973
363777455
48784286
102888008
912410800
956264503
971791605
640303813
830051094
436036765
873094119
699837465
773590549
220559003
347488445
712947126
356041928
56133717
781117988
162754363
843449494
106498685
378139069
175456690
57581373
790662230
883358365
90492978
329629128
854314326
641595749
80706490
344818395
635775853
873820281
209850559
729725436
493618187
640715522
436273046
912663468
702693026
175425165
983969752
614040057
542348648
836089129
643061186
753992700
392723094
316294687
901574405
95952111
388029465
254512955
953876323
536818420
877561609
817377206
532712711
156265383
877160591
696205764
320795202
717549247
218730553
616557123
111319183
596057074
972731748
315002101
428972977
642276520
842125983
82551922
387592967
985481932
414339689
575571391
970617939
511663082
255309439
766127936
996518152
898531363
947779055
306933677
547860188
7245325
438450169
864629513
239445579
213357595
734904532
744550450
263263728
230117019
557455287
28828545
241050371
349197831
796989344
749033230
148851409
847693288
495746893
415015012
862386667
609078456
527233725
418618607
532854365
506524136
569539811
962197931
505109333
467317854
435523400
468234513
787654669
218795254
883299943
321777485
779762059
631602851
701400116
121972652
388400484
818381397
560808510
214244921
148755280
179354521
568969242
590787113
959575070
706374841
432358836
534690881
313369070
629834095
329359979
210887718
63687633
95505782
300784778
724446961
611828750
525239060
734749222
328008259
980010020
460534090
319973983
910027679
365675449
705385616
929288553
432991378
135784232
135851795
910573743
700052692
104101467
503542778
96361004
386312456
844083441
559487683
861636151
52395258
601998243
361467654
29338346
67155276
781577145
69271914
540385033
355766513
715165633
39875763
955089602
807738657
413654011
420898149
297185488
866550825
845786493
300389413
567280578
733425043
755152890
804797558
833075606
44990184
406269327
764428948
382577229
715193438
618894642
286991536
52130839
216147181
167879482
612355085
416449458
901744838
6278419
529875063
587483412
807023741
442141368
79392616
754032791
424586484
605179936
2586051
720230289
349568622
671005356
735420359
73758126
381661002
462526934
997769671
776378092
99206125
396495769
592526257
804972102
204584722
234315178
782844566
122344858
260567094
231183572
441809080
728699986
528357653
731279249
512103206
268333844
463700513
249952604
876485514
564301527
387976268
883729895
568762875
912070378
41583052
388127275
874018924
274333508
911572484
380140380
936278952
297453996
346330780
495328484
458196350
993602511
853163447
499425319
422884704
367730825
400798873
517823077
662474987
208940497
786399022
964713330
9938885
920889511
558284674
882117121
858331518
241240453
659041663
30742161
405204089
476218850
953503642
819013283
343499605
411881818
482515993
277633105
572807335
956373732
948469638
524343532
670304101
967015195
447424790
967418597
705404990
953825997
837540714
455280817
441176902
974769097
540793041
248106875
570028508
95608501
776098890
265712223
176332467
898603506
572372682
786223467
440033008
785974589
692494133
412283147
848252572
190420970
720820726
218284379
383736268
117771718
864951663
536963492
288373090
415178082
145708232
701610639
856476352
878308448
410683397
773423062
378738355
318301943
853749066
899867854
744407668
785319920
376117801
537947850
805034434
716866431
792849194
165014983
550191431
995855253
567504149
782161863
13220827
217762049
219222300
94333414
43079828
840789060
877167812
235684183
952819188
334831220
717136864
721220219
852356128
473621647
596976474
257335780
308847880
375912558
972165334
344474389
115372873
605476878
859252026
494044011
653865414
701182174
656991080
339021665
733643123
178122484
140958279
202786900
44667456
708943259
15603625
772566047
506172857
347067321
436927751
283565955
299732825
915231265
26655485
242633177
351269162
983388074
442517986
929359035
617322314
8426925
665689495
69673959
940385278
539990783
442875439
588465401
134712693
826762749
332803827
741857679
853741416
24260227
187206348
613997727
76179480
96891608
392961171
734975427
881506689
770284397
606244458
338875423
464391375
81445204
236450861
917628790
503382378
891517145
779637670
615602501
470976599
980339203
935080642
552950992
962575110
836743200
34565720
266063435
951980341
496166672
591100480
368337950
716990901
320023600
664342026
151745431
846342940
339264295
408078720
489099729
205428815
143585082
713433887
869856678
20087086
966650800
761790849
651763043
892819030
521428402
40205283
880176914
97244117
838891269
21051396
58809993
509019762
822589720
328504449
684050965
508772936
371882537
57226591
529872890
132867345
782853848
234893822
652423074
930372323
383136607
82922957
903440248
155490039
389366844
39421686
482422746
408646835
591668537
442753423
246951
374851455
310772335
138130863
888202306
200595208
528170242
809082978
545555392
217559712
443582547
442787258
741938661
989333636
876554372
118008317
743839646
222729807
499108392
166331695
93761553
346798504
476667569
753782588
702846559
815777716
61472191
222772031
435773490
564550427
17610332
517799765
58196537
812740849
497253157
136695727
241587884
144330429
756434839
652986569
128502555
183640517
841802649
639859593
552196376
96444071
142376577
132590787
856947767
179146798
515210644
859532185
826435480
716690031
410515096
519561980
488645718
894418297
556927437
668324851
531755414
405146902
792262834
561614678
559215146
461666199
760692093
371746241
948200802
554164025
319797590
413186272
328812742
326477319
471136423
924668920
258129510
412305907
617447059
571672437
61824746
264580947
949792798
88737030
444963830
768732814
902095141
293338678
348618554
494597756
326356300
398139056
780136483
947232799
920496595
174699673
599153763
230458190
743297963
98671111
818720939
822955571
871497914
352130187
648247069
353211761
407791124
245058529
286097966
839274249
408779725
417572723
657927924
22388102
19915061
708779777
958357015
433405132
628139254
954445669
443194474
758838243
947584021
724765742
53316415
374147459
433577611
675758024
622409864
946779297
84766519
396875058
991809912
649234999
63795174
821261133
419581115
381216011
285471404
659577469
908312333
445189790
774459359
984908579
10918146
665303054
245298259
479353852
767261829
499718162
432900700
421093577
665053044
208253525
852397319
838504827
525964748
473412352
158678998
612704441
726761193
5632409
407372553
241496403
681187864
690032860
271444481
169253810
457605726
228753756
770026606
750512584
901338663
871181814
227303649
139821727
161865939
590457828
16744880
892030657
92310774
172204530
308156006
637174465
342839078
529939513
17486651
740210115
812980287
608054791
746229475
908836115
856358880
443401498
163307890
17746180
64144758
855880073
199286451
342317864
533579086
789900955
868973630
97644275
795981750
310276666
554313658
832203953
574111874
909784698
404714024
792541941
808466265
398411210
357358770
864639157
186464240
339256371
604209384
467495056
993190720
668286505
98533668
568691020
508431070
652048612
252513325
982156299
596735515
984098912
934408506
893668080
522028139
936811528
479515511
780177993
236682889
363531663
912556546
974777185
522561257
177128993
859437247
507547729
40545896
945122088
301792427
884781112
862725680
177157046
904681820
605445386
48029396
784715087
560573954
481822872
70364811
716528126
429513199
378192517
823505987
3728280
499651088
684304140
663066742
596476550
929167143
438778847
4610563
65635168
151000858
910375782
705429164
351636644
387901750
895680419
948872997
842046909
378544569
409292027
969104894
125133942
291376062
387015502
52278862
836679716
739471746
20765996
617401629
643197288
93346128
193897783
93761502
32969909
506937166
237710972
556223545
647322191
223419694
713682759
965429727
895493831
740097706
558278574
591869962
811227580
480977996
550150189
87805991
276998659
507009137
192319538
66976302
526085925
467980992
710950143
977664622
452617851
931377762
462335321
692690120
904354994
180325218
644523920
226350247
411046434
64915015
708579556
120600067
553172529
107660364
874180696
228995460
109915887
565551020
201176131
584210054
408918053
73634315
822799494
244016686
472522489
296162501
666929743
200886436
74937496
41430546
166833294
97290248
53366323
733953199
374870861
637235236
765766517
447594386
657184856
810223688
556347376
72348298
834150999
639379233
345139646
430307933
787599871
633046387
172055779
448176559
960296063
654873244
865398137
508244748
604811804
642479207
238891011
588312449
25237840
675916012
623623075
921303899
854576134
61815151
394317001
228805944
683208102
431783528
848839168
668823364
997818432
914350357
819778662
160494567
412687077
936446610
872597599
909456445
251027937
670698695
576265503
46662837
105033574
593360507
362241717
29675138
622855862
539281564
888195207
378752601
135361311
36855182
201817143
781203904
920270229
525295595
983408367
568577060
739719485
313754496
78893158
448731824
667661674
586505472
310330966
254272587
607420611
213613204
558648536
468488555
638558120
549023724
461111520
475999173
402568564
175211640
878332511
782724944
146623629
130617236
912783398
615346306
86824169
310649902
84754390
889770770
976523995
349627454
800775071
64156388
739257490
282823181
442781521
498205139
307746039
719982969
798556215
872909550
651507227
616898161
282228149
518099269
376762398
957723545
15327084
169664957
154610339
576301638
449254430
618506757
241574401
165896622
174431440
893827527
17041558
793908593
780083655
702722124
533438979
613752333
199279268
101635238
778149999
862234140
97189645
704802434
297645575
176170849
804666194
209984985
898104242
589348541
647913634
231411298
67834690
954209712
499107758
324760554
478397133
535438051
251441296
423926645
201301175
983067563
807613979
968370141
503404580
941027525
390520594
539964363
667106396
411957148
428741644
173540382
810420397
937083020
965319310
123535619
456272201
849898467
934250501
653288846
938601743
879896766
282297533
683712000
20841961
821746930
513490873
6648507
791024732
88162740
44895507
289558023
62702364
220929430
396982567
585215418
556696735
550743579
5865634
843317269
872990402
510551956
530525505
380820047
410314039
838526341
906250920
592156552
408101488
529587685
768137133
934447842
632406072
602099905
923846652
468706547
478183894
835214851
728212077
819519458
696316780
757506859
890859599
881287069
628753150
87632991
707680519
979989542
823731156
625874561
638323984
210862263
652668430
606634850
269540151
188646897
412796249
296503310
272943399
61457872
13261802
559404285
909108548
178943228
773357777
295165870
169547073
975504726
673461516
981748417
195656909
565814953
710735690
825218076
725993275
281733112
849368790
757757978
330128012
282613367
945104997
678066480
976732273
52085292
580649821
428506547
827129731
932393257
793085889
783713337
477963650
317251300
451570164
852843839
891680676
910923823
491914890
252684133
467529489
397658150
544314428
208041277
722113346
304054456
985566233
280364745
439922305
798863088
464409649
451824498
458362792
755315233
698915025
410939356
56394222
900534724
22669185
766869562
592673805
704507645
7681129
889364868
807420799
235103642
787301068
804200992
245280574
593029005
577528407
183107310
510827461
465162200
389723436
879208732
219285776
138356276
607563389
938648813
570087116
665425873
949442945
868086649
476240859
14658303
724188504
779659085
114128209
297882297
77369232
694223362
560243073
153096779
239965448
814748619
454895649
457002956
941482861
639861232
447993061
428330705
381280050
339829989
122842736
626038616
262885281
207963128
150538307
423504811
32969318
469088502
744924753
529874107
691617666
735591372
828458400
68553727
924817227
243111426
581064913
884066755
241989109
67531291
613261166
580671533
373041578
235589084
419340860
212348041
554061177
221791091
456402474
301829146
20709305
603765330
763996704
750902364
942901445
205406505
728503217
37407799
162840483
250065234
221512625
328895326
204441117
986909089
332899951
752120047
815303713
988366050
467516220
770469576
284718783
258370867
808493931
513708239
508143916
786678408
718949741
514352642
418222321
459874229
443042987
53220970
734729963
696993794
259200907
587126711
332810230
820123791
914693829
41088054
310477476
819468566
470228023
309831823
262122522
505756059
389013519
710300652
212565516
450293987
72148448
732809950
85245881
476550069
920814531
418305700
489778699
53503228
359785603
644173156
790888318
106439509
459476500
533155583
56052028
770124438
552228479
913017354
13758728
444431945
739349077
638360615
296740342
399094451
485721822
473849703
604901443
57295044
63999469
820352579
113117536
343986365
880246602
751700102
178869372
127211668
109940440
675096148
709765570
7533180
670105142
594348254
959227751
970154024
616987722
115705822
105109516
396141974
497751296
842936679
109684906
168852489
995330356
940736721
20146640
779252548
763509499
244903212
53933854
53752295
242236981
235241457
588788942
548692899
181636368
317237699
901686545
508700018
667810746
646440783
175702933
128805924
273002252
812155504
314762667
32622325
286055721
954557758
962936742
43397442
645246537
246627516
839630380
589605792
439134581
747211970
378465970
64487524
308501278
239940249
500598223
579347346
336339453
907625635
296150281
201449501
115210674
396771017
96609733
689146945
250918550
687026728
121149492
779442724
767028208
30771202
156445195
738436883
130236918
50872868
362883324
587987698
117600610
403171334
944291021
278919999
991562689
194134538
506616031
498586255
222753117
747829934
168355918
123367274
624895859
260000751
936579936
591303890
949634072
775714852
942481341
949810552
489396906
118223414
219122452
222618069
397060403
822089648
28183499
462892831
192810261
124830701
899488217
951169588
399399242
651477306
780271542
997522415
574920302
104260625
285607136
834776890
258408259
204455781
963960672
252540633
545527698
279773149
273853243
451812628
231841260
466543166
511562247
527799403
660998948
76344901
90646966
76810550
91786393
583781817
621719605
762990073
679444475
138585141
566635899
615658677
85296416
656527335
856548343
248509273
400713015
128188537
569921803
51879147
400256055
946825191
469508544
863821332
649017575
17214686
325193118
226512831
397695808
301282025
835097535
445593234
227572511
87131845
560691413
123420989
268732483
130585744
35906619
672162006
895159331
62151865
854971677
352795720
554822120
213504755
740845140
489738003
428623493
806625792
876178839
956653996
516644555
727510308
212369290
361912317
65560766
812698883
614399738
961345152
214747851
38890329
993404750
912439311
422209851
587882337
257902802
124598869
344926400
207285066
170420001
306871613
713274009
405999034
351916514
11480326
341651033
774357627
516068715
334525662
4033472
776806939
218811357
91663441
175670002
108428118
914352177
606055051
826592286
770238196
381924582
171019965
119998442
365055545
882877712
351510355
178933152
608340949
856479033
304257829
162225722
160317205
534325737
79869951
857276322
68545501
773513646
830049125
322198052
851269996
209289921
496318138
729147264
181979053
476070789
192523352
330874476
801191360
320331715
1612181
730204499
443757278
445542336
321959703
254055659
395713271
603526313
587803851
139225936
900528142
769524211
138439750
791846173
708180873
233183811
425090481
147478205
733099122
671784246
959238168
35648563
393184291
466033710
645824309
718673953
178625685
76083889
934055734
309528607
532256035
586622339
166383561
625425031
465806125
868673064
955177327
797488331
44037183
765603273
456748553
374375845
147630346
565919105
214435496
727150052
268231991
807264367
943110911
832203467
680417147
143848103
955651704
505323722
20909823
769168970
40573934
282306294
829511184
620670639
807948549
648892028
506305999
393130543
628109044
839588921
16964277
217088504
825740158
92832856
982896815
584899093
964236155
338219092
464036038
937539267
401262501
143199983
176329479
906127689
92097645
14719615
776268201
575325397
556483901
659739044
731709244
161959577
449562679
28762367
77496876
235756199
30208574
23235983
401859140
134379262
758481212
869874172
590634530
333864361
452211124
979219089
13887513
964863764
245503704
667537992
927143705
384782846
600583298
68017957
545640456
375137921
420314069
58602545
324510680
515835597
81724432
987184657
437145873
42899757
633613668
248579893
525922212
414036197
740289086
21529076
528344785
204420043
88266746
75457650
679258987
552856724
936126909
234597710
170315045
801250637
443615700
730847283
589541904
54013588
492262380
365003881
598771629
676738273
998084700
818960903
48537655
870776750
203924127
49257706
551337893
591052515
160875071
364099428
11585773
632049067
724764768
293485807
30980469
841944647
927482282
870998112
428378373
52420523
813268012
770816252
234641536
949434662
944936728
918787068
325689293
232576371
307614970
405381010
661167159
969664110
490248407
992711750
890163560
431931065
422401296
200686577
168690485
697888704
609446797
431877814
416086755
568425302
98810972
690031670
426147638
782537518
432154729
950709489
114582741
20515667
545520475
102531356
141268668
714834554
666835977
800661438
899585138
807205227
993060313
424552005
422504099
160101603
873781912
140694016
229038773
402591519
361162280
853331170
821150097
260684471
339977477
677606220
622357759
186310489
771630247
553294275
104911201
579729459
681531268
929923594
609054864
422949369
24905293
443743558
826799476
676962570
355276720
703049089
525140525
794009842
179189148
747579327
84803427
479723480
865995774
409114019
273272754
150110719
800680288
957662027
773252150
943807763
977813218
413056031
7234133
630208522
863307962
51223175
715506168
145218516
422477442
135239922
488896736
844261414
725232535
700349122
85271027
901336963
159995492
321281027
705927170
245047084
980065350
179930633
652782010
726007500
670315210
766837115
434030786
608711399
259867385
650742349
184091218
35009560
252576338
716765197
897414709
969725432
119505753
921562009
899170780
43848620
107929086
127483817
274876225
231615590
880845421
567613247
687630490
859032775
722298026
139478338
639519299
896339073
789172059
608334417
18706627
593255851
674277131
842201121
301119010
512705861
218323212
783030344
436451984
460497553
876314746
432708700
342327233
321292596
393730554
763460893
239208398
399355972
348478285
39531045
324715568
277470197
316412333
51337851
342865334
287585059
183884238
851637643
781962680
891061082
622312929
875854013
802970468
338455570
93366028
81187777
960483247
246339991
512607444
536665430
379961102
216008288
146674942
822257583
187264130
245270752
30964135
296341356
439448570
70255730
488207779
523282078
818733100
171787924
331579368
952278532
209906941
39332417
925156741
475581418
830780424
474404578
724042276
992164664
654124326
765338562
47282298
349625504
845830915
898795043
154546901
639436136
699810522
817648139
197394645
880441012
244792745
802620276
578893468
299050694
2860791
372044620
59816407
596561962
439887344
563429856
157162721
709547149
887336536
44691230
407176620
869131139
44197513
206686747
800141562
687985394
428099053
984152592
887795994
413432944
514421212
323616101
928249046
448630182
349433621
133680376
6124613
625882333
245971849
42798393
485289920
469313058
323453401
116871922
589446020
572728866
29999620
331123365
197128642
384188650
767480465
165593829
667944392
456835390
910273650
71845272
647245240
229476579
318709427
896424090
778830681
758709492
741853916
901639776
495465278
187187046
559660159
883600828
610971224
538994182
431425775
248335227
488596983
780038496
104937494
258282323
885883195
699527670
2423991
106926701
936626465
103976045
317312715
624987672
570393648
900078521
914198662
743441250
611555856
317509619
208896526
746080578
833632048
902751034
297015562
692470007
722019292
309532635
48635097
547397458
833886421
745962262
688664824
410198580
786535524
451738445
555221358
971376988
690331680
806507641
470438426
10746306
211814156
518904430
464036205
775820687
547099461
363834196
494700673
398785686
789604100
229511418
941044625
629664778
103637705
334769215
429486621
380874062
88183919
584669830
19328028
51984747
322699069
951437139
925102160
997962042
97327677
923795211
836076592
735108263
926940895
70212227
848152127
988350327
323417468
972967842
583155934
376306342
606437980
242340766
746558510
675635191
298742907
401215211
469758319
36246274
47966329
658488348
27541080
713181043
955875082
855794563
816476266
784527899
772676792
587839284
973368032
45317493
357256570
927671705
566532282
486484943
338787805
602195347
111582583
412980435
164012435
956609026
768954688
742183886
255772549
894945398
81018446
294054280
419985581
9060812
855757523
961088556
986021758
276911683
1055169
708274228
40019485
150969937
109017719
328915254
668177429
686963079
983061492
266292297
175568402
414858499
124737692
308184850
359806297
778521597
464918558
27391591
292503429
526007343
476633633
168695547
446236542
983390940
310445105
803820146
972494791
793322222
926008514
798158142
521649446
622251746
280759417
158860842
436630156
957945694
470226533
96900515
764672746
889687748
908799368
852927922
702450777
110109603
954163005
19650038
104382061
542663326
498177950
41701332
208371520
608205371
656356200
930055527
652639142
30666225
64874425
247996834
536430864
160441783
807618810
883930710
39330908
639865470
566436174
120592512
488192404
205230646
35187376
821821008
743402022
737306958
214675255
131290830
896846200
247655549
89418735
713420613
383089967
418959418
351766168
524682367
798226425
581172853
705208124
863798310
420645938
600089963
122860143
239710716
749599598
979823575
853333737
224789752
385004746
698197341
695727826
96253504
561179677
400978673
365286759
276874306
560546934
230377217
561198777
20059004
244755374
51120050
975499390
595280230
541253368
120268691
847576033
797386112
339840400
346772962
329452554
574289129
502366464
755617429
86520526
543595567
910909379
339788096
838607043
930328101
227997361
472491488
848116945
435646526
894760092
318391407
401831717
208219973
236817637
758297396
934787262
831389475
44816991
49192469
618175525
264166888
317537761
515638298
923986834
366810024
819655686
95837509
890069770
736915295
387166162
222992518
823439105
690861957
68063285
133101388
438642381
541756060
948602603
136224614
888858628
307661356
59444785
551532268
21694370
284580892
533985302
15185993
686130792
740350480
851218099
513059820
716396237
775054932
712881867
440839480
194166469
653268578
924943115
470489785
915346364
933789518
312519586
486831279
876451609
891785543
555851394
96717819
597292570
995630851
83818652
250950582
715570257
71536273
416032255
70386286
882614399
65271193
237610811
962666380
18558088
586298179
8865780
939954405
578805410
694072726
90599404
613859171
681801551
375900994
535038117
985140942
296372979
88877735
175849528
212525121
222897873
626838326
243580977
504828871
161259137
323849000
942966273
104186036
328710605
540864139
109167485
522426117
888854561
831574523
703787963
872498650
426454947
679413856
400093974
245373564
882747094
103564045
448068946
750579677
520270663
877276911
525845528
651594665
545903598
928725767
527333736
887232763
934488189
857008565
335357192
554937858
767506417
672276831
166288272
136844786
771479918
391207011
100983908
623202422
498180403
57864876
347333320
816035727
122584541
27630762
60992779
179497648
43999050
541717343
36009574
162802515
396512427
750749175
952325652
714222970
580337288
767056888
141559696
383976865
225152096
798547545
488814971
8556856
658747694
746214655
532445934
715573837
332792244
576158923
373227253
460478301
328412451
288201749
612580601
49907613
317476110
716403536
859771185
693350427
271171734
678912690
845183327
626603518
981598048
338976573
191701996
668590314
638365084
384594214
595808971
557963783
314289029
406889204
461038022
644973767
652731628
426393223
360555543
770934278
729881224
471427468
367408125
599915675
633899994
875975918
968830581
135315909
441479782
449254540
933125462
416085740
241148410
554554927
265525160
233513926
47790772
812102805
139322715
562741123
356423054
801238653
418979252
854553197
4960913
37470344
299617306
940078945
11608419
549423806
486932914
522227818
62208940
728199789
31477068
931186439
418953371
436030987
936519940
954639223
209571025
789944816
237630895
776398821
464176281
902412637
362632388
290729807
500911796
494484630
270839461
965080350
113140228
547913971
469562489
996201250
512695228
65589349
519067720
458089269
929445855
585106936
719600467
649201907
319956425
343476011
951122564
770822259
32360887
915566725
540388424
488208565
271096302
12378933
811623328
43983696
87269506
103287881
819725304
129652784
397550700
732465711
416517119
524960737
413149307
590472238
495868133
435672965
430521566
946333421
710982518
428610639
304182799
545140096
895637574
235150181
211852749
721192911
412542578
781481374
335839783
980340150
666326880
282488079
90778751
16500582
14443976
296487639
805938759
983816310
452988610
330826933
933054557
404106527
969610895
399247818
797712038
186894036
849419748
56094600
130035233
864977808
729189708
154986246
200802532
86127808
759919888
567636642
874872728
767266639
600941544
478228333
436656294
933848072
312317559
763409566
263671331
961305419
573641803
575558867
817953844
547916387
640336576
2268657
61127545
584457402
286445339
951704506
242675724
307535042
397166647
298183110
780506994
708440464
629450256
269813467
287010636
245492939
929566236
167347743
326110229
5240744
162946993
830183656
54105841
662487736
551345442
492476797
319213198
733660762
136264655
322790127
699868491
244530598
297639257
844987095
15534024
337750295
10761392
371408969
450386519
809155063
812308294
831912213
652033750
811565621
763776481
340376502
666462675
541216587
359329170
705722071
993817574
389798922
23671386
603982088
932375527
816308740
381851944
377559668
432077243
148670254
943250763
358770163
472140161
42478313
601798816
670690256
934781519
961495045
788747338
981584718
856530337
771754979
191854110
227540773
391579906
321715099
187782166
913279486
632607380
221316376
78030323
342478576
268434431
249463815
521729587
546563154
994597610
396457688
606441140
243372226
137951831
337581477
703659448
323148006
448747745
808079968
33510609
950754201
881082616
818466412
224277927
393747228
274073371
666938786
179032756
993460820
922694882
611863819
678152602
21333732
423758404
397960909
898542558
455375613
840129060
481217430
775103093
87108823
767736143
669655244
635916210
264611740
967346071
284807290
902209393
457649234
433046905
490008758
892180715
325796292
851273665
733383555
783807869
86180703
391152817
565580236
592929234
962299380
872108638
936789897
108257725
434820684
772248455
423224142
129737377
658732039
918747529
205892538
532832675
423886802
95009122
109766266
772172998
650083825
100331899
272183750
441046157
86917026
831920232
28462124
449079963
124171744
937166389
436581384
819235122
557564284
726534850
983560808
590888624
208114784
809311641
927131906
648784961
38858510
655239602
75367069
736108615
678553678
101245937
558061242
291030041
243437908
470912111
661578915
843095275
636504191
374472938
211653511
241988819
367122750
43201702
666250182
465365120
121611490
411841835
128107269
784944036
764985280
678519579
969263607
663729165
297401219
380706247
849943761
564653358
210477837
62787551
895376430
806462052
706193127
184545475
321628789
474806655
789167451
684349121
804792189
550061807
252012752
500863503
312433233
413720918
1577383
418034387
843944869
24617767
48381187
451230603
315311299
519511690
789078180
138696795
382614835
985811725
57377177
475010463
510978150
744300638
797899602
444894021
105721322
825678544
289299578
730442156
769128072
194677091
594273037
579277039
598042753
419817369
127873002
870814936
482237560
336269105
976208725
305118524
153540513
310912647
44762865
417273148
885569436
8813105
736941943
157828714
163222017
932516015
104494266
287308414
377290203
17886920
85828814
700288546
991963458
494370117
831571874
649228545
738219039
94419875
581201652
286256336
247294783
615306316
952974525
568923079
883704243
536773324
763223137
286045222
19764589
382345179
173931044
225204424
740446982
618749769
6918336
314296606
154785094
542388663
77841298
884296525
595983095
453801119
625701709
897432270
27379823
326963346
907249963
748742051
441275738
443759902
821170048
885628077
784433087
617015281
312040907
664420619
210782906
900770858
97296316
292585892
462133476
695369831
691645528
198908782
493125831
678762582
400039663
196201981
835914452
625700268
48130140
900349510
619248581
892678125
727682786
405181634
817527627
684454131
574984886
725441793
817453522
934113407
873011879
104965563
854068168
933749110
501836938
806581635
635577640
240100276
153385443
114823932
128192286
147537752
837325544
756051644
815684573
752124240
47860763
548839424
859500910
979183630
319132816
526351130
101091582
952475594
556047903
770422822
767623547
146692255
297470048
805082381
636773151
187780090
770392640
397387437
710232688
223921913
591217492
280634377
625647001
121209000
178206709
799894864
250003028
284849350
983925196
817084641
479803924
303383203
478837807
93083760
598340758
175059054
378333781
10027134
562789617
532412441
851912846
447682622
504391302
795614432
363364547
814872284
896023213
527873118
757784496
16467865
246284592
430987814
898611741
449512766
617857672
988082195
252604789
660975596
441834104
506131930
713204275
298622077
665524311
742258950
985698359
450038527
314596307
934141931
702236967
172303132
487199099
946119781
514855519
480434482
340268589
140237368
874592339
944105441
405966141
6402370
297880474
541810468
757081085
546007789
312682961
81185137
3198540
829721646
813414576
350204723
603343049
607545403
543215233
490184933
116992962
285989838
611298144
792825598
327380369
701470787
126758643
793905480
227061183
165698
55166363
542057377
542887954
392266474
726144341
913885143
882742633
567173833
743953324
39639379
131666300
554126515
265773303
873974884
436869693
683863560
306562765
293286848
926359736
166284192
949111408
142059641
408019156
955811011
130156551
710764884
377082126
480701411
643934704
305294094
345067951
605206100
948249945
255863552
508652820
791941079
618053728
189830770
161685053
784847626
910723639
225639597
422388252
424773494
356530140
483527502
763298295
565644294
546406502
264036586
994724549
479981297
16751533
687642861
831193090
984742109
578972134
679945516
866733623
117048045
354218548
355718913
227509172
507510094
36941378
454434502
821189197
30603935
652477698
821015824
25524620
384101919
627883310
898665403
613902276
644127076
818300607
237588006
827086513
453880568
930856482
396578021
831187184
671790342
937303361
477086515
140052764
634932517
158867615
8920350
892898530
111016981
261608343
271488476
850817808
587950229
722610545
683446851
118004833
713921432
860932898
257586658
64512806
982707382
247937557
192976089
626196930
771080047
114925949
699722089
22649808
984849243
711392265
70712565
717474674
992262871
844329262
504530619
473326655
152513489
832115193
175345441
109366010
898657319
694421806
536644112
331908388
383906865
356872385
220507149
408549684
466626261
201789517
578295354
608956177
61302438
201741764
3079986
630083987
821769890
889958926
419733092
901113953
592502891
271292351
326567325
314943816
233332127
691299963
116964074
969105738
740105964
277842182
368112926
451118840
650135169
662496017
172295144
759264080
529658890
286711805
245751130
28241142
318893901
967449703
190439175
376518917
551894035
575955047
456895047
517123278
132980769
567788475
144655828
782317854
275081351
908827327
249494318
451011360
526565898
665395808
963567907
537375313
479589916
814185911
855813842
100840178
83897621
285395396
224617936
525980120
47316876
413942387
13736010
340376321
422068963
130256171
357972149
877568861
641413681
524542861
758422319
332563672
931213262
684421852
318146206
303902919
279231863
909130002
937642638
11215281
832108931
305880767
250947827
441023471
890221247
718260541
331644329
355442896
660086172
971823764
801442090
786120949
530468751
601335041
521197077
123965096
994968765
92518666
850504699
396522461
784386918
161546704
587888186
390099472
165325928
463548450
692166348
149016784
737894560
488532854
501008910
556580617
650545356
34777785
373515700
615008181
214365670
294557584
30699693
183637020
909443746
448162614
329293256
37111607
624953737
237984717
634497319
561033790
40197787
617290442
628158350
109430793
734444617
938786760
274229210
903435895
65107567
864301471
638862524
534121122
220761618
471353238
930764725
949825435
296540664
604737380
747438420
909738704
509546884
420355884
988915527
461735574
937805099
706780425
546049832
468180870
858619696
855963049
780220214
270169860
363437865
174313209
944395723
569753902
244653722
323436499
144693959
927898728
198555251
494643162
915542777
401020976
535728073
254642046
574094073
327386358
696557147
877798205
915187456
696422245
371076314
631064410
231550641
313291197
542058277
542405333
10598282
764552167
978366807
171334852
717325037
924039832
827594626
468527632
569647849
277832707
409678393
581990962
655672390
742916312
339157134
922792649
522235110
772823588
225610176
246741202
604258183
311868650
734896958
82043336
896239791
134543718
861296163
697955151
469449033
789386689
480894606
603887012
758642
420881761
988800487
273318855
272598433
617539827
386900299
61291554
419418130
735317185
931134677
564245104
970305705
240430506
150701126
395543208
277303548
706171710
125808180
928496096
303533420
75916291
148741417
341187284
347866198
540000255
313586299
906656365
572249422
850274094
563440991
84012334
183819307
550673488
198383180
925537108
593349755
447654154
843430695
8487021
313703758
168324146
665907295
117922894
495248325
359529223
337465959
853307184
989940555
3731815
422287986
30114553
512226297
901997368
351442126
16985082
281617682
698761074
340411517
340906821
684875744
347092755
382308750
248909071
159335963
384693208
682953705
865863606
599158412
317472865
722742500
727627209
22171638
621012082
418710226
747853400
341278853
948707710
674400183
683925226
990263172
793632699
650080291
968827728
273108991
572290513
939895871
702840598
114065858
917046673
8565752
319149867
968214469
357195772
723752327
109285597
154657545
469764600
687821088
685889992
884872747
139038155
621159505
770944309
722573586
147305820
594331773
516050169
930953955
661742194
315059177
159416144
940609983
484568668
419962531
121829225
348529026
504187728
97894227
591903504
172707319
108628380
327295362
776991327
551570499
537695435
474638039
476865736
417302977
813175523
624312359
137345419
551427131
775250023
179765597
925286230
554145317
523683295
704634869
107320512
520835214
159049818
695709956
922535281
741323315
145997284
975033823
591673335
613612924
500690839
545831868
582500020
890966411
666327977
197682402
941274549
673326798
702053817
863780569
459470892
965700090
7350707
810481131
758546278
748860853
934869540
858848000
543265953
972821738
864190494
151889207
598244261
855979614
181422733
484230048
395600896
936440889
352147062
708198035
573812493
118975531
170994314
779694697
345557216
789793347
936697199
78303163
829238404
679255937
249743719
485914302
149842084
404400715
38174129
791159521
282774153
752056569
165325787
827507649
972738623
893514804
755912019
644365779
422841460
636989199
143055148
745413548
639745329
951728708
19340560
887937693
275628036
337067489
282376223
910716591
502003110
523157423
864766320
26906014
818879877
568915557
130125856
776997363
568462895
564776580
641632123
793432255
46840302
115983493
962284589
630061017
519519833
584776178
252438027
237047600
470426503
752890688
102635249
211907832
346773988
247683775
289120284
283632624
902880047
117334705
248905138
907864603
11706816
137544959
381760077
28669238
788159532
903158587
97415281
168529704
55998714
256318758
403229516
12299661
294977175
246184451
607406666
472528338
539462205
716878162
539837400
87846776
270658150
871922398
55209593
716807359
410319055
120316411
95584570
323287509
112468077
308012934
330346068
286861481
183140398
392005634
19147052
150362078
15160227
566679843
174799367
349758999
920194142
348598373
679892356
389107836
115722029
407592430
152698440
502491756
694462843
654500017
59994460
733135458
979991000
522378099
766435235
210436325
527706772
785197882
293317668
691894670
796655368
668636853
286920880
951036408
112198005
514309896
406740206
943869822
680832329
94764233
306729431
640144810
115743124
7062013
109939017
491983957
753513350
471492702
250844919
672854402
301623557
631582023
739194437
647468161
281622972
890233819
918172225
491905806
17086705
985960120
777687232
442647527
480234509
353194606
681271745
502799291
395738291
226733460
815171117
843112760
7972935
46579029
374401857
487659318
286745139
633774692
115392201
404406390
169074768
434591175
419429913
982622031
811561804
854451025
74633401
165048813
46390263
471693187
499864748
945468094
683228049
6200893
452895338
586347546
799988052
103373946
276337810
617386862
985191134
210177188
200694769
432014419
421804678
322372294
560913647
923695708
993080684
333546550
223597182
48593514
200157866
715671093
877486269
930687561
676714714
433915838
591064244
167598880
742112938
465274714
950072787
612413804
781840262
378027048
820608048
411115714
403079633
862060456
470168605
456991508
369190424
933079570
574845472
298095813
794025889
686418457
789252686
947890677
974307180
935840303
99520465
460220934
750718777
283633504
911512245
915005411
262422143
353990376
661465902
94156804
837753836
566975973
186814750
652866363
350169037
396578091
490407258
757519282
92408789
354674239
66352778
589222516
73997067
305829894
142457240
291520414
693012159
103441069
740767001
110630101
225383600
879186193
446569302
183842511
287459548
178903096
428675718
643468461
553861326
662295072
782538545
463390857
156725052
281065558
179339094
713003468
817843789
506704062
63524617
873013894
340218030
815948949
640080654
91966764
803664552
860306163
459403503
75893549
886395339
406172403
895382421
923644356
130939375
27406621
608531396
833192155
851538562
555345996
692030647
641741507
839661065
903826654
36564172
151724556
967299633
488511447
476089984
667985383
107998993
394607300
56559165
700341876
300922525
352648017
617793467
428723850
414877923
767218210
684755746
780500481
610312897
83049601
488533709
6056701
94648925
151239743
463793103
98502316
546072157
465691572
453129282
641610102
362796524
577588428
209833628
945201486
18086923
766188456
120368269
421461096
632154205
140916221
133883724
516734360
163277110
685321618
125811929
428868034
779695459
435260862
185933392
232810471
265012311
428119837
733266629
19129680
104092280
368726733
46012297
721948628
706273352
324116810
803891255
782111845
64985836
189720761
535438733
333546439
915551110
555014536
940045170
182783770
67507152
254373579
161174836
747889877
865341219
288289384
43291711
830822120
332108810
824645981
513427681
556451219
351499485
541046909
884629755
496806964
668277041
384977182
981131926
675736586
716844975
107797801
759576726
52762825
968196250
854419526
434824999
329549232
117464111
739008812
590586482
958661279
907220655
140486165
595987595
894502923
983835330
854067968
483174951
633867443
557745195
493198727
44760420
933172262
204445037
311722935
6874034
765664706
233413809
646437465
290873096
393067914
866764703
230517294
850159967
852354796
501268787
116032306
527025100
231685954
308124316
107686088
984930672
647638037
813477420
824734319
411253975
722564963
264311838
229005850
691316154
110790030
804288510
871961254
649745450
55936413
888606297
88048009
148047017
633350258
319099515
20413367
685044736
164942379
604990443
764931811
123513159
480320314
694430393
377275722
231660923
208856695
301344824
888683490
516783023
226041201
202975317
353329738
584426514
711893751
332087961
331895035
168619369
624646068
103513952
257955424
407944464
605716237
935185747
293683197
567452603
804192772
756393075
910677755
922842043
27389316
125194548
639525081
73056015
219151937
814126595
176815701
594815946
447936277
86345074
982379220
391232506
354908484
505055776
901846604
174243903
105436834
476973771
920013768
275559780
241991520
929970976
587416770
984206644
512466017
817440949
184096194
899057520
203033099
804134681
501950930
719353445
123185470
179617877
556404168
268983967
936241443
426087924
194321906
87597299
15593036
987541782
479740740
149657133
547146098
410155713
164657658
853928717
415437082
540591460
629961340
408532366
787499679
757545294
262808927
400402578
241310285
868525656
161477681
795283707
722331433
728208783
655635624
580836286
368820116
940668835
653757668
281237244
829223163
392893921
586581305
250300541
668518237
171330056
67324616
1042431
785894707
753896234
914740671
544561252
86321761
36474690
792593914
231266467
982285239
558487275
843595680
38170698
67037646
382494029
728931464
349174761
22165269
844445003
670923997
639912060
896406375
26777741
814333151
901696386
726366667
591004075
572265747
694413145
909469465
253701176
250927974
534183242
92619212
745523272
463261391
838766815
963914420
237096704
965507673
526893894
688898928
512434791
154622487
262226672
848650720
537997961
662983989
654019572
869835545
120697748
24557027
804621509
431240733
368353576
620445807
173219666
306311416
38525376
568108805
537889360
517851647
623183590
677131339
801213396
525616039
220482677
216162443
244448027
439751012
677561967
349617450
76560731
535090002
752363169
989623046
63454225
715800780
805804980
928757230
130744714
613237829
301879621
284570057
54016754
341329253
328812550
29938464
652801824
49648533
369110235
166873956
652633073
950862392
338286389
517850304
704587655
318209217
20996869
609914185
735356899
860035199
821206324
493149859
579928249
281926685
697616559
461130769
655938529
303328678
307088943
720592454
360202570
668463482
585093509
601617532
829371866
807281328
517013347
212904769
743066572
723368309
571896812
694882683
726003741
661045912
765176786
99750576
764277615
295316035
73844790
361806523
27695625
218454393
220855711
379746767
986151956
391227913
683273198
688281419
825613915
682890811
344273971
87212611
990039686
354716592
187646609
200418351
895258693
795987612
531006287
809614091
388756074
35322726
812542205
154505846
108763104
950684108
574856626
324826349
977126590
733020112
848030982
305336106
870551166
195668368
284029046
278970889
977840540
178641926
480904872
147461368
627803952
135399777
77332460
329142752
279967915
343173591
896214937
136676159
809048930
967763348
865989280
528969506
259773071
675813166
66629598
236785156
256415058
341230818
319063480
918362297
116942670
226228172
917928625
288353558
344704216
829504220
949477663
268831136
145664780
281795800
838446453
275019130
110827497
805246619
874512956
897881598
837111324
458375288
653779862
883213139
635220530
901985638
608334086
169579392
120138224
732405787
109531064
648783363
622877448
403020662
166207598
410456351
625519775
794538666
917192842
124470961
507838977
38873370
78327160
715787275
13800353
682158890
391729474
902105163
174399066
48629033
745086
718778446
177637028
85086946
389376721
787996308
612791357
238911135
225723401
573602681
852266106
532725777
760640759
930231922
470778737
843057832
733166640
170447353
111996195
742108593
664789446
655856836
262096448
197852170
357102169
136338309
601216484
395747640
815478785
20536892
347438929
390315019
504795919
324702436
851386944
773660718
73772720
836311294
328624842
21267405
546022624
640513611
189174798
826640684
397162219
261839328
970446837
184568959
819715576
655219098
522114322
619972681
343678427
213947039
712285917
2036922
327198474
157438559
427324841
513247902
502467776
855168255
455445177
242460268
458399464
473191916
127921509
248855397
856980850
574873301
824038342
209093383
645847214
217770792
616645396
464435059
827398142
15657481
70872217
600463908
429608505
527160153
753565986
46103121
681204515
789030250
536788691
312871762
757198903
223556416
406422713
434986438
236975288
504531327
362205516
226460866
347233410
709930368
873484180
345388300
373341052
446006641
304444428
249862895
550318414
324991396
151485084
355384145
411410326
730053463
215868780
544887578
563602395
730351617
670537391
748432239
607201568
976241353
383566039
498619267
28947925
876319415
320034014
172946392
1208193
838691669
589854136
721732696
440199644
76337330
244088589
923826965
589270048
811959420
913827513
751267698
343983993
736876009
224771637
641220373
320261436
156112481
663497840
405190495
380427073
649307749
91130467
25740243
881966117
363846237
997575377
240813589
915200987
640822804
637641154
465376366
365355268
497909614
492516771
936649914
87767913
64896536
134741123
480681868
332228432
530816359
919802598
907606676
389275808
67793776
516534126
80777646
678081385
294727579
157873986
656278352
346999850
986122467
47798598
539240470
738754978
635820717
168777026
127832302
863953326
61090654
785315735
834731363
414075160
725776842
876668583
67608755
939405010
845777745
501786215
397065922
583264757
171011326
1617449
20257537
947866469
33665308
430127597
579783591
720983791
214603615
741179898
271114773
351710768
273356253
168086986
724127399
629098322
473634925
104188315
65552178
481701619
4849488
70485805
272254464
842120557
885107842
399573500
819609836
212634698
948919643
181537404
71722852
374895299
485518360
190586380
278259085
826399463
512676132
226574279
949136058
896349986
691506552
673177646
364724622
986918263
836502764
665740979
313266775
124470929
727683735
811492941
594585515
476962795
509977285
93045517
601764411
967763272
412379948
105567191
890372660
955022168
813775730
506942568
981737066
591117516
834843197
642367885
644429894
750431949
202756054
122747328
791414649
75673326
97051795
916525362
154331558
581765057
351871269
47633823
638784518
973287803
172200979
894784710
421746291
885826660
361715226
1918501
965910871
808661863
433522548
370207444
108928293
583943664
139874232
626782432
653570921
202615728
709674089
969329196
602048497
719177818
333169099
957207744
292572973
518681228
626703422
188653608
572607323
739861777
448468705
567325541
369073278
975764962
912416824
338900924
456427761
214613630
690189871
891324904
378359388
66804132
888303716
729159870
901731733
571384935
300915658
942695607
831813080
462360521
547057126
13055924
905992785
612371396
287527181
481870660
570515808
86195671
422319084
300522734
354457913
368799724
215157455
701701905
909382105
706737807
847061284
225423229
327583729
299882369
179878146
901851687
215261705
822389719
580363941
168006336
533570144
6786247
277508827
650260310
722469880
444412412
399570835
955879880
767687761
768324673
196437567
283019572
272019749
900658012
203092871
558023529
182297937
231345584
968545423
865854456
118489750
857120488
744758631
48058441
344865014
928213105
173200809
898015929
861197804
920314581
466636203
950730298
200101806
452133260
186753857
895747423
593488612
155105516
9027694
10477164
71217307
160933297
980592803
337889131
869236220
576143645
15857638
594288113
13310363
978111668
375908333
485814594
952360923
739573668
950234262
199345479
291479951
132870307
960801905
77294455
148038426
872782615
44716576
821041580
973045925
612091359
717650003
825241459
214145522
541184384
339996165
99658132
74799771
182677165
413474642
474711634
177871367
18900091
605223096
740830498
909138846
493304173
302377572
34104148
226486752
386913643
913760415
480496344
777486122
379548082
678207697
89620497
252785477
71328829
631191753
871799210
299738372
500341104
502582656
25469184
875620519
348417777
621411856
239999488
100251841
396165614
837982415
983446470
405826667
948888581
476931822
869664028
630279264
786389481
50141084
721831243
705911100
686238588
875958928
639434240
59859991
413497962
982825027
335140982
893941490
584253362
863049696
566888547
609489525
904536168
599467915
50299811
71578180
905960622
283460716
668335276
664017125
515745869
630717942
465010336
394820171
815183912
814809205
400295030
319202274
911304733
567088710
555424280
344116382
656670483
213159891
855341379
123062357
741300793
345760380
232156350
418203683
784694892
163933484
619905984
194560687
44164026
661755328
409727770
889945446
202396003
917381005
223314898
922938065
748820838
957321557
132989512
176918957
597417901
417235948
296249503
177491217
768834081
927017426
83914226
667202393
289842727
915140563
620648676
509731166
772474180
195660277
729535302
118682669
273220476
596962984
601816022
859752358
606074770
719236494
123877829
242969894
866718321
900164142
604982683
473149301
911462401
389756323
946828101
442950882
617603841
350557628
938019300
608505662
967195561
556266870
154789876
684983649
618455846
434033230
305427677
576480102
215563588
852126805
25577174
723473953
918448715
872705791
52700373
878775788
635064233
795540750
30905928
938753743
945737292
702548620
784619839
314244478
553932991
757346947
733921694
807887431
77691611
416830262
734182647
519996709
14246208
174310040
752453282
113899554
863894814
888122759
526232517
940522924
66355398
460282894
818011616
412068111
8402411
937209628
680018769
557255250
225363181
369462973
328554891
745740802
72178404
389987455
517765578
194049172
936465357
452344315
737647039
345154358
761325536
554323776
911837841
288454789
374667915
520962477
842604586
737133008
217780821
85787074
719661059
184789514
974820854
662087261
491157743
642237013
550424535
918737964
230841414
545511009
685992854
52340283
468602209
541335876
970065238
196950041
588359723
508396577
495804497
127775893
832315058
156560185
172379183
389011671
834307420
757776985
780174901
343270342
676500178
288465700
613682830
86578852
15136102
645358838
206874485
369490754
411226055
244527399
735144363
203942865
364580598
733970533
562062583
7821313
117979604
564394613
776700371
756820485
830581517
254856016
535956737
295372375
379084252
48924017
253043277
799161123
855616591
10897007
574194265
888603647
143541396
317812348
45041098
153712158
424578120
416715883
452488065
2412295
192609232
927981901
740551863
223124875
597741360
990192023
377692803
523980809
752154211
279829489
286607456
180918253
374302007
947538034
784777132
20568967
626463484
971341379
616034982
716954261
602145235
163507925
700350996
756674789
367192936
569070191
420825726
820363431
521293910
639124964
107611638
600947467
40850770
434034369
822052032
922875617
725132226
636147012
276636777
316551981
791098066
344258763
756092992
65445499
199997192
724718893
872164989
13133513
395948560
441364523
619875767
768181429
404903214
99599628
243487950
693758328
460550384
775116218
136441085
159417605
503627470
223144356
574384900
264548951
729019832
520390920
337171757
920700228
301737609
182715970
774683365
559425844
570362791
785432594
589311886
229345826
780017956
315289360
857159994
920088459
531589697
416272151
707996148
886992126
240494550
881684416
537366646
675708356
14814025
621987409
914527830
860321970
191217441
71349618
731175967
314612379
236594635
691682356
83825133
654916760
814408794
391052840
33175222
647617493
751648120
827462794
377649629
256601519
219038263
275952422
453899149
993330908
672513043
468603499
560551335
151717081
846606756
806206294
819978767
894025483
824071317
25876207
385219734
127746924
425632712
759651020
748035359
525746043
808200090
936034366
775456715
15156286
26878571
188071734
273325434
197747175
13825473
764806157
94742097
89884382
704486496
576208432
334529928
158467177
295536532
977116378
543065010
809098483
289723572
422294096
447026593
891736042
538402831
758411769
864146034
276777715
98135731
27097081
157902236
543916905
384828241
884024132
615763467
631925699
106739069
709185581
671892313
557333127
849395899
269673942
434332479
213138898
686905076
133290573
43766711
228052671
612036630
681346090
198211047
11583613
255589108
239245167
962995051
87940538
282310178
289690116
841681386
414379660
462281327
889401194
685822083
383246118
329981592
945929403
981884221
9062773
545793043
864869424
335667003
242182148
473350398
527249125
92891294
259473911
618276218
122852724
161961695
818606166
868253352
174690924
742176014
464294684
284781998
134479233
755925808
271876072
862729797
185166752
524201312
873180486
601182094
344086233
685375952
386667349
622710121
545722264
700309676
818044452
765146871
775083147
424796145
466135542
234264237
704209828
560964074
382576712
593791921
812102930
451965481
98833254
852623898
386832195
447761072
693886014
889698982
852300221
233044252
597208156
843639227
28621899
776234611
826464044
142217487
797197679
136587684
363705852
971312721
899379342
976564265
626252566
385926734
325119877
504773861
325093854
768198514
58045518
200027514
153143563
512290814
892602383
134590243
80305964
770932442
164920602
815190581
398298943
930547313
793805441
608005201
86849597
573648938
575116884
687612897
231535720
940789940
37882519
632183832
72158623
658916263
226058460
455299082
896930120
986565281
948951182
611297523
314325770
166263818
742385706
323889098
986521348
270325419
782773973
194285788
85327163
452863935
968636325
836207095
545917114
135341883
111124199
495318071
85075831
986282049
454081009
116317945
888363110
19572517
514084281
36255124
301296740
594938665
54147246
163741877
907892216
699959788
96886168
4224726
67756203
135940443
639227344
878464535
184215283
309279505
862000527
444807599
713779657
826803261
208036796
604328052
206322021
545684442
801460828
480247930
587895054
91350916
653222598
322134484
351812217
972303026
555909403
328922922
920926093
555302557
168884498
871613788
341091556
18101750
616766134
42343437
508130583
820235344
480935022
557945050
361855865
635629691
187011311
344818484
675289179
358527695
461942460
835771368
403869054
816906110
441668607
73016076
490674361
348615002
377084085
689664557
385168638
145948379
950639457
16335243
34168064
314298076
850966424
188216769
422975629
379894261
194417280
24454704
68859322
379434412
530630182
155795582
654594591
661495490
191846711
398256001
786278825
461136577
348795586
630911997
756195984
553957693
606862371
502960285
31215491
281958122
806536789
19829148
811109695
484291111
785084585
530269299
179900008
852010844
78388848
394302098
324552777
498302529
630776638
64766208
275522046
111358794
51563638
48643491
437367401
201049161
45046299
90885870
485384896
345553464
746214112
212415067
587114379
234028262
816292148
89420833
752132707
811861440
125759854
589746027
545163956
918793916
813022266
150753865
897793728
534849367
480544537
608999695
917760904
154165931
575776940
914248444
336069989
673176897
742489493
3421035
826678857
575942577
272514449
7427011
786156925
805961561
468660005
392396224
504458553
352019490
126348753
277641454
681218054
535144913
840958820
549151751
383647427
417853302
109430953
590731517
739982610
763229361
650072640
461061266
736942376
55953056
396844959
875907302
353563118
99980666
235409710
986931270
520010529
589517999
96224140
762751594
171275505
635547761
266483692
316317604
797286938
538365650
776929244
877311930
510594449
25040724
795363009
767810320
352137503
410555864
284555258
705715365
504658277
795422005
763298359
584700572
482866054
160160071
790518428
349532733
76659172
936997349
486365886
466919125
108712301
558552181
66090536
83138293
445960925
899465057
166694248
641978141
355970695
927818812
163403729
50276160
33342479
287102977
628160099
400080744
79040988
52377841
31837493
281902345
163187853
979944182
717607815
212868694
548196215
974583282
827232162
322674233
790220076
878371497
566670642
16005791
419149661
110526880
917212033
451615591
455112688
615127492
11362260
246750228
548690364
554601453
249296622
997972027
555999538
623151316
115081671
369301495
283402757
427760487
894451185
199313183
848979904
478875336
301370591
345629579
496684210
640656956
850244453
963921454
414921744
971751283
687994739
390969067
509572270
59706397
752087308
922558871
371100590
929974387
855655640
117592286
90251665
657483952
849521754
718549294
223563037
591726560
562386696
448416004
620377390
578789318
554760545
460468529
510731145
962955116
281245392
183825012
936503881
19928972
320075883
460162273
330918159
520501481
796858597
451522466
296888415
802409412
596426034
196969356
426288581
619740774
531156267
330292865
567584455
223746632
122371615
705107163
728749750
708104419
322632049
792653239
472355620
503151374
442799453
890764460
239502745
955733320
287914848
696207476
941115559
895078025
480273685
371387476
532043203
986452518
658897364
293956649
424231193
811083753
280937709
43283711
689531497
230802173
819001656
503587056
84410157
327906202
501235980
220997704
373712956
947442903
480136523
815908541
564006381
243392556
785057763
210239685
111100031
614882804
155125490
846232077
447314363
75573490
346214749
344598535
136357618
727077072
215721183
325646654
413309785
106866407
480665322
771402059
66246266
316199049
439983773
615789404
277619475
555185899
841299560
558318780
240139257
844165472
970678281
861209991
392667791
573632608
588007773
952526496
975167257
409659541
975550065
862686828
988768675
42249471
958540112
523498348
594860696
678223494
865342428
314372175
703579308
484478791
413263245
724942865
779603426
83356483
926610844
29945961
325704611
55471179
919351859
357321798
439343351
7309751
927152201
403405587
937125417
227986901
580533713
22073314
938683175
217908159
709395518
316612963
14297295
459128054
465244567
542884230
539660957
480854399
577000308
735145136
867899988
763423906
895547481
184834210
779930597
847947551
69763518
557332120
703104411
275358427
302477802
865912074
988814641
946076097
529137547
723985149
437718024
898035641
675772405
644980207
685074276
923261411
484734467
42546214
221483133
633102207
307476117
634865496
900816678
755013640
502556497
623544841
411009341
81212921
877819384
623452690
446300010
152266285
7784281
349632413
48509625
110827818
928980129
622674505
556386536
686072021
991319367
665019904
901745741
985997155
837038308
170991839
698038945
148935480
733336472
89416038
706833352
286306165
608817251
321042519
351438641
756195181
352642715
11490557
65139430
420219080
501190478
950009665
133646966
302467765
793401310
861461294
822213227
339651730
454143271
461024790
930013703
119388761
370147657
316617913
793810949
135270355
601282030
5025087
744943549
240964580
845844465
46817911
620705227
867320428
462444047
330960842
988044168
863862147
28176234
716915358
839916875
303793505
936213348
352028317
859527360
703457950
14253961
139917586
967215430
750111307
515308919
736932436
388077845
318624575
782158151
838879451
203565792
827578172
669002176
242845130
916961921
749750603
70508737
243091774
311502932
382095715
320821500
927099706
460437866
567908810
396830373
729023333
516077021
19793812
216659538
66406190
313476359
753418391
68458512
941702383
344900783
581192826
709119940
853612071
573084775
333743330
951829572
207355620
915445814
737682642
277526663
298961160
862950780
481538514
712598466
997197269
879063405
791073009
451189454
613448350
668150761
822074318
127886668
198410091
409523252
53600812
346258721
50102945
172642878
558667120
874920778
322380199
977931154
36597300
742679397
111708208
523904635
167291985
583908626
160513617
267586882
192633289
545775139
871706043
910711938
711844817
967854256
412878616
872073823
567681806
229768069
490262262
100042636
496575112
604728896
559733794
313216551
467000624
773585723
342407595
319640441
661124540
343923678
907926816
947050985
115825941
551263927
762552273
763971369
392369498
955064019
581103052
688876533
15292299
682296934
603648978
268394168
556312846
335000254
455578674
17584570
55872802
651406899
910559284
622529508
613558354
447383592
828399722
97135830
317306734
101446708
778195977
874096857
595505534
761783243
914362832
479615297
496808124
209991132
401522637
15176302
944594
926576256
26646412
462790501
887274574
109572013
142662719
415150630
984176391
189302482
588293689
482781703
283084402
749253047
425920462
137387024
199234977
438096344
343742308
312431868
101975221
995732282
366683237
924749772
506604739
913668580
589913481
983110056
863943864
355813755
1650386
363877866
73206303
276822654
266915094
235310453
341965276
568362969
498215085
103471740
378101224
293924958
987779538
208296896
136594964
993957970
106179554
758571146
741523469
12742322
622949017
119758184
696691760
100664834
410756239
121974577
159764776
24303021
792996493
886160494
786984232
972138622
264236187
118687851
455925696
355725439
264276343
627243628
912672259
52271137
512864323
346490851
137183280
889615294
347331966
83352397
640389921
365252711
718616359
520867101
657651403
161279059
832920555
760175540
108576970
496291011
533151960
826542549
292174268
652131169
906208638
643252480
587915711
486949076
961924347
381763341
472846696
700535759
165774956
954939211
126446040
6526839
971739529
128829188
792147669
387539903
712358212
632545259
707750041
882332884
639698648
300652406
549369818
683842495
350959833
607905193
628003194
799206725
127801801
86545177
458140081
99806784
704773324
8812758
899978179
272287854
601962891
11463823
249055089
619671680
909080867
457935475
163433512
465548833
461918717
226945725
451020140
592264150
255383677
253127338
388895689
374190775
213341187
631521391
959162735
649116027
279203475
543949259
617450196
249636470
287027743
858865370
608594498
555016180
750186295
201165674
202359202
910304430
892928055
244256838
840769554
593059718
376930686
584583840
967411354
179414607
666223549
560290248
151060388
354707869
112453832
470639898
373366791
234261034
454446547
386637552
929370799
514870219
1396474
786344656
405287009
41984444
457492532
13455327
763911921
551614111
658407720
496468635
273004205
306862976
951031132
724753348
776950202
875710181
411673379
68526024
988484558
795699329
979954355
685342019
667281638
372093424
228314703
81295770
647676689
529450808
19197597
744297403
470649177
518695555
235077371
275555818
869985346
481656190
706291235
291361153
184687570
16407639
810346228
740898465
523008764
791581979
261982397
952292200
401502075
689636170
291543906
320668630
12171794
493579779
355954789
196010544
880685816
935038156
115221627
23985609
794251874
358833983
311204830
890094324
408338408
353227369
846564304
893903874
666520203
325949454
355945733
748007550
388443177
752670351
652491064
559355108
76064827
309619731
57741439
68933844
799143250
231858072
88496169
109718558
518728786
374258944
812530047
584062240
905431228
181145492
421225577
948542865
479046601
916857050
457493838
951735384
807865964
551627550
992473881
293244566
157683555
15958872
555017851
600917614
460221749
716223664
425837105
116153289
830628250
789416653
395836746
970185468
624112114
139076767
668080823
838371964
363629651
490781829
826231522
421981375
743845202
91896838
670324762
8542826
444460920
162065657
158520326
655094349
871687836
313840317
402359816
814201696
159399776
418149098
318672339
718075236
788761292
100406760
724405045
301174135
719352721
318223519
847757121
600065094
909526005
585359870
433029572
372048006
799429277
41611795
320151341
504475946
714565123
186654310
193509530
174267106
638356826
419433802
801877537
341274132
898247709
954997696
535440288
438061446
358201786
575393234
119816057
300562018
626281005
94596876
805899537
122330853
885642034
799281357
928242953
485834958
649278910
815319612
675383251
209782635
879472103
219815509
726637492
260414721
128390326
70992841
925568502
407679730
143892788
292968452
628859725
470091767
727312029
970382313
865227387
219520390
963396872
819370447
573151863
396141054
68787769
234288534
262116988
938641572
481706022
69285486
315160575
838860280
361222644
805891553
327611308
890894184
549779646
16471774
21987639
386795674
311638125
246425726
63294554
141954879
447362103
448183111
663112947
164875759
159917007
919467536
334070246
766241060
942535901
467328958
296353828
177424697
856783176
506082317
108495595
628018181
372233075
313056955
209540233
140262470
448022422
476520854
275387941
531736665
142184554
920524389
903921384
321175825
373402754
299333308
29676360
683336291
12215262
177550287
541700367
301669263
768566860
925122724
239659998
57472270
43855451
642610702
51808354
361660946
363446985
881678579
299370584
715572823
286575802
410420151
169706987
793302683
88005819
353761500
202838662
210761367
510936115
984145834
765482237
559297080
607079870
96321757
771639566
744748000
69654910
534244605
481609213
432383915
789739885
18575748
861861063
257560175
75381
883384332
737232925
307860590
862160359
596869954
940725994
639349932
341635704
388620081
29423463
959080374
960293578
560725246
893232014
611577197
751133768
725465977
396633805
238724916
34854770
660843538
123858528
211451874
692848757
77443978
556287938
184470886
600037209
422686920
454451852
905225301
388762630
438602552
506554229
682536744
676960187
312193936
933893492
279331436
432176594
578442618
74037554
728808654
522833533
881112074
618775908
943274112
648329306
371703934
566215885
86379180
876162468
19450953
115387806
530305872
575988400
919855829
531946705
233827381
744568542
609078304
643801087
908109721
674087492
282957472
890115247
156477121
460044879
434012425
175920761
389600540
673612417
886048917
895357524
227012950
810229415
485898274
310454982
933299356
888291571
369598572
718833657
985217067
462835570
792051910
368878543
622594234
849961106
300382871
763135521
179448189
793583912
288009907
471277268
51063952
11628482
522196218
380823674
534534882
464287571
187360764
453001614
350010826
684033354
834557680
589414561
402698409
510439231
646275867
759365959
309939071
924614323
167586763
162463333
235710455
360891045
725727902
342533557
198427688
473117771
214305686
601384338
524921334
540947347
333874205
819531608
641548073
200891584
712348158
217786168
687662018
63609341
919379358
913624877
917913085
969288364
142345715
450806254
481569520
780113445
789315973
764236469
280665530
562997586
760914892
50909818
993958173
220923006
728525979
447859365
867726906
287277227
146055793
816551677
598700076
375875546
606005355
980323891
711049469
57809326
314633474
665870754
489664360
391527136
416539769
928220953
424301396
358008005
43376895
1283824
466077350
282770578
292095985
317850527
995664599
184953951
708193466
344224099
882200562
89946913
253298048
832324928
389953122
924473191
905849032
621575535
828615890
952889983
775085596
927453136
659762922
268748619
453451783
79623295
127854709
699256686
959191240
352492115
696699873
178936704
483375511
918928165
136283473
736271181
337213785
408983713
58702287
82941817
761688828
122541580
243875247
336125059
837321281
886592569
97704381
514131394
687407040
865809157
525067476
739062159
27727478
350077060
419987695
206985826
108813464
311681361
263681806
648391216
802559507
334303811
163998363
850905195
168912554
313047964
183243547
22784040
217584004
542158956
347451339
726902223
269413160
676486518
893966439
700295438
44202260
245101856
428220533
837080161
410664397
871486874
544126248
4557189
471559978
477016362
439326573
795123137
481442184
360149351
954363489
734537895
555004674
426513529
977813200
272809583
516717432
143844865
526077953
847137214
462963706
601318676
817062680
475687515
929263836
54055486
679754783
523534918
238731250
12062178
984364898
800824287
795830542
405942093
336622300
306909022
103844917
994208332
281753429
938871804
503931916
845773976
31515527
348047708
284410166
970714341
889963008
694779643
174565201
721618064
50935787
664552748
478358646
261301026
752369921
906167106
777170298
326828070
104758044
288161477
121368654
367064303
956011364
930343841
353157518
795354660
690949399
492717033
499149400
921162341
696541998
87086689
222367022
69332132
312243849
865585416
680000283
918408939
361149238
492164768
472064369
124231210
192342451
268530817
347103475
288902806
573536456
186335697
986809883
410967438
462659483
452704362
905711419
755303719
750170532
150743700
824886780
215365291
188009180
320354269
835729594
218294151
364623925
684360536
484427649
154197938
511381474
735757294
884729578
602543656
887507750
126000746
769955843
434257898
654593237
863959437
763567570
705488656
739385267
22691451
329695847
884289299
447707445
537677733
615762957
218806189
333081018
91754662
239386186
907597110
506790975
306297681
699696192
508948251
750633720
226231011
617616704
121891523
740970227
977461470
775884415
841046482
983636782
215539975
738755395
832114266
31532625
790460547
949371884
429148599
491357712
718283865
172767841
104998231
58603764
506313396
235244234
388239599
216801405
147873205
974059998
230551231
544336476
668704977
884561552
931481489
764696449
28284433
590649357
554594378
117062668
563645465
296379040
460521535
578758990
883316404
110204254
499746346
411492497
149557865
955202346
897360963
426479111
773926931
151708792
601096018
112179677
340404395
673980214
179457468
690993665
851882644
268452290
753757587
456293616
671093000
639898209
110942034
515311427
139316817
639864810
135299405
30970741
814665810
862551145
902449401
400311090
608720008
380701593
224318025
578402303
667961162
595284022
979091932
496481187
323829010
121373251
436504367
551694777
653887513
851881266
570011562
853436808
455813568
704747348
339090819
244183371
331481068
770201478
592573711
988433917
539829036
935598733
679920605
759239355
264797156
858193446
86239289
353944973
927936266
225142411
820062803
226110273
60744497
863013219
369897929
559194410
722405920
387305579
61245442
886820754
333515036
511900555
26525037
122242013
179488960
685679757
222893580
145393169
922804131
102649670
901921578
149981401
569510678
472067677
250100391
37265184
845872040
841694539
43263602
72837453
329157254
701062230
669590515
24870564
380995228
698019681
979088508
104435626
800928486
400109918
333654010
513625686
825929688
165895744
444001447
687594335
705064730
825494884
60529269
613173681
601876593
923530042
640495601
787647467
873082931
145247199
341008478
358436669
184629159
748287745
586019181
738668503
793712052
45135058
651589050
240192402
921686935
937425524
692220386
384314454
464018039
884390109
289931225
918588323
822344439
517156543
594602388
883144135
553349722
367107707
435012513
122401363
632931472
579825848
124796794
750709334
176124876
966593208
73306415
506206780
551634337
872910203
259788404
756409782
346910872
716704281
636250916
129808725
739166718
37809607
250780325
666709926
450583087
567585221
161302246
482054557
955474907
726507916
443632597
405801940
841392028
947664256
82340026
467481028
571236969
727565952
595688281
698854416
702023451
58362195
337275227
995566348
148376098
533580946
868049577
519041178
853285329
957832402
868392499
554119986
891966001
585132307
815530883
451029305
241794323
435483022
482216692
333862534
24838552
279769475
233624216
366155487
491515713
80266659
482498901
12098173
916818176
337280944
154241820
741211996
483357090
285079618
184334316
484009251
659284735
16484017
390475983
890088899
458694309
822628563
619121864
914957046
720239795
908098223
320762230
970417553
919656844
833530895
982928733
463548766
856956782
712781211
958292957
425280708
817897322
410469641
760940823
387056609
569834361
920458217
63246611
130536772
858531575
165399594
74806195
998030865
495408165
643615233
955916408
782921213
863733022
504114071
888665858
459887825
307376705
345019773
626860160
858831146
152776328
169387650
867088246
406730299
874609451
319483078
157584941
729815279
593805280
786079869
147270966
815230838
818221052
449228950
968038079
829002343
829722554
12148418
686294532
530445627
163436572
758158455
935296453
994268357
847858485
967481422
31466183
423197039
426293091
791031457
919336999
707089498
540456451
981426946
189269089
816232338
418575990
713898438
994570639
990797052
603758187
645844826
125337919
126147584
587560512
172862832
246701340
496389558
2027882
442402943
724113031
103276353
152968136
942403533
593310075
754117578
812733262
678068960
144204367
563423667
355002282
84250315
1126687
590527108
298182001
981367224
36184409
239386369
851594555
108254077
478908277
38065001
801553862
528072817
383957381
836240367
776338688
750575805
779131054
786239711
172724354
930015296
341329129
261030569
768801229
508925817
237571825
81235477
773166965
56584460
320303139
148045810
877372731
498493101
238496393
823420313
24071791
85138825
571221021
345959788
876368025
319290558
366309610
107826226
126026392
820006090
178505181
414927291
119640104
322187376
394585287
194673600
407162610
31231961
769066559
369211399
172159840
303643163
146886313
511874925
825569905
646136023
636223804
709878597
232890929
358873840
585239450
905861483
247392041
551501415
307142370
968079705
877471231
142260218
214138609
520753378
484149317
842650452
671820049
535714254
739976478
906176087
277470708
748087947
601716471
549640048
394942742
117071063
16532681
671706037
56156492
466054588
754784821
983825920
472531439
777286106
343548107
407073746
607195045
518403786
801783341
420534059
296826894
559789094
194747167
705799700
606484646
792465046
269759315
964461417
21597786
189996262
536353897
206958606
601547926
349030872
907466115
240166155
94731464
479774542
103294899
78849811
425567161
775292938
174911854
909428555
283151517
381551323
915264242
2044210
671491482
228980376
141027525
716443117
482687217
881952077
931958381
558220413
145082377
139034057
929586472
722186596
579643628
324710060
191684280
582628643
845757966
771162405
751637935
437028653
333185922
42530425
856691563
282823348
760112868
727851636
2702581
93416910
642762390
724379021
524438723
15165913
947570986
560462054
665505133
33311986
909681547
241601797
641603422
772085704
672391181
900735225
522489254
578409538
35347338
220130663
978248957
82643272
889629959
275005710
815443062
411583129
691481926
608838548
578890192
89085381
323586982
466996180
283845202
493926931
104316379
680801622
810862363
520961770
713846858
539600113
85994270
47153004
41047886
286496037
246153170
590732562
663827099
949532062
756828874
783637244
798317620
434905641
461197536
768714866
467100299
907742732
717421326
550603220
693093890
829526492
92361052
876880596
612742289
453586387
401622304
34195965
286534866
386839686
391556029
398925824
240317173
637733438
575986083
432096813
405379792
385204117
446883419
735338861
341643590
16908322
290450798
258432871
547185199
959696954
511538574
997627167
861401174
611866198
444941081
321725018
302038697
807404100
630418110
436796317
679889420
982078860
936032110
793834552
855902880
413597713
768133658
523707836
65865026
655520110
435794303
876668150
758154228
153397875
187351118
883724117
807313180
565583980
749986042
57605962
885462824
391833088
439687602
232407952
960423392
149473320
977443858
869170144
83580737
290794349
868428932
819020830
866803720
340483198
839848322
397224462
879289188
712120808
745364267
519507842
78359007
82197185
832414643
983886584
3987274
811874520
217796094
88932353
680931706
82968106
69013533
22385051
20830904
712008764
84254045
784297444
338068633
881306857
372256915
986914499
992712975
611450851
932543749
831071403
626779897
477525679
388147333
498263816
840717497
420518021
42123539
90220222
770055223
869865633
921687325
882232361
621509307
213835703
399702414
859628432
541602642
684356436
101422886
996606769
552331367
394396064
410717220
671751870
665251115
286027098
303224301
468183562
818698675
15798088
106386839
745887138
743904709
980982168
41298352
965873375
139726461
595191809
803892001
624161216
323423323
21007636
649380159
162081405
614117450
981779721
112880133
103756975
537117867
920109241
113460797
813278463
634812705
903597685
28262653
620834321
219099815
943362565
201866350
673687648
65768521
730084496
340557780
530920585
511470724
912415308
960098045
597524286
24809939
905903404
596310749
30826994
459997333
154233282
38388926
325594173
288383151
493041353
740204968
753507995
676152693
572065068
570146982
320785629
664631902
588138203
748453391
917355173
198385605
393986836
553841170
598695015
913242077
430456233
197057058
919427275
567112908
198422989
896609559
753993779
289884442
214813655
796136052
966876501
872699845
59110404
909248549
849639932
922523998
811091445
14707208
492243316
274335964
843015296
702130838
154975208
636168315
338513097
355996048
172547484
963413114
937420225
744214985
603428244
263893151
18780377
68599030
461794116
854284753
187861131
705364135
588364383
798119624
394665860
857240601
414889049
350129813
785117108
69965609
990850891
361602529
944932699
385403424
562190518
211928638
443592672
164440230
127431281
666786128
491658300
890734280
710952603
194590413
740577459
356323611
287229214
55394998
468512487
857959525
300829235
897097246
200154409
470029309
342399395
826197259
502131923
797868738
433262472
742038219
23102975
862343311
1473872
838566364
389623344
48279852
533504883
572584351
837756850
806461182
906445789
267835270
939302015
693362655
58438985
443056333
492401202
849207419
113471528
918591454
241071932
697101173
951917312
467959213
72036932
456679876
748380869
136946583
218707173
375315783
125813232
70469282
152687543
402802960
359948978
831372521
712309465
109941100
755226313
877536284
964869702
510066606
523603814
97263438
304553336
29609642
210546313
863540066
838924970
767811370
80399203
235664592
692994609
822089811
539104487
768313286
150721007
674735749
147577574
27108092
571321428
859957108
230430750
311373894
248956839
900152912
997580589
230715319
810093020
60192346
930132123
416131866
732961094
403917177
4760118
774182603
277625813
26574157
366384185
211763163
801947495
399317219
339001324
500683856
278857100
280275386
604507738
451260105
126427686
316526077
667287608
508555739
433302115
669098119
990965641
689942739
964442989
830214428
484637185
605046414
420787654
415536656
473534652
287808483
490085726
734105108
753698971
206292371
12140741
928451277
453520423
128505387
43477646
976690269
341819932
702058705
767141241
301085287
348064295
900758337
607748650
670691147
471532149
484020951
892987708
969632244
172234093
673972600
108277128
875290507
936054311
30309190
122677658
57123564
719247014
625496547
387684843
59723377
611372286
660724384
729575173
848314399
130122389
131897695
22609663
43350712
652380997
961030168
621228480
474430714
125446470
881535052
763379862
948149347
726111323
962199286
428991461
100194466
700461153
821299875
655980930
266260157
502629896
153562433
984098283
402785189
748299850
808169826
185853896
688782124
1153968
912531082
469779315
858332871
835564299
774759823
691809238
450908957
940219820
304921955
917897682
771484493
843127302
358542457
414896197
608392015
89979039
301641471
791007490
404209756
59202530
272913091
834079617
72120847
904276463
458521238
939834344
639481675
292888899
972547509
121043784
82652287
258771303
996743926
65290143
24519993
417719912
896575316
451403290
554204129
790240111
955073604
490087435
139496760
23281575
33307484
140014974
810662907
148182916
493970942
376450010
638801649
205719653
531959422
949375769
839460299
861465104
609264899
814657398
917619664
683266744
516156030
442555923
389958801
338302108
172301272
703614676
221150676
833931433
498970012
57010496
493586276
576199688
51463840
436383502
644288877
800736442
450626362
935382363
834469808
228503351
108963945
590061596
958552610
540206420
767447128
97946726
227451284
337953688
904441237
190155590
404132968
53222728
677846771
907923014
569852641
472941077
228831710
660529046
256688431
570890103
61591550
2932895
554204529
977333803
651720201
345098468
742374180
581186566
38619292
706158610
207740285
29625357
431890048
70208056
742544176
386134372
433886811
494551258
528954953
181660186
510949251
259633323
781304309
660412328
990523093
432913650
146957785
394468609
762402803
794892215
971800551
155622239
519240958
240041135
908919256
161447048
944673444
55637420
50671938
44358746
656520657
483611615
36753619
546148918
151088556
50026803
552915920
643108090
595534785
978241828
599382644
132443509
679740707
1705302
995725169
647273277
169400317
989190400
306888774
147583514
658877681
4690216
161013360
884678975
464191233
949248095
741569652
427234086
395963193
241619284
360139170
670367870
981683639
922787245
199797563
405573396
783236351
62093125
821229565
684798410
914469396
423990892
456241974
601684823
828998293
695034166
311797831
602585269
494706360
798959550
173138174
311060140
4567463
520168263
233580308
730158938
534090127
514462953
9177860
686023630
377803625
251332148
11787902
98766451
331798231
240678455
18310319
114311209
414502806
23300771
174200811
130200876
743142155
77041382
171136237
648816520
372715076
808687707
13758406
837651220
759371581
915584969
353151859
967111985
731867232
421294144
532352105
972150399
957672552
97708936
397394379
442599104
968621866
890316192
410049719
30003796
967450706
587944113
380156303
565027175
173709832
692905619
531516021
508416505
641076943
728182746
427061527
316278159
62233079
432034660
231019948
260194468
374264734
404983452
79183059
498680161
931464107
582549171
933162996
452976488
851734778
759439687
479000051
311757824
687732416
181394882
831874903
297309539
653940265
630318626
736608713
960864478
103680416
234056999
355752285
325617109
100291695
288678748
722946902
187917053
677867936
677556192
409848314
672880875
288337614
189955030
688187303
36064547
365425707
51933469
178643610
154392521
169734293
672620179
273048861
968901
889784985
724973853
738392587
164644819
798345613
913340991
808434885
887257123
835322120
859515433
65368429
359124407
363523036
484131136
715954428
772450639
681051103
760768809
15913174
458715250
717112689
956797109
844259739
462764591
47219299
574795161
605248052
657871434
446141891
175068543
348892822
533083555
387266345
507019329
682393058
91395853
720460635
621449191
951854084
578108081
48947548
25733929
71301165
164983762
882512073
976305386
560879048
602252996
84878566
561480379
858388679
498487722
194426458
527397266
852601311
899390457
843253339
72812240
861662598
984692080
422220108
950827367
808460637
764224434
843429609
119806927
996291021
474294061
505430992
28360528
805081971
871192617
102568439
684500571
152052340
459654191
74315499
663251518
57313765
9899435
104917425
937524973
394747595
529268833
226651318
139887022
897947892
586719505
108408785
305993875
670473968
206129495
132039693
836903170
920397165
335237768
429171073
178298536
334762925
943063836
616831452
911336405
135336447
730859782
859696857
64329623
769032115
610579168
112767761
416102788
87310067
650355705
262156703
318681561
829501018
899758986
958166601
466044679
308643173
783149315
917891519
288172112
233175495
290116464
327029907
574529683
772994411
931503770
691606290
790465936
688417852
787726132
906375481
701076907
823665906
273453733
897974940
904757242
659985158
599162846
494171142
224273512
504437676
616132147
211752400
901590072
90585095
682088107
230419204
689533339
292109702
282578770
32719015
588660806
162625910
376156019
702777727
680383563
26708240
751730427
563635348
612086195
988169455
599017568
252590941
965903344
256181190
101604118
955947271
968416066
184646200
96964566
257840663
123640738
970674012
755741412
708763894
508188028
946988107
277378783
86648156
638713168
877467372
199180357
22357179
320586881
792923323
871341868
668934577
819634471
461841135
329406488
553779742
961930222
526787493
17521358
153049950
223955999
698160040
766524838
800758628
562447312
209975495
658425044
392463065
269337653
571362271
334478655
267375
584352672
699642878
738428931
119680922
778690998
168000977
814272756
605533407
666771333
542197412
227294349
822460750
950313539
761660871
84548914
546136383
168797190
629917569
404070256
979167489
716961418
70378137
399512494
57699920
747014908
294246675
924245114
713204469
976159535
363064678
973216380
251075877
551059960
802440502
465063449
410577658
746474222
489362403
923465197
475392471
436559258
228668115
466277565
798264555
914693356
229157525
803126370
673298502
735288031
56448766
353642540
948697687
782445060
941930821
275823062
917821170
191403474
375073201
57073138
564195581
321560936
880793120
986032785
781761905
931260542
943007358
489333123
104788093
635135216
705356908
11067569
363990374
523959630
377232538
95803794
810543820
864007770
914834536
769589243
567149728
677446636
258139637
6054962
48377696
205515648
582321091
289805345
357854962
21314651
664236677
33852955
886565208
109599551
309518200
989460661
805119259
793948843
643139507
143679626
390753958
643005740
648438329
433406898
861820847
934712827
204523333
446673904
493325516
575110400
406058091
697593458
354456020
516830805
936339574
958181128
95872838
47527333
796228426
212432121
295070134
662695939
67784129
811358633
165940274
253234408
708973615
570771266
343837362
582632306
973784817
601146889
588450703
97568268
445987710
751327927
132872039
906323160
121636573
413585525
91089
190753433
844324578
312630524
837390930
108097537
684081444
262213080
158221854
155013937
206750643
548590600
994893255
21648875
162582453
75521093
448765953
307882933
863125594
416233745
764557127
159912748
215487454
995355048
667871506
869029879
683666827
932701854
231337497
468954502
650687810
184907190
990486074
994653626
795023514
132392727
320277136
80332615
319181101
664172115
471282073
86370098
790531998
213748050
57532611
743198617
170335116
73295322
84452174
222523818
389533269
885053044
942443047
634236066
373752194
166546142
845401330
134784123
616879841
490764691
550369621
711426218
892522297
35790010
575854131
861944265
253077344
195853088
613885933
775439445
926435847
344405849
764298392
273861795
730342403
969336004
206839629
279928144
435656437
728963216
658312705
556167011
149677268
384498915
492805632
394161227
228214515
491332157
197668083
572159725
272522025
128999005
450620425
311548224
667747284
234620355
888553497
25735152
915648525
820940658
665685220
99033825
809945488
393072452
653469111
313506864
665824435
581538417
254588076
718951849
208181947
230820100
279661340
901836368
365157795
97246473
462498631
642481668
914402868
469025713
232859398
494079436
435388080
890056834
670811183
896894439
523276789
479646872
954599487
975034556
113057470
65172822
974231462
775588925
612550533
864300919
430565029
460567575
535678809
6402777
708480386
92645140
640381356
808090964
246869907
278885693
923186539
560733040
82769545
507536504
860868542
367417024
985562545
234744752
815473045
306755479
601270607
278622720
186943894
349649344
495604644
516342196
30195094
238006617
30370616
729191385
367689481
338426784
541395555
358967363
38184575
740393559
728732716
733617019
990665106
937007504
99386914
19227818
540653577
703816247
755572918
790425841
578354388
605437217
53873233
498850877
585119802
335875587
402374083
542400471
710366788
523263924
482157627
794518390
134811448
560561361
516045944
344334663
563337068
655239879
747028741
814833060
468994077
171709738
224579407
273072204
497472287
324201677
829689420
57833001
615943281
67532053
845916048
809580431
333661205
941610472
73825545
368114934
331724637
802118402
459351296
262506546
790735911
433443947
228876462
52610932
203604477
672787887
631754842
257887976
631672949
171146707
312226703
426448344
946355011
116051398
76386868
344989138
343355712
879436809
987856127
771059611
370412959
634598539
714184365
420713036
191929649
85222456
481046347
823255424
451522591
600348777
165249389
465396297
57444473
220682224
657245369
508290879
883836059
320600823
16583770
111607477
736131746
438942230
974979
759436929
973997999
25602226
69614278
940816608
593298942
396157101
906692005
581411678
283670291
699874461
639288940
167455500
821295272
676845501
786782114
246000298
113134312
654495193
250972444
283550488
148504425
903235789
928413744
500999616
28237302
842189259
317957824
938787079
545365865
254178374
237112831
978228058
325067781
659476468
42223611
409071708
487648160
43908879
462254860
35147342
900102673
944166031
767386928
974480599
308386269
381593585
728584763
797120390
314322296
607466808
455613447
907689812
667024959
225117330
917586598
928474067
933604519
55028682
747431725
742306239
38970178
522109775
563028516
54904563
898217020
231991751
573631485
728172092
795084703
866846819
25451193
827371808
282225289
710668447
967007950
598507021
946343571
197822964
445525465
665955361
224698092
799993493
892198493
522092208
42314251
658958633
872956575
864453274
894282356
229506787
302932960
972309318
882486496
600776913
443046398
472445912
835531733
220756025
974783905
176059747
743121782
660562985
933205050
573374341
116079601
614473561
10855601
65529769
591264384
935995727
885174482
423664950
427704053
973921875
113317772
559656862
635714893
515872621
847762810
617141410
422375312
552257292
159434521
793655201
773300579
482896492
742645421
641016001
524987785
866838221
910687711
880444669
427962476
327173367
458802745
389991029
875551422
140240162
900433069
724160312
505200137
283084411
861996099
122564947
635351799
101218074
523673040
258424422
973486955
198371582
121058311
777673516
506229902
461603357
492142275
195550242
553254833
563432616
944097516
969658692
334809491
386207166
822557284
824050138
852161822
282109389
593803533
774378286
391245824
2334510
269674568
115657154
674194389
211103785
264293021
179428492
497685276
746358477
460007583
978681204
203273075
741390153
614106118
625384815
424211746
35746701
784345934
236445302
182497046
227168019
706536186
549777431
442387038
365264133
513758362
542170392
224631626
479611158
70779401
195817838
304644452
331749958
707842408
482545524
899089072
409050024
243383348
425975465
565474727
966564858
248251564
18540178
331885191
239496988
605487791
42661456
147577306
521864413
625103440
425483526
987458454
734520881
696756930
857749131
390245750
4236097
639332591
546802005
835298193
337611740
455545502
635944806
715001895
682373323
355155421
433130915
105444992
969139083
339776215
88899008
393194907
48823778
455193167
906563977
159645500
939369222
847862720
169004276
150829542
643675281
191319640
934007089
113181991
418403105
185859554
583837440
257854540
133783665
114463820
443285906
242395221
348124843
747788913
331273778
23766436
581887976
496413559
407473862
515016957
819712062
177241435
49127539
708228385
140009661
770713141
20393865
796515702
454691245
737672861
991292392
365899713
232345569
346012653
200915049
273348776
788368508
794379374
986502369
852805107
907430121
387979795
239365874
809193855
918195852
322158451
721184982
696891265
602868880
171319724
78212697
148142306
39130048
83107242
71420155
703524401
889953589
255700097
662288074
515135294
274691983
314136359
765856129
177831055
71871635
50112512
86486951
629488093
225386274
42536902
338200566
499441629
106352250
436443114
226166784
270268659
982282203
816568553
205109792
145215185
516906935
60987511
126776671
491819821
601565585
788206824
23025600
577238429
31508750
136280791
851466028
313421142
324507741
611184082
143717181
349967367
885572576
315334524
208950262
44179751
280165621
287964847
641236361
473969159
350320711
886845294
458404638
306629858
374220271
329425772
23599249
939765854
336661623
448116673
687730401
519713987
508567142
536497505
620014968
519330891
372934390
620728952
289254487
308180238
50342756
911358690
799750949
563323271
841471467
483808598
578909627
908536296
599366441
644105649
427999371
217605221
364876427
802782567
484320233
839918788
259514946
11935820
891625234
99158424
8019193
868567023
88626960
24822510
518779544
44714197
760527552
369606545
848659911
238293899
345460518
430925241
331283651
741475584
673171163
923937
402973182
181239570
342911310
796892904
804016577
927853921
288761438
37754657
637091173
951304729
86855921
113873684
644699216
101944095
42587175
331474784
304609908
371320894
355087754
167756544
455900648
996189938
260169517
362382479
961593805
922711396
621998988
160410450
205212443
640160851
558168208
278105154
31243086
431831202
647154662
381724888
956169727
490572652
905528441
37226799
686798921
781087236
854452926
233879851
47385830
230395333
790665341
541374607
203934108
815165798
593169295
551572013
354477965
988965005
810861926
906029855
142133983
685464245
949341754
646927406
225444452
836849047
942840807
599322185
996721149
220378091
472927099
473701678
647622389
287758109
352166005
218254978
341792176
565576464
270202573
688955321
219333458
603397495
44023191
523480068
719037611
235514262
319309721
104896219
887286826
638441104
37629860
129987768
31015140
659273247
849459314
114029421
289226037
321489390
42212593
392343834
162020196
165079537
867411400
221397743
433411397
622175197
946214455
892737305
41844467
973628201
501783162
794685777
494991108
870955939
795294061
170040416
766324833
426333734
969313071
501236246
260936969
643265658
187644148
191241070
763529608
417536833
744774916
636369992
991174601
107604111
78787689
201630690
26245250
163964633
716133323
768408928
572977779
723204225
494889981
470989754
953312529
836280890
430816711
634252685
121774346
27480791
965974553
131609109
34850189
833361806
458503205
166584811
171740956
628194034
735335530
491547601
977535384
482202125
896637014
224559041
697932113
187146043
284670338
494898238
289718932
635357036
696095894
965157972
390921671
23007356
155572972
201811500
270471263
822114602
611876836
319953426
823706679
344445533
232608235
416952041
900445321
618539992
118549124
267680509
158973538
279464009
251394477
899729364
695155019
170692941
598177998
249027839
174205229
476297211
546974652
48486319
979719865
617105600
825915808
378135734
522116229
332975017
434619225
515143403
29979676
252404955
828700882
174085886
927802910
494529841
93597408
640445809
81813168
545076445
627901057
464380330
365924938
165779913
965660770
671507594
344996578
587773887
729037282
35174645
661068103
68092876
337364995
580679265
498347560
343742170
962979244
923818277
952221612
675462470
183219868
850826905
61156081
743413360
89242157
40159579
157253139
16332522
761181312
22545930
520667785
607198890
608904963
23202051
27202450
705300368
880544618
315862988
698406680
809965730
586896561
110919962
440714790
388304543
944160130
390307248
987495100
671693401
913540976
374527740
44354152
465249714
168602187
116620308
632771590
144195698
264926404
359473114
680497620
700911148
509672223
589237322
755819446
917133378
474694839
312923644
693625003
426097072
215060065
114488138
648703787
53013295
306821640
121818315
43039814
431529123
842046511
261945809
820217985
722325769
242147120
116663155
33462131
585510322
412905258
390422347
781686703
454574612
658288995
217151505
310832596
684753331
796725241
725110163
808707063
719144929
318913673
66761269
944251392
997328012
749649812
75019501
504182859
803025812
282711797
535940070
88388951
343359322
194879923
687444771
276723629
209425640
494348384
264513799
193229086
335917974
563416021
756105068
159171543
228371234
273976260
247408415
472310046
349445689
566346069
356314806
456706980
786438622
254129989
687077936
285960463
726754358
36900369
909190248
355817355
278143809
132642486
933630625
858071823
141257377
51222720
357662943
793499618
609315349
136371360
981162216
971516894
754902330
241149760
526112008
672921362
982299212
186430981
413117581
960511092
188969006
551238627
170798403
62746638
20259057
243649528
292266971
351106919
970936602
783127549
121248778
622331394
923713296
806457124
771098896
713653485
444211730
595524549
992691557
286355098
27721078
732271907
311675395
961998709
991966512
550279773
360820147
61999040
963797445
859095263
683159452
960153698
62949391
530274734
53750250
174824299
749089655
476253747
645317807
630602487
50278916
569380081
311307811
175691089
732040510
777350849
236278805
151699511
537216820
126458315
52684736
694149443
936671080
460160439
814735665
432634555
774955168
778652701
654350519
258542862
348586201
953380943
93794870
436981403
924343364
181479672
329673524
428172315
894575683
498999118
987360632
948437419
110176541
565419873
521517788
341949178
761773774
461129069
333569461
405574170
133354552
827847744
937513771
332091958
147662813
336528626
977200000
110903487
143593270
664601859
39909403
42863225
806244472
898946227
446736476
961342992
126271932
807266565
528117047
780947722
57595193
719313495
256566319
390045100
817497400
573494128
951884557
565809830
505489694
228296341
949556296
679260259
586861361
86075282
470901728
188733261
652235982
961135688
53225593
244037036
984525181
538622187
755677710
966179039
208792624
385389683
867115686
248303606
652920130
11503496
139958076
234427636
427091742
149689678
341090091
621153
322555150
288542378
523640989
465107797
756051122
220636798
93692892
983932574
139839161
206884631
363859869
316999758
571867350
497453770
203205307
989193727
121429595
238312395
492796654
654835697
203235584
883117277
455935134
949114484
393642925
881263686
877811841
635057326
419539287
733202675
458222657
648651682
163791168
327335002
61724992
736022211
560536171
948448134
235660567
146222861
931458915
985728012
322408971
613075766
156280367
404671841
241352152
761994767
342141122
348544050
595741506
687727743
557025884
110985393
744346408
584241126
831590529
2918724
692358882
126283148
580568863
893785105
797787646
599696768
250545076
882926254
629742292
575412493
555546794
804389480
729491189
506956643
355942091
832004439
270466812
755728963
66187513
302730368
908971734
270776137
820705582
314346663
708337660
503596939
724920379
963589670
263755336
79168083
455255817
151161994
400695928
636381832
71532288
180367481
438102395
571144964
545379225
662618395
206140782
404790919
286115384
827332874
704286474
825062125
264833483
585311826
641833508
761100135
224622148
16858950
251269800
856940850
418845742
206940020
147825143
863756529
610457021
380020173
22637058
140502380
832816399
285821672
413616239
173304079
170143685
363257945
885662078
107552103
142202168
900853439
319858478
393638544
18166036
713820753
773795573
195853685
54692882
45089407
143109296
457025397
673828713
109490693
12662731
224997641
366580523
528890100
106667626
866190327
31522784
116195007
67879838
159883175
938411712
425835837
909524234
563433885
645242545
334697174
351540604
583864362
228656687
533964269
527049184
848009378
372099191
322787868
709113043
955120680
368086981
885218883
555992925
390225933
435789350
961623219
405652678
644779110
846914841
664023491
239029019
614750715
351878738
429853781
90790916
191682797
411245906
905145689
990626560
85930224
143208568
975672324
407495648
396476018
897736983
337477542
90196545
959638887
493599636
680719890
393890562
251666384
157952199
565773081
352660943
271531229
723129278
161460360
757119750
420235412
102187039
184774352
88644133
335237893
421898766
147593781
607189052
380656972
75705974
424580737
613453516
176886336
266261006
71398374
247995273
150949778
135594326
387807629
864515997
693571945
44141246
243267803
456545391
213600567
113731456
44719979
422703871
113639356
872708912
799840114
749740229
230809938
400253229
975591764
328011742
635043200
913575196
802148246
504457726
610223349
626917412
658629463
373282712
916289932
418258809
532415378
535361823
827366455
951522021
672296306
233189660
248973697
516129928
880445438
168949918
170904749
646746654
834060638
47795610
675387689
47350308
682380508
932424643
538307145
907965530
157484873
589320549
208084133
494366873
449233430
752075674
767407835
175247700
479767711
626503309
913186230
509963696
879272455
156350884
670908582
633979254
842608819
691475452
463975995
914231736
494471002
137689024
889008099
692642610
193452962
448858754
621089419
927361641
620681906
68371109
676607610
762178794
925426180
589981299
536716958
805461811
765221677
309938625
837545317
156061048
994254912
293697850
79287331
322353905
177033347
161143108
921464251
731825018
563716616
486918400
838220659
550836616
65883773
896229846
834395584
317621968
676202069
190077926
10809364
215774038
485591974
429293597
496529964
858250085
61191430
362729525
316435880
292778479
589958685
123509579
209768475
107557756
624742429
869501695
577420649
596729612
491704516
771582719
192092888
489724252
438125824
962848805
118383930
422695103
526540298
809404984
909164380
455915017
982474651
443405719
840567132
729212447
821042426
147269123
167905921
634091617
596470705
679898590
75211874
365474900
36353312
827711866
829911474
885106829
228814999
953715964
282970112
854963160
320817565
457807858
523463619
287984236
723457529
945381606
679559406
289006140
113332687
469961311
289539543
717246725
198624974
88756095
775382882
565177722
692614586
979099800
725221098
801958850
359886252
973400102
554507692
604558172
435630421
419711134
805810398
116681868
664394841
76150646
500978204
324662279
838257895
372769210
692021700
111968226
761532956
523285313
102966230
604833062
31882323
75171735
974545965
898960467
720981473
140099987
558104587
810949185
556032350
215219306
826707565
840474837
829084686
672810135
39516569
683674585
605166154
21929222
620071380
24404138
565999851
209249807
191150325
157625091
809089377
302987987
861726413
593182701
386228232
838316728
670919477
258166829
55071340
377203688
209188186
481245584
207233149
819210180
316397322
810079548
196426613
887142862
932815149
256956826
186763572
29232380
255430002
728966952
902793097
143750811
686037208
837727853
63914755
279089795
899719365
120808192
198089963
512541796
995603415
528382655
666445555
931796278
375566077
756114024
151538625
565447235
660792060
218234016
74314671
812668647
697334258
335839708
642447284
440365003
578855865
856541660
437000870
861741074
932582682
881932766
822999745
644434875
263856607
548155724
206657668
796319879
1052873
653130320
467781483
167579202
196991521
302336881
654533463
513834033
420109779
300050755
356994166
412248216
286983636
637768867
812727849
38687816
163659629
77232886
727309324
198337752
527985476
345529639
916067384
460941063
392152674
60379453
163117491
829567778
758289494
878774406
916608941
941322231
602794322
907363202
426994469
287589168
279969451
521204776
52715604
474957788
700609827
258011289
325026825
667977021
454458039
493044993
877324063
679193968
185775284
326292564
462732089
22437846
913669029
166519832
355960628
371838140
163444485
92583112
712354230
244085562
14076711
584053559
190312811
859364073
942673823
957940640
506062747
623315158
208934181
497975469
577117095
815688535
12184076
775457480
648803931
576701582
66139798
498326645
176950445
592062963
190530116
927646859
36749096
13792192
847785700
578289382
383938915
468250114
306442039
350824149
363327787
256524739
41207196
378320605
823732790
877767770
619436017
279271738
3804443
636687497
547693905
969575712
583943370
860090828
913049720
418512385
108684346
877813737
273996543
335246327
584996980
883158357
31545951
375277503
636161827
872753421
355297364
943841353
244080027
710367342
266353375
754463206
135582100
41460635
334079107
409089819
289898576
683775091
448921761
982455953
709613497
704023658
750630611
118678779
907818587
688220842
559680211
225375233
266940438
754605115
836893777
653989741
919988396
803193430
251525957
341467422
36932015
412500349
317299433
555935935
62035069
696238976
343220048
244244894
445064080
398182416
344248909
567463523
962789693
439020494
239536976
376738408
749049316
700037732
913677439
441387163
520361758
185348794
520601907
62138038
958763765
986398994
442029232
665815665
13649960
255272397
793346682
627467720
860312887
79873448
351242795
480803796
639081553
852889015
582519704
308249246
513694714
581281744
31044778
243884558
595720332
670746219
725437646
105398999
472615770
213142068
297016691
323378129
269924853
519710231
604261148
245658854
996765758
326829832
923523840
8267168
989961432
791728112
407176033
462761091
862271618
48209729
466439846
695283158
622917217
491008792
336509182
436132524
502912465
748326617
771824297
145630096
588620176
495943123
546127962
245592798
228385706
157459332
655061900
181936424
102802827
521088565
863167784
96326745
76761108
24069102
284029596
159946281
340402856
986878988
205556659
362900138
722769045
507586683
736074206
859936278
79182082
798013128
895119291
167012355
689321082
807895735
811402595
18045044
907381941
101713889
617847329
301466251
366415540
835195934
816038702
34751919
314947872
381843409
180355078
307350456
60871653
457315019
63102481
973893620
960637521
606476288
341094007
298776254
477088662
802106844
102217401
384800131
512378678
763284660
72924497
414571881
589335849
86326871
466740834
211813505
517490811
329600672
780306064
204041088
866605341
910671146
632516605
526542572
962078663
721178657
48708911
630299463
378503483
242706013
660917639
404780442
51976647
333632024
663148949
167069069
700760794
296678099
243918760
653605523
376374374
113201788
935599084
855407039
456972861
105865662
828047190
225164664
697253393
279656351
62551227
827761149
806416081
893916556
740570563
297356505
228361662
244454023
643526638
776195367
814933204
259872965
117655186
632349163
127316956
954808095
971690222
108619329
802899866
880315194
450228543
587091425
67406205
225062220
235241130
607627852
963350619
555621766
665806183
481079911
609062828
107161193
498719309
616880240
425149176
397734060
115607202
580480054
343826798
977021654
533036954
493068557
472649
450325149
932048400
898247106
617235621
773981338
838081615
35163583
640084464
152010948
70120058
409660317
612225540
828695842
787470394
870556934
446640283
74414586
209467361
102708327
126095356
720962603
688660233
955982160
881257673
577933889
741453969
260736049
831499106
89556599
830672201
319916047
132135570
168707375
884147687
871834578
856608889
697137974
84486159
495880255
93355583
520621862
556982291
150793234
369699833
502904323
819080392
160653319
792436708
573435821
647822186
3204068
52840233
464558242
208285911
855810613
102882967
593986760
10143890
99749517
697235792
375353943
337036203
633503210
579857959
546730923
425626238
128791155
271669371
522911749
396322500
290271997
787578646
484168335
858695952
738113166
35006457
850176280
733379078
150363549
14003662
768968815
442703466
956795025
6268152
808741142
172815664
895557652
539283638
505737287
741367885
783808466
576495442
545397047
246790853
884260633
133938331
712431663
585288615
381569361
316699573
375953315
57265385
127156749
950715632
986416355
881551154
175336146
433895117
955118943
83497364
589530327
173256754
295287138
320260110
154865399
651859585
717690483
865399105
568544248
923519581
532820297
705693742
806806748
574452742
220755039
77084420
827467077
709769999
826825846
21311278
254975222
932433871
335517376
837325835
915826679
967558340
61374641
826085694
45909398
903239370
795943155
557890093
889108673
182385931
271192986
447105293
11889309
359867597
508509152
658013964
935420401
820426691
505382838
602660142
139543483
157915045
560162860
423490567
912710367
868164153
468164608
281557287
226850532
259298203
749759672
293804576
809117686
313427016
943726489
965456370
993123941
47718778
273027597
634531669
985212134
842129870
551391843
986754180
386400934
488920782
655789225
117869217
536991292
475302848
273805
148029898
340184564
35468582
235924054
6887853
778106287
426138340
157525706
852600965
726556806
774717845
828417863
216060151
209826579
743092838
347049819
831795270
326850468
920864027
935675182
718291061
221331911
482498844
700415529
527504563
639838909
329851688
586125357
45633546
899763867
532408400
196418159
304255911
546107121
379210605
153267233
224925996
172921992
972903192
924951093
590611266
587898509
245130883
832246152
837719624
476462846
346479350
873280225
796790087
896531138
617958625
812786664
880104484
19347045
968260339
716339236
547777901
474636735
540466507
907187710
781802036
995372733
93283112
909316791
479824032
146930991
695256913
902523002
448024301
222507160
233313039
160097384
920802478
886087800
103348471
316518767
114955319
438571672
686685121
544038931
411210414
301749028
242227818
414701453
103511881
344213642
580050023
477947315
97093248
543491708
438974100
81344410
26778682
883701753
204931017
770467390
292186640
155424718
352313869
394975968
682950680
315637383
609923157
427013805
571645256
463040672
823229566
648649684
837921688
102577131
109191329
502222797
517222722
207137574
685370125
352468737
827732058
513190786
427922642
256583083
297701221
317244199
750457057
851515608
194067937
789089573
59067304
537456819
241608856
865999129
12266348
25406876
576132120
164849813
724654573
930896748
704752883
183333781
667397241
157119684
594605044
500274972
467213211
328937439
636105683
674982360
367184305
133845159
511275102
738050149
214263685
278658312
658501542
887930948
507721044
591928872
430068047
682778586
553185962
171911106
996205043
806031643
540484843
897317652
410229749
953947439
94544390
977098302
44229255
432455518
364933788
843976219
33658649
651381739
278735825
529038147
525805899
358393157
131070435
919321993
592789956
676693279
593841375
188099995
781700520
61027787
115865728
393294633
446855092
105071557
833595164
414750418
361536849
927529252
605227585
694523562
719289807
649760835
978550477
200276759
173814264
562404643
57314914
565939682
862775759
977671223
315421406
162412286
750532726
83512075
784029841
795867657
466591609
48500988
504426116
767459145
28880083
835422419
861443369
936398965
630864290
916601680
552736515
202980045
674176569
501451487
364729530
633211177
749617204
885242622
95731014
514918518
600058157
202611444
81092596
89702068
565434126
238203897
951830819
806982748
267540138
350253701
388846598
520062142
169422622
416716799
678166324
865019619
530579430
867243768
833212657
944775405
302725976
783949683
423398361
302730708
402120694
668790932
396800290
764652366
998238981
138764153
599596282
168762768
478103138
458693942
122797522
362599733
695780134
876891342
218613927
157674537
256944462
689691853
249549471
554814363
733881488
378259360
871872791
502346223
896811756
153405142
985100807
613483296
312021270
800290933
656633339
736874369
181027180
271109921
303451657
271986680
336825536
263841510
143683164
868354692
436511739
272876958
554059941
91772350
211300475
601126015
40113370
904079955
454892947
320108607
612090247
17417783
160863020
892366401
859983046
570124296
519475328
363023612
408676345
235513713
569215673
210571056
623386556
437263795
933745780
664793175
825340941
651648335
890917011
22398579
162738213
558375156
930199660
825469535
928216296
422464480
285249424
457195376
846032007
585341588
832423712
608592243
496460175
904860675
869633383
226052282
839192105
391467182
21985288
526677301
667578995
109122869
322137363
356623487
551298984
478732027
706733586
524276892
600087966
374316059
599206352
773282272
110302525
854636981
25602013
988128702
637408991
936926969
65744153
2769760
890860781
798355988
430726239
664853334
295462558
675510673
290297808
52028838
210279914
319525054
187692874
291601665
676055952
88670189
764654205
278969484
740387798
615064414
186693591
900330858
972372254
573538826
702075914
793949413
97818929
206031679
782543284
417809436
298138406
119458300
119943607
793453362
577493447
401344093
692578771
858887730
513731258
702015897
220218975
747667966
288994385
535064054
612750031
367225233
163496256
497467652
53086983
669181546
816059082
761960584
652485866
827139538
412704124
243000046
431241701
464145228
259481139
615560729
596000363
602803099
292245995
996991404
95548734
950872867
67210607
272710555
330799031
368424014
186140195
805832776
482271287
739532012
866411267
126099198
448264812
715544194
893919870
123812021
351822838
863253527
267204071
503577143
544750647
520713492
989724589
403277783
848326526
604972225
113706604
11042002
571128421
875548364
362130323
513439684
376816859
32464083
987916919
987600487
578236421
587645174
19011414
897889986
782647713
666062431
322362245
206479774
5463872
32444582
264414860
584918010
788806201
570274102
951100502
948991110
393428210
978958143
744944501
965241304
536236831
467087790
499419793
446305347
403576001
881769147
325530822
895953942
468885926
107813014
963913031
904922046
948563044
113378787
34857943
973978955
995268565
516213649
394092951
270125330
226189538
737183399
101414350
464777781
867434831
321154030
2540356
440058617
423862306
41749920
846501748
593208026
416231075
115139040
879478289
506491747
891807951
347363503
570837760
925984685
747051993
279033746
344923806
430044749
522442379
258757581
665673307
225645467
731956329
574202761
367959940
908075889
147238483
135710992
194840088
238981796
482957925
609730893
478664830
713239318
729755408
716769413
43016370
167496276
995930395
383719178
657809195
538726325
764916879
179011334
920901981
882082767
395882034
208854906
178433647
182787651
742201228
704974568
184046856
704559889
404146202
443098274
649126083
460265663
887511423
158500269
714047799
730644535
263416233
38339307
488001228
83357552
100541954
809928411
652801711
508516661
829846043
190647318
292845935
525888360
668296192
376778521
205554718
47087138
366581302
364391583
106815505
126332927
305822678
637877766
125288750
371447120
345126565
751006591
762774829
695889944
465440993
591554223
930758347
515483469
809315808
800706204
490679082
4110122
9998591
791441619
938876169
753521791
70689002
690369220
280577196
798709046
273073992
465533752
667205121
551032379
800711284
743431018
39550214
995169737
316630747
310404093
971315366
495298279
722779809
733674409
737541274
245516184
825476993
193697870
939010286
260589033
536830521
681846744
114235372
25555083
499454118
723701025
381639761
62756581
384797302
369599093
708877069
865125492
532005537
944846209
620702583
696464789
793469965
448008604
687788433
882384159
518655241
395708324
336751823
848673509
265328785
174207673
91821616
507494943
412353441
891044704
550482641
154791039
239310097
525146690
700877048
527785693
386493729
511356725
404042568
593834899
353255540
409011415
136295241
63787499
281753746
129073517
249158306
163604909
173583494
339727138
464408341
600217012
229062819
64439362
673879058
147801271
877929840
133461793
748508552
971498987
326424915
880330527
804016659
181964595
341579137
46679928
232689221
912605650
282281496
954175457
577010043
420470110
163757837
117027147
107299621
673693261
74904833
174830981
41336435
231505080
138200388
902679164
66653787
11625327
379489442
821160621
196821253
849384404
606785686
683825683
498043951
755818798
83302981
978428951
514623044
224221589
412151617
718466565
883805357
892994653
643253783
745137445
859333788
595928334
918990303
976892570
679717133
404546783
589110353
896006368
710522420
138268774
838019148
641612991
535470734
19960689
67050385
300978404
235287607
431858692
816669458
429479886
806403337
429507799
368534212
818022048
925227378
31015243
62505974
139986913
895466353
316943461
551725082
959347120
814848834
121590944
271509489
181781005
540273115
687778898
420239573
733763518
41249566
335256982
676441373
324219824
943637086
490157742
438572264
858727533
887871798
216712416
411184007
412703961
399916415
784457425
802577515
763030006
451678669
872339176
327210871
293326339
707356874
775241575
548755624
607484913
602353316
470736888
965836508
519624593
482380307
891590940
737371019
313534485
268382452
513298997
719288718
58857306
111248006
262958169
881827755
425000932
268295529
980219515
363621368
783886586
209160239
947446308
690674770
972351352
684163853
234085380
819137551
985304049
401070510
58874575
276949585
327391200
924014959
384266509
133627112
1285581
46382323
248748
805749492
411484921
932766967
627399104
17128820
4325853
682907927
982916798
921023961
416079614
285826431
372302677
347356819
195372759
487536452
734847899
413632861
326313647
651718564
581848760
59464514
558209171
688195658
275280257
264915585
570286033
96744928
294726460
965690251
229662178
484935370
297335357
961162886
137506777
158003085
253412004
577921117
993549175
586313540
518920933
202877432
204254782
97380220
961884226
263448961
165858236
89984918
365054095
189206865
151905069
339839673
630389199
648043079
89818804
379668874
620516184
899714979
259799991
714964113
254457096
734690065
742663949
650298802
125438047
881105152
740972416
106490208
462350093
376352895
818714252
695720796
580341231
839323075
889764246
396576832
809610284
670833932
612153578
103597261
597216806
75516761
34942213
418881684
948929204
99200715
724920986
582771696
93335988
843167310
388856512
451349396
697976
514194571
758914334
599412946
933373194
714014253
391075002
916642959
921349512
539110502
588297605
420620051
118249950
71910620
220212997
433674892
937470695
598725695
594830211
233470010
316358377
495007638
207114882
122835916
912415970
154234022
57430493
741038397
813055263
172005274
580765651
547757608
583790118
213315164
574335339
291440302
741651849
252893737
221051411
77713297
2679813
330718026
390646858
974596561
161730091
118521626
910740747
952402108
577568902
270720141
192919128
983618437
517690088
31405115
986319079
610943078
338778131
213996441
457834667
581965782
788536447
63877027
149483163
78574903
633564026
481498960
779495897
68466013
155421147
558687018
720529266
428430220
610319323
401553187
6457920
227367179
530591618
25463338
475177144
107625833
768252755
288869762
373579091
344801469
3866784
145713248
784949450
609908381
517657205
693753664
85265657
811904532
505663242
460765919
572572985
836278073
389468644
990224468
74752437
618638589
847565937
666716331
760275509
243058844
389993420
629252155
312046040
456267371
258060783
19448984
409328724
970607179
555955695
670797821
18566953
940737908
584568018
351170000
607129400
750941804
238136503
146780185
705557397
734448708
895646480
598871099
963588413
861557558
118506031
130901103
333452564
582515288
352442635
479003069
211941455
265771243
330134283
437752406
744391977
644693794
198878483
850690292
819575346
987741293
554280336
241752849
4615360
933510456
980289825
897870463
931326573
668764676
351746138
551538781
756265810
58707709
932919887
861997632
141033741
622240741
65159851
503940601
796667235
397297810
462798545
918158451
755700738
108998580
328963071
502263701
47475217
712123217
574232359
718542077
298819096
913814586
620500558
108686872
468063036
786373022
572854027
803755168
350744448
324581246
629060861
568889724
898003303
128503064
75777156
492859225
186444470
284221868
964062860
590895387
781514605
804829001
727683748
907710402
984989636
494959666
281641596
703665256
797802938
795245020
442810029
97810764
25438849
372283223
8763735
292287409
415888616
284032105
495546930
823888969
229628928
712397344
221701665
120112599
56956801
438576764
326991376
772266801
316307191
996026844
62679100
668895369
526478351
84321920
214539758
855837833
691422232
80283269
689317349
209623623
620232141
532816730
900426575
210971945
426083688
527904816
327915049
578177238
190200224
637410787
279249136
305173407
715903689
213221629
670954646
455439168
909769398
61148182
961994223
548545001
4465142
447735411
634854030
419097650
533208520
828211857
523826589
626317459
393327788
69522689
142332285
381969320
379931671
853081622
551777856
951082071
928969866
895507687
734996854
248495411
243191183
884557053
993629257
301204216
954828507
423664618
285577573
590040128
982413324
691465584
562290666
588557230
368979697
181250882
860065791
269554042
880229355
270904375
946290571
964110564
696220302
359734998
82098302
576718654
510317349
687882943
220581127
196263476
535076261
227578148
686664693
27437572
155745062
681892734
105826652
486751244
100670988
921468747
444798875
352766983
858629964
602348694
290176323
356553390
482564213
438900596
650945628
964395401
535954625
223413441
403420776
634462655
719140291
714710300
239612510
560689186
613715738
169161594
686325025
540792194
17982594
171203277
153622741
789626394
385407906
70766233
744514749
299757682
526070147
312856015
906611337
962340819
75063560
259453415
259258797
575028396
920708490
303601454
608503862
291999532
162053541
658779202
81784756
85775841
818129016
466682692
46570547
434363847
936337817
929263335
859140045
458137054
914503641
703845565
731187680
945791718
794022168
136807764
812898496
846534244
149408096
941068475
652215627
237582479
723232517
73914126
725938535
267064151
313435206
957844395
217295219
940518443
294001660
175343200
919639287
932501045
313907720
146343680
680385648
943893721
360852779
60569958
469227216
204255279
773419737
38279747
518557652
522395169
407698104
802906375
777726089
170702048
942540848
272895928
749598330
677866068
271438116
286294969
222680524
632025165
814277356
313318960
904740307
818279077
136186167
982854887
295751198
552252247
695303998
210509820
667515133
763206950
787802665
656506877
157309087
718518828
416178709
493549479
654186600
821328954
14711814
91651588
258855478
762192567
818350396
316085985
732291604
650900477
122818087
368134037
481698835
979589350
592797848
827822512
881748649
549220247
878891566
953656499
358519922
994551216
717074742
761529436
704473413
22541434
647337135
89663243
419296875
144849656
544594351
757076589
952263525
83364938
260694576
365741862
632504064
536538470
5358922
430787184
5936246
65747875
154875678
903834050
617986090
891901472
874414308
68157648
432055959
86847038
979073328
823252090
365493823
953910210
544982357
146568208
104747710
423064024
2766663
753657930
51594556
93832433
426660232
226182901
580004383
32625608
130576446
522579030
349563429
342221346
117809138
43499360
908012745
216956225
484417943
583101708
365659000
884947086
503790472
9187366
598142624
58957829
330981063
209529050
737493942
109614021
362936674
240690083
332489129
439113890
592581855
992989333
870537751
958688251
91309961
406986948
236067195
774462017
560226152
826955232
830571777
574921352
444932423
99490011
880761501
68896190
256086860
176051386
796683109
474959175
405042447
415147742
459061045
210094422
632768138
766460836
273973368
316009339
85731868
942703763
669251055
617148661
744174060
103619386
737861812
157479799
725663903
220762950
321189007
87108318
264595789
519450149
876841720
819422959
103755505
901967992
932923767
991130821
889158684
486940888
416506305
818696400
767837768
104049752
551933988
853210432
337858729
807199717
448593898
49855436
101836857
133558360
732846314
666104106
789987709
870806733
432839249
281030380
820204018
319031318
898265706
945451205
486809635
159360575
668146941
366372776
244999943
928430169
575685122
13932271
32746595
820416930
927851232
768263798
865036554
744323104
712003462
518246596
470849449
337254062
220126958
170869813
252885306
934898629
41672242
153826709
38737437
617906229
287540207
434038310
865753488
555336325
802485279
415063706
630941130
226667227
452355710
319091894
70713543
203927678
893956446
93625435
498957954
65003351
722118394
538935997
832997731
440069247
966307778
131755627
502877053
650619731
826071136
50567756
967359991
75998891
475808345
926267948
774966313
387925824
661625573
942644213
226253624
183056297
732996105
977919923
475160429
194542946
402091778
420940376
775898861
838635193
36579248
980387369
639238728
417393374
842489182
99224693
588405438
869518684
839060742
230064276
279587181
921077950
950509554
844543182
667117453
375563320
221422496
119686341
207309455
330701534
208988060
325452340
601502173
675705092
813931678
957876691
689906435
778319943
771377953
485418811
376831962
908854608
722834897
510631369
229352428
272167773
890906881
632751815
978848414
353852875
846283988
353325462
410297844
138409076
453168896
876539148
735472885
3726998
323045860
343252124
951944730
228307878
878700197
977566188
312873665
886276815
895630204
135565441
37589107
444933118
910025278
97900409
694702271
570785343
414360386
200911838
113814739
815189542
456778640
442520368
143222
411131952
809884301
66944134
258830365
980885084
667823000
373844985
923449606
953006404
183674569
946400353
208235664
670195291
111554427
163669610
840198497
273998102
868142104
965733252
986319016
11835320
778359817
753852580
633574135
8805338
799551811
281853213
366750958
503028191
740114545
956722340
917089113
607801821
872660657
62157742
183881645
936665974
94474815
648615372
566202517
239611208
173133803
658223477
387307226
963259710
962822409
826687685
765574593
537039835
297579900
915120213
796270450
727209659
125897717
431895419
911475029
76947876
676472903
538196785
268305761
145366136
862747708
548425096
733733276
375511210
400559296
241518564
831218172
176040479
33982026
240153085
537604355
334963013
113483094
199717410
160281863
788412032
984322758
486116277
246689126
519883959
274362684
208774325
992158731
36862276
164276549
765698611
421749223
66327305
901533040
739088586
69503858
885024435
17774361
858287557
414443279
451462194
808001557
828989914
3496296
428607455
921103547
993360454
839327860
270038074
742975524
837814451
798966472
988082738
182851983
186676006
979388213
301056499
929643269
611566409
107875700
83464464
54291761
503557347
717298005
608033461
32226932
974174569
434257278
708663488
684989060
799385247
758036426
162037044
902262712
794430863
338689188
477576697
173222168
941123492
785529345
99418978
723727504
73474804
463938021
179967287
618948708
415444928
986692611
290208513
985624982
489231117
305316801
508868258
462482292
513978605
835756256
691505406
565723371
190999282
492691948
897711277
963494067
526406473
261040439
259313830
574586188
307408563
113193614
188265908
169843541
635142871
469691804
83854086
238070951
64296747
957513044
490335297
85398088
872836219
508521087
631648380
115376036
317246172
527404132
490400075
812031193
476167583
806884754
244570660
569940994
990007815
776622626
740880007
787271370
833340699
556988769
337608399
649919664
802960773
264569082
459264639
178974327
543558934
750037808
418258622
883635377
67932100
961574075
667035147
260010451
400900958
565797134
20973971
390333760
893540458
125330724
944878355
251620214
835154677
58442901
348763782
198935094
638323997
851667777
996948757
76191401
935301026
969666345
611533177
633648826
142810777
939977325
742316632
814847940
252322169
380928870
476895320
410878581
377402084
377840482
572395926
503902754
667981023
134510523
267169012
1312507
434812713
647940045
149813007
727668235
856444770
718760051
358333836
57334337
520285140
412049574
979695720
362870768
193313335
263689532
514320956
745997083
125065149
236924705
736854260
915943821
596119706
525549668
501137322
281112191
238898168
855705456
693569054
989474869
499089370
664283203
805480907
318633401
148412449
844278391
802753172
114759874
134780390
80088872
219134945
952410683
192456506
599238660
294905054
615337939
170914377
157447193
283609351
695133912
566445846
816274543
995211249
944064350
90891812
145944229
977236483
290610222
805612959
335930831
202660247
586379229
786755361
601271060
340731694
824159892
231994575
384191790
155379948
361221134
449827522
140141013
224520956
853051835
29668893
183100403
489069122
815484359
604077215
901442939
108073625
157193423
345217341
921119480
354794810
623294920
997903768
671032273
940651152
683150195
840619039
546797760
684155576
34605047
324031301
424077686
541414002
6724463
836803506
835717600
653200557
738069041
482810800
827586803
686043149
693619438
940113827
260019061
632203040
578014698
446138392
601151011
412373574
731000710
581608233
877240661
200787073
32516912
67963845
334398455
445214870
371730572
495755482
99891384
55839996
151254320
240167245
262311728
982323250
75044131
37593116
180458463
846092348
609805324
217317977
871473929
208853352
887335783
543039316
800209734
499382927
119042880
406773480
844679622
590167228
762026176
334785632
222713991
611085522
136168152
220214421
356954727
805976172
282187085
215877947
980579866
695330932
823633634
702749645
420773979
620025589
744284283
544835513
795519334
373612407
206116450
833653942
352819923
719565433
855915517
540160676
62110287
872674829
972457012
394510241
172213230
683229227
177639900
642426061
766493128
736425680
819696222
421401848
258772947
758024236
845795386
937356429
124688920
771343069
286764630
713286556
541133436
195745703
175715852
33780598
231613910
449404845
820165683
379909126
716970919
546687440
401099678
550152690
965466463
443330635
674347335
508388430
107354036
610540582
823870779
809519430
804181270
283508347
192051899
480360544
781348321
437631441
897880316
771699861
868691239
204347677
224588460
423664430
168195208
329745745
111274712
84429464
996093541
476435990
231055352
800335976
638934373
450720148
295521793
401574471
190800642
287994081
531408074
545557843
89516446
953850011
492543249
575878503
244694927
451518386
340234424
245103931
102513628
484856780
27960732
56660751
290432818
332577273
469549427
506961830
713520665
567801842
689120355
520191250
955422336
941651068
85076427
601029569
879641921
50600577
695150354
636298285
523427656
497271518
572532276
716457239
93912130
244456498
89843576
900057393
482019089
851923847
370304273
120154414
603420142
155201747
320359190
112338384
49609473
897079754
461747194
298549730
483183975
960436022
32721234
240890140
1070626
635082924
53332721
96833929
720869677
90355002
609014957
96869585
929253610
176498762
442973564
857340225
246567685
477631119
39517238
793909882
375919280
920183009
843952060
513315748
126466461
428294333
702482472
725658926
885756595
412744175
849948933
746554881
261691309
388498778
973855657
127420652
92006635
207524206
318277114
870986783
137571580
654832694
58479358
995160954
254804793
410375133
499552250
932024263
174621740
793965086
904200612
281324222
402755788
176442662
854367793
328981631
554575899
531141876
837092374
206472058
338016992
905707009
551481576
594683298
48088816
771127441
970657708
186671177
646170054
76769801
816860170
69245753
220539646
841510447
130738979
288989189
174060496
826214523
684379717
418542407
90849196
277145563
520100085
802505608
97735603
931893594
351986762
298091075
69083820
973535892
714681285
229619055
103594034
961928522
163820435
45725118
185935116
370081891
576662389
441043361
217907256
721313047
382081475
655069021
723016368
309598621
586862041
408153211
204884650
849221774
89202763
813095646
294803129
319837338
539938598
326628767
211140622
522634139
222715040
527937766
26199589
651458218
114817042
217909956
154365608
327490429
627591424
747014615
917365348
215404737
686550114
987368703
771493375
846772230
548495015
288072532
797556526
668600205
58202005
548752908
845252833
23417657
830512417
927759792
946481828
49333975
887148518
276790509
259242762
627293432
445589537
719754824
960968323
563763743
752907721
350835771
74200641
431953128
473051606
215972286
321800198
814264492
515515498
438546492
469036919
125635057
933711662
26882384
503371598
468989232
216037111
988660878
412307058
712097293
982908686
127847817
881912774
517652474
947470876
365785409
523260852
508505856
611746459
342514453
229098154
788797036
667470384
113474961
633188554
986072018
182155396
839520600
671876713
192299729
936023508
71749371
551792113
551781508
521452803
567580286
47196519
903478015
906985010
264999077
712257777
402379938
742527038
7720741
711243648
358273663
82526274
700829409
879997567
612401663
331364342
914134854
836723499
950511489
39437529
633745111
635355337
37893420
398427394
368169921
453037441
542832203
336791087
959951865
352262020
14600679
87803787
18066035
421882295
823536680
375807873
647277477
523364242
161390671
164162761
679997816
607062367
599968046
726373496
192133606
286932125
827030593
921753494
195176239
617970812
595070900
518899664
829458633
951649544
455748311
21271501
56750690
319247495
396110583
612619037
585328729
9972658
537377521
228318229
155459190
843985305
786893235
615200738
724987764
160495805
221178499
894769259
288657857
141521558
703572507
212475645
159983702
264288260
573787975
125423833
829001250
385358674
748335469
109584086
905301650
522062740
852535574
451948936
781439437
627053466
857435152
674170167
881488795
791334841
909868827
325063921
894967302
750388824
602262253
343539691
377307889
659484385
417042250
556890419
729329934
273337370
152611956
591279528
941303948
705432231
746327783
297004862
900076619
528397162
633805845
760931612
435495447
21515255
194346926
507355669
687885396
101085043
227742813
265001391
614172315
678106667
297343947
319433985
253499779
557746982
507523901
917552608
727363810
807823909
946241526
809348115
98966472
363292604
895755757
828071932
247449616
96597830
940152743
805597914
231137192
164043064
617908586
636358942
557149057
539057884
54610809
165762859
943768346
890068107
535952988
957062242
34330255
852158575
796204529
202938325
397280595
534885833
213864238
515392031
673207886
278567265
298386253
809915533
421447316
630499816
646457695
156992068
966505411
698083828
271577066
53212140
816086384
124816766
65929621
608955557
338143213
533407901
303703535
551935656
811799715
256739503
448576924
289854482
917173691
217874717
805527936
77248663
40341050
330933187
707947959
395904021
418596325
449782806
458126984
629599658
253919587
844006201
504938654
598550388
303494591
276318740
920401826
281426544
898428386
898490330
139730196
348849001
55905103
75342290
933613479
858792095
282307358
571806381
192131593
195028401
437177559
481171203
714910208
131205258
53324860
519948663
913463776
452308614
84751781
441776043
927147526
691131317
54241463
92768328
983338905
187613471
233050569
89360604
989083576
773545660
896093194
369951846
10417619
35233451
383304459
810988326
125986256
229652158
620399212
739420241
87985918
898161426
141387440
339339001
918813635
877449809
596742698
278634007
555017261
203430233
673767267
694900004
655444969
245657136
654373186
951764765
737346107
359016216
44375485
600099965
436562132
40878957
73863346
289503585
157204867
310137210
102941395
328856705
849269660
581440747
734164138
272953471
359348611
104500433
4567756
705589947
753144597
438696368
927327980
110226636
137192619
125841705
478689734
504887642
100878173
551467049
96271560
445818558
261059334
841692839
894866402
255959482
463817921
584634666
761292190
162263687
154302892
947350531
879104674
364871130
746903017
263272066
704730809
191768101
850095173
768433217
811265543
936317316
447903365
7073879
211313704
442132412
411632942
302154223
647834331
338152440
729068400
467217253
955621288
82654623
668101230
734185547
527971653
667173251
665159995
882757518
6383364
602623517
830148573
36491212
571113492
970276620
924323157
105585659
62235212
879065624
111137115
42925012
323910445
553599873
274809709
261642147
977221675
895782022
131975716
393095619
439202515
536084570
903796192
656111948
621407815
452466923
413423544
217526817
229203449
890719359
536697269
626658227
545643272
284538606
815267654
845539469
254713306
891578499
333665048
676402178
825727447
113923735
428650280
556261629
127340521
998149531
219980379
614987543
66965337
671089074
181014083
329896879
775942615
6563883
10938629
553246629
373564936
940807673
977191599
328439781
439720225
664824632
943691387
790059269
153512493
112312068
162485525
905934237
5975229
723764905
116405590
484383549
947301005
418233238
694116218
875119425
754380114
791040872
608204111
286820117
572257400
698232915
419719088
640026115
219135038
346692681
464147011
168797084
840225244
739469050
724179160
601852830
131891199
514755993
90219756
512380542
268395181
175056891
610869091
741859072
359343710
532045113
527330868
273694202
655585901
720800822
871729110
742144838
139082466
125346950
984473653
127868326
198215508
510904549
297901005
885702215
204360148
6149776
170804044
827877953
515296899
417406155
960396119
259589847
5865680
466387717
412093079
508013330
613862603
138601177
60692732
961589088
129348969
986286117
505007094
307042310
287055137
820229229
55114291
550713014
798482551
530123042
795416065
315107927
119325539
60209304
530403092
16526844
655481790
293079745
919766934
551548667
310059613
285280804
649460129
824131189
580672797
844394677
128033149
767719040
406422057
37457876
663351189
630063129
72621167
953461852
382816595
63647619
705258130
372674213
855572935
103457555
459874344
111926519
655978925
14524882
525062051
997895052
719265555
709263497
249639704
192622886
18556788
865354736
288669771
313587214
271585323
901578594
206313964
141273550
238266259
400626311
850697697
181918822
769366941
270453015
306508886
280701962
674496295
201870889
627615007
353763309
667990300
485745239
613123050
625491110
409066337
244397403
736740336
744337991
264941658
39186407
292160823
443922229
4690723
861720016
555169387
222853198
461549236
49278533
678828533
853137562
174619464
218273139
85493701
614319403
942939294
697127454
995127286
433442823
879091697
772984673
1056161
290415812
629528956
979564533
303043893
536719187
515365247
488272264
415009467
177340891
125921317
918359077
131871352
911174627
523275483
723287993
35918045
383260743
947721126
569100692
556460707
528465585
268399674
272176194
726390107
190653058
909570269
66099641
950833051
574967085
480695661
547535368
764148006
147815870
860444431
277198527
981644077
57162162
990101354
806993840
462029116
196803667
515914953
112109985
791675839
970305453
235702765
162691399
197695135
574157495
501883249
410505255
96563651
13809584
580951077
272714433
439231477
389448806
142481616
601191260
389032563
282312593
170202649
863079804
239113108
181599746
134018776
291213166
668386033
744098714
699991551
49078047
80804556
504179347
424979222
512074731
749253134
163393548
233427049
210322068
571115349
127841346
535736711
323960495
805916580
850661292
311588423
959489092
794181817
165789661
194021243
642475659
74891136
676085882
393982738
378353162
389212475
927521551
974607634
953542488
383872733
839828306
17573204
299239533
504780380
786339569
158303478
718044612
104528906
53999632
799342163
235244613
833602169
135044445
928045747
820962357
146645909
632458473
265807852
8148097
638936930
368409989
345637844
165123679
12397025
986876355
241176520
101293418
466257203
338670954
903988132
842632811
99808815
133589578
676176161
819742508
164350633
489895832
151645771
988075979
863079714
480509732
404553476
553436028
391039908
932800183
13957532
651107327
734822254
686290165
62890524
714727644
48027158
614452071
479571085
375357563
489342777
374869626
617688113
258332357
462600669
134372897
513924713
118245057
770197954
659238740
157834786
996095534
159137449
857473951
326893460
685537502
457925744
975653273
500467148
580679225
598273815
335349273
582283468
78863629
169196720
576059845
786196135
763152055
375186055
66577280
183292607
788342665
540571615
853663070
918726806
17051922
243810360
332904776
863945103
617184467
22347820
324451536
690926517
446239339
741040061
982163449
945727192
181119448
793139741
102827644
930792297
595048966
845166016
408210341
122620730
488924490
103625128
601639001
133163635
307594955
431106663
114410581
282014789
833824743
522446312
548643910
94391778
76525925
247562436
263791833
746912760
365265242
505298420
485550208
786118839
963088401
810245561
228602706
412978305
54116884
596182529
451088383
178592964
426915507
968776169
554790781
775241626
587872833
881021547
481164451
67564462
333850504
693779761
661095825
592595255
726949002
860156645
806677454
661036828
691222717
900131354
420300187
249033410
718315563
970076593
781203829
826854107
710992138
573116958
389549355
527682270
740442278
141108932
627895209
295556451
104118111
525077849
267715865
99964465
721149248
656178221
525044310
704541274
354982288
586283121
212820274
5211766
404841602
607002286
567908687
757805891
799392604
629758861
552371515
91297203
307454858
683838139
145979247
135154268
665325964
775668320
567261567
219790468
858572705
539231559
403546273
38544110
575675255
536043577
870618946
456701895
323134572
655784845
823559101
166559165
586696194
381999445
805665534
750883299
941051105
771923562
762642681
143891064
605850383
474582408
829514464
618034332
652598728
174097264
844167672
332388362
832967332
825395233
277724516
184317086
453168977
73172748
783912109
504889032
185870360
584389876
622188591
946627859
927231669
222471505
18884077
121701438
289260173
321267089
604037560
857270809
854360457
431277816
351593569
310921650
678343192
994741771
363998035
450403254
75862055
111659696
200220071
907263373
691607476
202292305
402395074
623951856
715964199
793138441
527203875
44666043
974525297
105377083
18309665
241768371
5091062
18391771
346065424
633318628
969572056
372329853
453778140
479469958
303784922
243071371
417740726
904119232
512548345
216568541
766150105
312051220
958831141
378203552
586188559
512585341
68518678
610873122
645882340
572530335
923414612
443661474
812862752
976424897
75473745
647337515
675131378
430581852
133394153
243544739
354640783
786337216
510213169
288121897
38584215
579016080
292719703
47304665
781176570
441790922
480332232
453924770
684607764
612343177
782168069
844203084
376558659
562978968
878832127
404611058
260554743
649555581
601370898
542784506
616449409
575196922
882092883
697290609
690794948
244330451
24672563
593893568
91921007
84296159
115628058
322403582
915388200
114818587
55157860
385042358
374588819
308194777
857516079
239630668
336645332
608242482
251725072
13072876
860880233
224588022
68789987
366886841
838747196
566452501
330416272
304210193
709416385
132400136
584839779
646285914
47580966
923911064
882615398
663308679
138423327
167243265
855661083
167503555
558726096
111299514
402252466
348665763
201917181
426476880
342785167
223780373
595475201
925560097
517883247
545244095
606432843
779151146
642987619
14740706
289329814
336341735
852899329
493956870
470885043
440324042
857176233
936487078
314160810
80724235
63495555
823566640
400958120
232716726
809683322
420068215
452833421
760780813
688982343
449896871
910481949
430446357
323980034
826138117
466835220
237693048
526700239
263400469
257543645
275140091
950128006
2261572
497419319
287189862
737229131
310658796
643219071
641424465
283733252
199790219
810375759
829745900
93026049
562728037
496672500
578702959
941642124
246406299
970529296
194348698
457976503
448689903
350772123
907851883
402674365
303354123
997578172
664499349
614074894
978776633
295019399
740271584
267704298
62196015
280000071
29340171
610544688
751444374
644155596
119301770
292209775
622930317
267619759
142284571
990670076
74468122
699795968
686075730
620244781
360123661
678035099
543958394
218491836
773094072
279965161
775505452
270347400
390332059
889111026
390322857
399990946
483279290
355934751
249090999
510422632
230479697
431134330
145983741
51895955
256245052
29835191
675668408
500871740
646984352
880989916
783201583
131458104
479245005
747310256
88192103
395676735
518893410
878300957
544204205
212755355
808337325
53934723
366490044
457026387
52801175
404190222
246922328
742940128
10906973
26204732
505486501
678664387
196675375
485100325
302317537
609379383
206953311
90070956
820468064
404156524
278169809
231990252
134959817
242274897
851346894
166941406
269322517
475961413
933100690
726797731
885429104
881823529
736338562
324209114
303244367
314669324
740842816
156254956
282278820
852758339
111354516
222188176
314949218
116234611
959793210
489173771
687605160
367459011
4630128
252814640
230579108
762681805
580566098
676775453
532258733
622494444
831080410
687601997
32946328
126665088
426248428
792032781
109156600
269308215
448603416
59264560
79333145
459894672
681270108
672049666
550525330
689262823
270291795
339330298
909331459
601106563
934267232
374080593
824027547
644993636
781141185
725940304
202747416
63920515
352047212
469743937
330300472
49156962
288017455
871707204
539352110
983202020
290979980
118511291
145318395
535085614
721769730
723789084
281714680
58406987
515552978
45506535
391830451
306700252
378545057
866514713
680033789
514954640
443423762
933418953
758661393
569891709
32507485
548483875
520992190
370806392
26416005
367311087
885399142
580773959
117511978
526026274
27908696
666643359
85052452
594756230
366865240
826731954
874914818
384234039
556207211
653789981
364957928
8696527
879443522
200252382
547431313
51958047
876809995
705669082
812246355
49315235
752451790
219712971
49071706
553988223
500623942
86254651
29596233
856283005
571048653
80153682
527967230
254441022
349981447
385254773
819509022
693101437
687671400
916848091
443663477
483145870
126848090
224162235
319823245
905890549
890328077
56379027
805624293
413178249
476077224
534313519
579745596
661422233
915136298
460696257
71672840
933218289
771218054
887658949
807771663
820700273
188111224
538030437
14744558
338080941
256266783
517033139
724040556
391058343
229308022
532006840
393639867
888984777
611649383
717052534
178317309
84519010
34896856
282291822
157460656
317906426
136965552
755870988
647088506
66239372
454923198
715012467
975628087
33627433
976620437
860854748
469250493
191438017
923322071
896905803
252067595
955763856
166408025
789692742
902698661
551765175
139007609
302493286
446430820
893986502
577499312
271467546
715777962
756771124
959098016
252665602
592261264
798071281
344737981
940931047
870548869
317238034
243201881
532289175
217033671
629213816
614691046
125194509
234286418
177046802
682468769
831824485
695498888
890313672
366923555
127934962
313136644
310609539
245763639
542326890
816293657
617250362
479085708
929092585
767861192
433403655
293373208
181091425
844928442
448216586
308895156
892822211
926321122
886754405
196646187
985182328
599069980
784421960
425640633
437993139
940907664
416643873
836780752
830806410
77203910
72419163
639391880
116441162
433471736
384162181
282199241
127403129
930261903
588681206
559958894
269215946
755520468
873443485
565339132
228262490
813462697
430163557
133656815
735362494
393154981
590224631
317915230
382520699
421199764
890058314
249351261
982491161
203380442
402372162
845803311
58183014
807421834
595635091
138539826
268256526
548938462
350975610
165390932
154460744
464753058
960878943
267481405
563833162
416109640
123145358
142698802
439221428
528950202
900218577
423258941
938317104
28361111
97290816
194544039
54668843
724185031
50815492
454962698
588547380
640887808
80764331
601073890
378674916
708612414
867531734
774977367
428150754
212672782
434468184
741494120
58955029
141745030
294161767
309946876
59911097
914013060
361709248
712014229
662664952
378861125
214873108
240691878
546274917
273558810
188744957
535815961
313553195
596191492
8821293
56689813
500594593
271825056
88272161
188516895
881262496
17113907
955642958
350517843
636449377
915599204
924481299
759689552
857460911
513837708
162486884
498696278
518246523
623184342
368260803
682122408
655384104
301662857
701156003
817560963
57862535
151163744
40016481
826496992
809403769
349431261
993289007
527128026
442322782
914477049
80820672
539601528
406524297
104172157
318121822
822752832
11290005
370130389
538894854
424794892
162331515
872990766
661214873
790560917
510992592
673516548
977369878
141976705
598280262
927836044
993862991
244746346
709207891
469299138
221043221
955037223
955314932
143240073
357294745
55025847
839797844
410018819
559272775
109246987
467162714
429180663
395426159
7539769
550520666
105319037
638847976
62305386
638083762
114621453
923786511
345039541
336442544
174346914
946842777
381082012
975640662
734167204
235683318
821350923
359714687
554983278
690854624
81174919
84214723
566906010
238212741
266984507
587486949
179905260
465692090
170110450
433570232
407480008
326265408
185522057
460489819
935238104
288410902
927041909
88419502
400861762
12078918
563210079
69237107
189623713
507850809
921998628
616573607
815819227
511869037
695897305
366856907
747950182
596825116
28342892
923656916
165672287
454676881
271179036
232406008
628718069
50884066
396960260
116354579
518789952
843927326
202390158
466337327
9840661
436282106
59309363
571645918
96312684
881347130
817643729
388640699
318134716
46843097
871995227
80562644
891957226
943931049
827450694
700960171
960321601
11854835
316719306
963472104
475100513
528042246
188173137
487627148
480471902
226722290
451906282
293548597
201613639
100073212
214426602
168838410
275543239
713386606
954729821
968782496
131133835
674254138
409416295
423215175
925799048
369447364
722664957
724521343
127235251
295806156
574996618
314190428
328390167
519146152
12020977
436696509
760883226
796479445
638351106
355390364
756321734
964248514
381751944
879077118
605904572
531268548
7744517
639861644
122535102
807857908
324219205
629161997
978268202
75620731
818530926
424179697
109255729
73219004
99003278
943558437
660426909
958546999
833675320
304376648
922378384
130897035
32083565
781113354
327466469
831748967
365674494
487579251
90345769
723930381
637720262
61746847
212949785
937278138
9181676
775271756
569179612
80666139
317493301
21639180
352105652
158508927
319351425
886066544
654473699
436583360
590093478
469221284
414575605
318926243
393708068
291452190
65667779
279052240
479642123
182151426
215280125
96989945
717784721
964473653
514667818
489480561
643229728
212440421
87412517
21075415
929361285
692927159
725031839
523516032
523004038
952214263
386981233
802698533
477919447
593806304
697258480
813335680
554471107
403257660
458247634
767428022
424644929
493299860
742953810
260800497
968137485
429607187
425569704
840746339
264506048
656856125
632218081
66336294
371131485
495791320
122808287
766257797
143194551
968275365
852199010
441642048
554518248
850154780
926899785
735375685
821836680
122117385
661496999
984268676
282544812
928533853
305391044
813312624
14760949
737976637
939227039
270166522
506085272
103579927
516071263
548107939
393422106
843314203
776470546
391669324
873259004
174683441
492400958
468244835
171763530
335772752
840378822
961513616
313374520
138281184
912499343
598808713
855047100
472144568
89719095
341634036
780285870
824058028
131209075
483199655
973995532
417543642
364447867
38010452
986336030
909060040
937310196
202231214
682480171
882207731
489872754
770511104
244689732
180511995
7918457
531767701
361669544
452915342
679737877
301930256
946652830
468821396
251046835
81810954
31721092
979057548
669649129
371721351
655441661
151325593
890418065
925741317
151723026
211242893
843954468
918040126
424130842
396843603
50427137
903248942
894182313
876189430
416258500
458389009
104037589
421228764
373431021
626975876
714228808
895808710
829587862
314264380
391105350
438764514
428998098
440833201
497336470
826591250
80082029
785842940
123868081
990337994
769135332
988255062
815259185
513626314
84439517
658716449
272187084
602167804
884700760
70371455
185062922
692704766
849154622
325690014
893420777
143399043
230196459
277222136
466479526
579047077
686262486
444376178
950823507
403413883
326790847
337663278
458800958
145146222
108052266
479342538
934336555
664073904
638895857
35007553
723163737
217190851
79363235
410572851
42353553
842564346
591232390
863804255
455260453
204474112
99844898
822928382
754721883
597599561
801380364
259721346
115947082
138699921
603348826
755973508
795612562
833271666
609057622
161451942
305678411
190742508
133016016
615994848
554394430
929265863
93885061
763849247
318695563
702243434
149262122
458649700
681097463
114637005
601815241
908103953
165329736
588454268
463828168
502716214
662039989
698979011
750370098
367555390
964206917
126788972
390348161
53601004
755416217
621809511
529264175
481774776
650126396
463235008
825612428
348406867
926185756
811124996
789155753
68564468
252242441
288948563
409833856
214331173
307287404
670849582
225797954
375179554
26526063
994780352
314937209
336399834
176406845
989714923
642290265
78638146
955251710
337288360
393138745
610965847
689427090
708398100
794143670
95012268
664743074
871585938
648319138
952206224
436270273
485902490
402709118
146593777
855416105
509640843
855944073
729798253
398288953
755031742
170466442
816382260
415199442
83008755
714865343
562603046
278405103
678551764
776149570
396852871
970762435
811384621
463723297
704256455
835927899
194962392
919170095
748530575
574754286
418445577
709426846
890328416
27982083
657850488
646904801
381924822
808272906
723427454
872590695
325599624
532047097
471668160
440695265
130190443
879059940
940271896
76786635
264275082
699949805
535558114
717599148
530236965
265423481
256735867
290065800
365516063
916686939
538721340
880387773
283896466
311631521
690475616
883718966
81674955
213918772
610583792
929506807
186914382
16424510
413732310
815591637
871745649
143463150
435074008
800139166
867551268
996816078
651146931
898969119
751067577
133522964
841179709
221640395
86076941
266219368
480543585
15558307
920001
936991054
916385161
543148525
220855905
376214350
50510887
140441582
90621162
660219569
118746933
263714308
617306866
299151963
927070941
899278997
620227877
371584867
18094201
815401366
505769480
865244161
969493599
972886710
20466753
160490430
73137833
589580503
765386140
877669591
115038881
323959801
882809632
788182345
710930246
396694223
487538326
440567145
693751914
199217657
174299896
521051237
991280412
145961155
323091560
34390702
283896871
737108313
102801631
156874706
795286207
530407344
111076407
172236181
330109054
793760435
624791199
280760897
441277634
810581669
531548813
610108134
68326506
104119583
894987590
993697034
923064858
99641580
659876763
68350927
516967233
502054328
224888711
22465947
803947028
230308207
266013381
151299904
703125772
230291466
427139548
480658751
268074478
343681450
676627426
882689601
17515291
813361542
863125899
810393311
148219873
522699184
403972840
727014372
450705120
728462085
64353241
528677674
149602257
92977546
61625508
537184751
537438190
752944809
584439020
509010575
337004062
268084175
710795831
346787706
591755200
181117705
570239411
340752392
434424145
135292571
315133651
25505315
301411802
373754845
638719365
514948875
756493012
528379811
781377455
584941745
633577216
233560772
75944423
675331698
445593973
84680133
946442979
473580002
62488788
332773884
205957955
948803297
948816381
509848284
268920070
569667314
158854881
183233427
348740539
115734029
659635211
767556527
334570384
23880118
774710952
123751618
586607804
607177956
507754227
607787778
393504837
936560045
932183228
467599002
772084836
962185491
246522868
969543232
102761898
734549226
898607613
210029596
315199704
546586809
270610183
356711348
114295535
534717805
445027463
538039709
482075565
971624458
93840270
523874823
656318111
233739163
114178966
213106893
409993605
402747444
520899033
190111379
105019087
965535689
647377969
80239981
427412073
800766898
948722177
931911126
35870894
682903214
508110914
738159985
9795843
486331121
703627295
338627919
119049662
905079738
321272937
947539185
273842951
372605448
307234902
284535604
768665512
32762421
654239729
904926164
72172996
375960383
966319413
334013772
75195375
200796836
289799524
465323917
474461826
38681821
917945054
568039231
326951927
717669662
820039125
62901244
324027639
580867463
291666510
970498599
972198515
372224015
620155794
701110433
945238866
162790886
822926355
381600836
808010633
60283328
742767915
809060317
22342897
348393462
875802443
313947705
657037191
692979641
613752423
829649732
916939500
754117207
513794882
405638561
492128678
765787410
826790544
560042052
758608592
920068032
861927173
854334743
337727820
264565522
425172496
400806187
927800740
631227752
320928717
403742255
636013118
674212037
376697311
738976569
94102305
306834437
648966298
182781106
92176339
147817780
719750010
535078816
941420914
576953913
753599710
162296541
64726846
978566131
652272183
813751191
517603822
738989320
847639033
378671880
184788049
586687492
621357151
440004392
525985896
377201017
770117497
979783058
857504281
707768194
121369407
531904780
300380671
659047913
338562588
815103625
57253327
514060106
934796156
654635983
741722433
909154107
169074153
943746061
968818116
982979882
280481505
883895428
982670946
164195925
533463472
75420870
490773640
419882437
573206785
499325684
241993610
761826309
366795923
850625241
820864635
692301165
39072533
347045645
300527886
408871749
158050144
232615768
699680462
581532159
244543910
481206226
611840957
29682267
183302032
889431481
611830089
601300474
578396396
262440952
301772474
703317865
805655884
527777691
536773892
53529122
303906267
179460910
594802330
950240496
51237381
986447609
707305843
943969760
277565506
190313887
674578690
513966422
72026640
884346126
567818037
374523457
417960940
83161361
164524536
212938642
3262721
441656379
369733033
737499210
659700875
434254824
769539523
203046006
124810257
387630420
593907642
103651267
409754029
11045881
425662861
419427886
77767322
551897602
160785767
597652949
594685458
625020464
599849776
78197132
383130005
1558793
342578974
293051257
250884030
433572641
872134636
286597747
778165531
221974058
891450661
727803848
609956223
873345044
199533381
795206588
392483590
810287867
601674159
790256363
705789427
2191653
579614812
514044116
789960918
444740518
381183445
944423959
854855866
836481460
576992485
510868223
518349542
434369711
817031762
942095885
741908645
414914212
14857853
178878509
954219301
358284053
188423484
953492763
426970257
810735318
84593433
909129904
617200655
779939789
795354238
926912733
640388057
79327945
636182644
680037189
86131184
642937225
101419555
582088074
61464799
849101384
268609876
985150185
335959016
973176952
676246352
399883570
582717925
690139900
376825305
816178331
541416304
333265126
818770842
409785135
537018929
662454921
619754161
131088197
522523986
525338475
981072586
301184823
761753814
944844404
580591092
771691598
551004269
201030142
70241272
26074008
515711985
674588997
181436232
887556692
533136490
974770250
288003334
27514068
740986896
581465588
919497581
409788730
652681645
557864222
506397458
406178573
799086234
487934122
282755285
188559599
886862204
455968570
322199772
704874096
220019348
87263194
891814673
544646252
961310380
655641737
183778820
294546672
75500242
186705314
853271586
753651756
2718713
625415281
78175755
384055532
835642941
482207604
479203578
767217475
212069874
516318461
895163907
339014319
601312554
854559502
988023111
114904737
655213407
930052541
742761189
713277394
224389061
446557605
963109559
497528365
940274166
300767508
266780979
78990448
514940190
443775528
571674405
107786928
809773306
727944531
844594835
464551915
211253812
846477812
637245323
539909692
471928000
314432197
397522562
343527327
635073883
99259682
988224756
437344679
631022783
314832961
634247677
187259696
204393826
303223547
311667091
112491627
781835814
288328654
212738201
992144415
730824940
797912958
885284754
862767877
219981666
711701163
682578664
557670468
730140916
904011518
414996118
872075008
301094845
658278152
630473008
795284898
738414210
566374074
173331442
40100932
131762685
562180865
561110010
322747911
771407253
496870115
658820074
471898030
908201993
706818449
298551241
256183952
451183924
27477357
577194511
425832787
158013581
210268892
728100737
354273930
638441244
292835526
495806806
470189722
553471302
752021839
393061665
252467380
168916074
249077919
404075825
562874262
732867138
434235635
14741669
207647987
313043660
299000632
178010641
709697918
77090433
449778450
558881469
679270299
264278461
284828869
135185779
213237703
831763310
52549184
780571379
678159278
550441966
48353684
141944399
373072604
547176556
647737099
548078292
462271123
267466194
441999893
3912760
891776654
265418865
17379659
528311306
908260249
991734262
86124132
623542074
450038473
320579187
716942427
424359590
275017438
69172319
868889193
690687023
189145877
232783769
121292773
290038605
38105196
622916278
761524254
143090420
821296609
903070234
260985062
408209196
262879411
952436493
115357059
606085227
513370850
356886898
521041388
50627473
748589890
189199520
113357122
477683852
146911491
607622533
884497389
665632477
88507469
596829670
882856462
44656509
340605826
236082279
322954771
83475415
870062960
682805150
706656965
940426460
448504416
521314683
168970306
416899415
722500369
9402396
340565749
940278677
798304657
396700482
667059913
121849770
616264877
507641074
692915377
774542932
87271656
787936493
981799309
799955448
825289838
398440878
761526718
780896659
72872443
909146422
903334322
618090669
758771330
637518616
137335862
615568564
495785318
714742449
515837478
647752387
83812620
707318073
552401363
689816495
487427357
378174672
884734781
369212665
850841019
791662480
264866386
862243873
287207393
269408019
650232056
477248084
451882634
761832688
179946396
970514769
875331848
705083021
310359478
649330338
132708436
244183980
675681177
585688235
207340746
409721597
779989449
951308588
515589897
128423040
655167832
748341714
611255523
308213835
272276006
744202115
248230282
321889134
926125313
966000608
936587810
536015399
65607920
26426912
671312767
95286620
230421880
863347608
458982187
910453420
513790222
44483254
18090028
127510984
192455965
176861133
753028164
502710886
415328515
355167417
455198175
311288278
565740776
970703348
484615240
82109908
217428713
213062302
210944463
587605080
486468220
104222794
37430092
818233802
199604852
176499151
312427724
476393506
622966277
978422963
294748132
617901145
250524016
914882973
557267537
25759688
83394210
202598495
251067203
301518505
467770171
852356262
845742965
523179893
403889899
851492203
233741739
988510951
457472357
519826281
891516780
568398044
452689567
94956701
88447766
244118397
20375464
433807021
351121634
948494463
504847759
924290433
819776813
35324780
314532519
387040931
286489548
550951788
359779587
626671351
905971629
584029597
336216000
85836353
905288658
100921284
692130333
3913464
206475300
716439432
583291610
427785983
195375533
451969479
226016562
655667826
143363505
853341715
135576129
350824422
700388654
162207877
245308010
655606200
778075729
740300830
497317682
664741533
55372144
509260648
469240269
208657445
50458804
208460871
755031996
184504679
713222359
150640354
444059381
17229215
105858777
124292998
113653001
196971552
576017063
181802503
151347129
869751872
622574021
555424353
91972447
249484692
509728174
458947835
479351195
332452513
917809920
58484930
36487554
911658799
892866984
784855231
336614465
807703033
627462839
229362377
338571791
109507936
711974623
446656110
643789809
98038045
755581558
559672381
834157997
773308713
669025872
123658693
94623050
394121950
940691644
479036374
84590524
385338086
438657684
914513654
758705268
140831361
324006490
124894932
705392378
325867435
54460415
529467917
200583033
582285441
136307829
840010710
781908293
534010020
540887558
717989980
928060837
361465520
640008436
832851520
819677094
164565419
567137746
540652414
679506926
106469426
235393259
942844518
127579397
900906676
129422196
849429323
325238528
671394208
867860768
60597382
87099146
359136490
414271782
253281548
492649890
166446761
379576402
500549450
559228051
34106744
249120128
134053320
396860828
501027481
641571973
790582842
33857706
943416966
406612422
908441868
343696048
739191527
714381380
893849833
979675918
126115144
645491231
60745622
718053988
601263195
355177316
952501487
862115476
784684000
325098267
264254665
383180519
408585762
865016754
764965673
679535391
331205086
419071873
225093583
211429853
902929148
672247222
148744874
271678358
776108326
576114437
626940897
972084368
777425776
93471241
281597196
550432628
537871186
435031229
556044821
548986498
366724948
146493054
465109125
302707515
704799603
840671333
596619516
79945000
670713981
682961144
259343282
350615897
604695577
246162154
59269355
666468160
798751632
711427080
570186478
474628927
525606188
488708265
851607898
246647433
991927239
205701218
486705951
827546524
579593215
441474855
687639887
324185100
531628602
869771216
427781818
905578387
680562590
156271620
272720811
922261571
50413724
753723040
443122244
933256120
685764991
619745063
598173866
129451101
398029544
997407070
89030174
311404150
173542887
180394206
981857398
524759259
221193828
770715696
687867221
857220750
859554442
541054745
460518711
721710484
471820353
96606969
614881274
954455461
655730413
713780236
361186025
791440845
354115050
76296832
262076112
939899888
364690508
819544361
663984421
193254543
46154836
240071622
272348526
801056278
333591460
461378788
109399473
83461125
66139751
932311896
410812293
407301961
411797206
68855083
232754680
869079199
994329760
926880368
271619313
727800029
560213768
923134213
180014919
180563038
165242872
320473304
455964317
205949725
409167884
993813432
175926380
712083544
736765690
933248783
430023003
547345270
345913596
457778121
3454964
935577338
441316034
446744265
970055698
940714623
857539135
763496817
165310365
467882878
947878497
596119256
231324396
753522226
834900546
320153832
653903346
960861867
645729736
736614886
858305673
599088777
827262536
326652641
26520091
296659122
105708881
140929068
710340500
732237299
806999568
316947251
666000960
823971068
413670232
862494332
474805543
770439885
593841692
532414936
868858004
888577367
928633963
524205566
968866325
638021849
539774260
16094763
719588212
245298751
178486818
484006430
71238021
42395859
804376599
501481662
233860796
630082967
550736872
930749053
593501346
461060373
146750873
493660108
380587252
741147021
936843100
626630286
191402392
834528153
646995682
755110298
159458697
574295824
863275614
345745141
273043179
906834775
984625268
374325490
617404223
81631093
807935866
722357741
508933023
559543456
680236453
14708530
818751813
638034473
220795890
868846320
995329795
677185536
762635636
494708552
174165160
616537683
986472988
254010058
699894618
892609277
615345633
288009760
113699173
649146240
433755454
672805532
292020060
360078070
724047284
468995902
203843379
528434771
680103329
79663982
734231496
974368515
61084522
676242085
162618894
875841184
489353594
826327568
955095429
987874294
346142022
543542879
41627271
611072095
631457307
581763276
334443020
114446637
162605269
736671118
590992016
765433798
69648411
129639395
604831515
837359847
445714458
34158211
786915748
341781249
212034327
130421703
420192767
637482771
600906236
514540581
669219719
315819591
974784056
53589912
828568178
892613054
659792052
13939610
866776968
394714252
985355617
518835660
718096926
114960060
466541653
917465117
536662905
513406659
722611719
917189644
705742197
676145010
665136960
36763773
842939261
817058048
15677069
46266953
398948912
286728770
976871693
255393635
441349070
992865527
723552268
819640392
195590361
515804455
752016210
704905465
552961577
573326847
865818024
247636243
971814221
897601563
112435230
820153173
876141567
304149953
946796827
496103585
863328296
116045699
997202536
631166527
543732603
575927384
990973616
608656488
833051902
741961787
922018451
965554146
70387176
450192910
35448564
756411847
794341345
435277014
802065218
843546534
354061868
548889892
758067814
98885366
698659625
257745378
726723503
755232100
840943320
350437455
356015419
315288597
775837835
464078440
959796174
534794594
896890841
485669023
143581600
333424770
122582841
641544223
533415578
977792230
174984174
652428983
605007705
85417838
527275404
447284878
83159255
444954836
496638449
57503636
660277287
52598103
19539326
482926341
562264700
245049949
270346567
871348148
432375542
145063027
573968362
533071830
921551985
398851368
577929250
777884286
138820911
592635807
495564875
839623018
342060889
841241054
895716771
634519377
799063657
585448059
212349289
693145554
548625887
287148969
599955702
363410248
350934874
246855554
960398008
805287272
430329425
213096068
419544562
227335324
153233060
857787150
15253478
86194018
581314147
756141750
593919477
982358198
790822317
125049679
988106743
105558237
917768448
164079129
399188882
803672
36259872
444073048
132716302
901282888
659112381
633696961
358343576
802541512
816325566
705353686
542910259
158655424
110370798
66748797
429964958
242175393
235071037
911412220
850870133
987513380
634725493
910139348
119914285
618541315
614727501
460447252
985649850
544512277
478663607
820169070
306673684
342630281
675935263
429906659
57846286
43402981
700966605
677757524
695661555
613191891
456566992
481786698
683302146
893730184
117219951
627129035
628082390
909004059
768246621
640884764
703135499
407569246
495982385
385843238
359110990
628515135
548630849
434225414
609706532
685475510
548918479
767452709
639752252
299864551
881119916
144368119
817664024
659222125
722393697
216598960
221519388
123944791
183842985
558814031
402737634
447026139
14187672
156049565
94980790
19448796
131716945
212781186
180626721
45986662
689758617
466009718
69080183
76225061
237582690
28051324
183097793
834317004
508235330
272465920
947950186
164881925
371958796
750343321
488477637
105087160
255459160
772181412
681690556
514587948
641182073
43001376
899578775
294073609
431698787
887846213
391310572
190249307
588046207
247698031
668218106
187549918
753544078
133851025
697630856
546926942
839489947
715256052
736675367
943429763
102697841
282098977
813996651
661573824
952658553
978571222
746360708
806933857
214220639
465346361
407740097
277981240
151066703
557465346
608303434
230728869
675439888
756841251
880005315
771094268
503494624
965018288
740129701
595309616
743678889
678031680
423760097
64497941
526107188
808373567
221742348
612010084
850161346
244457016
331698257
856491648
465946806
297555559
14279387
148215477
362142778
316241326
154091164
382292069
149856377
37122609
967627247
370490639
39148892
807679730
424239234
483418874
525713829
118424011
546925731
582078400
83424
65926195
28469947
934613112
275169301
449237376
214289529
183763511
496839900
350269759
873728770
270430197
834089412
467556970
672627751
258691682
31130251
974079772
968342770
454776435
790414547
300100595
730772316
30955160
840089882
551599624
394616517
485560062
44136848
277152394
377894754
74068329
20636697
20555782
658737373
808108578
392331927
371952300
731804277
908840391
26753880
61726480
472708809
970214393
623220173
557441647
551125826
455359375
760869291
435884115
622691782
903770711
680085260
309305522
174859090
888110775
990411410
151662389
518218500
271448952
195689572
564045866
649573144
326888238
170915143
585215158
641930911
104346328
899558684
222930519
995362896
967360922
993249516
966707761
36238862
100790643
253535459
26190831
402646073
519447203
875242425
592031525
38352439
163588134
452806895
26276638
949794944
170544326
420011406
641057452
311032702
733821347
309738430
363892626
304050325
140037293
954075590
822039158
545349019
936006958
949805390
139009169
37883754
79344854
728695184
619810420
732190741
691153503
552855246
772706518
49109479
256812686
795307934
467466860
498552066
678729845
670798909
701164617
517777375
386838224
748385710
202781427
171005170
477209412
651430687
161892615
828513215
618008686
859341947
337081519
681950828
958272593
666045001
737456912
237407349
636370550
795672866
557392304
180853460
286831131
275983690
781969092
987004875
496240352
364462212
298570972
169283620
42760825
557140398
850008558
339067448
522110453
953958477
304197472
649421495
979946141
515162135
569885140
191346280
378791730
493018279
198198534
268465862
109286027
555653348
314964358
676458093
72046773
302433257
536535272
313301999
846359755
282297579
911585338
542919560
964070146
426609836
763397930
919827626
307089410
966272056
459699128
184954408
952536948
809905009
288802287
57223770
342055764
379050113
55324516
362402762
741013359
407953515
123120704
937870698
773285263
576315173
962866317
153759920
676381643
661764679
925062178
662941055
567905040
327607132
162274622
770501695
820349640
514146667
227778466
819177150
968291181
793728520
528217453
872809642
681258259
43585014
472151776
350253840
327603212
882714624
502867153
49929266
374256935
981893463
621863344
571407840
163254348
512121213
269548444
170116568
396621333
415928564
131852145
208933447
173311857
594933088
754961759
642401252
560960769
184835231
483387899
416480567
146561624
779219107
512478989
774831211
128768662
843908214
257830483
849382661
700437292
101822474
953783511
742932140
954044862
293381774
331625704
376532086
269163847
165979107
727761108
575828093
976349143
737588213
1141797
981311517
423817799
392803025
297181938
456787088
150922348
661750639
378826888
117966687
575258893
298828793
227130988
424293451
365503883
12455811
904218947
532997276
323612681
148607197
17087997
978543622
105615870
197992518
450913418
936659596
560199394
640273880
299964153
160867614
42071619
852548133
528615342
474817236
405456478
895164144
272720771
951106677
424739060
812462699
215865199
214585389
724124688
642139724
852859157
472663800
167204839
94850193
467387276
129336690
372248540
442597747
538578636
814474505
683715170
827935255
76244349
647353054
836671123
547137746
687171439
494337045
801476097
424941389
198126291
95717488
811921069
105964196
221582230
559373136
451514
295807230
254321141
882695737
979207113
154276400
850846766
422797502
43144395
264687217
65575796
761404517
620324259
308050214
708082347
860443231
633050794
613174526
490261509
154061855
783784083
82579722
602526095
360887524
993685833
336710826
694683712
530334023
908052714
51875892
736664826
239997752
58742471
398980774
284866697
451619170
527055067
394337758
624384059
663410140
134376702
868783682
369007951
326872828
623489385
981728486
344645383
41608540
258683941
87900283
561487387
160264311
900907541
365752508
719098528
607691653
939116144
104585087
244540375
134746366
21680332
663241774
76647301
665735988
130967145
191220597
611187855
175876661
404456140
650806856
181378782
879765996
734102772
765466235
631049392
565774883
867118998
977626662
961969115
60648919
163233956
633607197
682478569
204390161
68837304
233110984
649682022
921891894
187872233
27863577
857484951
645456956
520310256
917693731
406046001
457801086
558930922
228654630
54596262
188999142
271313725
225531057
298906806
422482953
706165992
945851229
717667520
222299929
814019680
922497639
505441666
829268320
886202651
322489702
425615689
25803633
629162392
629576353
888985265
293001187
373175798
266630869
936580330
149465165
324260045
568909453
861821567
754996963
484003803
295328871
640847671
152008998
830321905
589466008
525300148
81704440
733879174
434990499
609222314
230788516
139243690
807051810
207057781
590254224
993539992
492783284
493336198
185024523
698871780
144588849
474571122
848255315
729017247
460349416
46500121
760632932
320173517
597861237
820605971
947744826
915161802
712752295
242544701
450109101
580031033
735643984
473443776
98675649
194644987
92816364
84321871
529523070
763338103
887914369
249460203
663253358
234660029
106292108
692280542
325187189
643497848
986975126
981429773
148230926
2012315
699601568
755350287
852392989
130449532
600657841
538427612
10719060
481812389
686867692
435183915
842171183
101508890
301034185
29321656
616579261
456123201
970568659
201064619
586487127
984353022
293654583
606258998
430995724
380795831
993143790
799974906
72847333
994850994
573357299
366106363
881057046
637825748
709848197
8462433
564562997
581019340
311097255
248828213
751468970
35250306
835605133
930833748
327742422
913982979
282664811
405713175
658684911
715887808
304974715
347965379
847988037
681299979
568175709
787155696
903505296
462326785
12089658
239853360
991966570
555375844
368334432
537935722
397525583
449213388
25684366
168514872
592316325
954906290
521457789
11311172
844247292
60519687
525269964
847374200
870456756
517265012
197831048
924337396
869156874
80171859
755598149
44234060
712519795
229355891
971361202
301218636
238666849
579932206
993914466
290520959
455377629
908770282
416798598
461190608
548472737
935743551
399558858
273935442
869463354
586952100
29504932
817606319
441563293
673108073
164298533
758473593
287558361
511631302
825492221
183588693
824595115
721262168
86052461
794424047
539871198
483708266
716579145
646332805
591327925
195485552
404312075
731337190
926080981
149140030
591814281
958027383
974653582
830325776
763783549
110792761
118956114
804580495
850330628
787443944
867634763
930764468
147084345
923197655
609490436
935016491
737281456
983781706
247347085
948930568
118573377
972494148
494081641
23405130
296917275
622582246
774787852
241407658
749046167
37984242
811548028
339865801
309573156
982972715
173289155
197730659
953961026
872903257
777379633
227759200
838466088
995521691
168501006
841924317
703215433
61328435
160019466
733626596
103656919
669272830
129269756
21908483
975779220
42349033
649377919
689389760
53436791
344924473
653855984
410480787
580842036
574200009
902145118
440023901
615199211
253121783
819245908
581211400
729394711
582848372
888457471
32528805
527181244
247080861
156702450
32332105
373863581
608238829
573300476
960500691
139910426
180115999
188419196
237321216
767373530
826787440
242806037
913377590
956991944
312626245
461555541
258431496
333152679
359802822
564357203
848521163
787378315
824503139
416458239
129347743
670303106
625018619
125148260
698735471
338048256
583507614
654041909
617555596
69783639
26671151
695944828
295013848
557389243
350184970
700145388
251637015
790047566
632111080
209283378
224149018
634999364
260894334
153406145
839851727
839692967
478980444
846096253
238055615
20015793
738569762
645099623
978939302
454717201
680862316
509494639
884136396
335570363
352494406
526882708
459283891
427348105
248529950
222325922
905935778
1604584
326267552
902842238
671088381
413515671
261165933
469105477
616495827
385777041
469435359
276784996
760848012
161758314
130921846
325320350
606343201
819120236
605554368
956352290
760486289
763447161
643973198
4214168
194760046
748756222
224791735
539188923
841863866
190609237
766914444
16814156
117858479
67806374
51886624
744457717
361867178
702203738
855726889
205048871
882830870
453671447
922206478
656335002
317422003
37890697
2354263
447417228
427947001
853076024
734459017
226377026
818744289
893185896
815193208
401051159
43322502
348967520
130301237
161940103
172880211
651494319
930519800
953699073
129114650
263650165
545669220
735694710
433276693
607139576
188996914
79606718
190441841
820288949
568759356
346250719
690094200
555632640
844947951
638296638
988354090
885533777
457356569
465999040
534331438
540815232
933064321
974634927
700338279
352346791
340503950
667553344
603189597
81440521
708945295
47607793
331008185
162848731
151456134
869928244
762452127
177431350
252555722
161683546
333574061
259417207
42559680
544513441
334925470
851713324
628598275
293512452
198552415
380531925
509449280
127097286
241223710
75326829
185725788
735967680
721011159
205886245
827564433
765600216
989697470
853337138
975846842
138880783
113756008
75956347
787369336
559048358
965723053
704672180
453229629
412249701
578234576
961344176
355265746
67843205
612237372
650264638
215906353
465785456
958792022
730734387
322742975
937759311
81960424
572475688
11644035
251757699
156169919
873208660
83102464
398109610
431179995
128069395
236889928
786258113
842368126
216947826
965937477
826077050
408461287
122105577
785964222
309948593
314535487
854020005
95247654
923924858
687131127
385348060
928947003
908327578
75782300
108962511
914877717
853214373
580059030
827498518
1722682
368742596
494705224
74736638
822162939
22068275
540943828
340616666
9565963
982348020
859189740
175977991
115018314
952530472
482540928
710250611
562988587
602242317
173743787
400502421
319399391
363143938
311094204
761321765
84253855
66513024
807803728
812098559
747050085
871717608
922809917
82715609
212374219
298556401
354163278
388376707
618879746
190828473
394020821
482427723
376579280
229312450
145216695
542389236
486118080
187079353
112693948
966187447
84858457
331366496
778640955
445886859
989495503
526701654
975232028
160822081
341300551
304132355
317264942
666105032
543936458
313329021
600033524
393929353
420107226
164695457
723080851
687712562
877228069
574301017
712010166
674530179
240955011
114657418
594205238
143921085
618514109
589009198
214913826
426588129
422894186
340295788
124806142
770804966
715408263
644787125
621449417
486811988
193047064
949614892
565373965
309727078
870577907
790268572
68220183
901096192
313590015
761928439
337980448
463784622
415702233
828390552
600231840
736856242
41385013
504476617
856169862
308073004
734214966
2520567
140264839
358062116
550045388
665458237
173940480
111378743
925597125
966040891
448382463
408950494
504681398
779185602
338443776
734677688
322249181
87968922
362785305
782179050
691060258
484683586
390469629
4285881
691986129
816376795
439447791
977629208
708692768
123328313
526201306
394242367
318822418
541850631
454914173
995379139
826001736
834622124
462902421
986452393
868954892
875428682
43258709
459761058
993444568
579160638
900704329
742247421
56003730
541270856
115179267
79418055
626786892
142084850
606426914
929028356
543735076
101132717
667475734
372802578
617244720
556464406
864276247
746086673
621342853
983403571
574518768
552424744
856193409
508168971
544853334
225065534
949976741
62854711
184371723
97328190
808689180
232643275
201643106
2290268
792689648
123436297
43442024
357802732
301184226
274425183
609253492
474279455
944343008
964350076
465717841
14794695
730075434
800600720
866693858
307786372
744512149
192259526
376878598
840376797
301200227
150005182
780442380
636526422
409274959
368219662
665804173
980793910
216355222
564807678
913809972
667422129
658692532
374657140
573530214
881869353
246234788
777187991
641398124
571730665
695782811
512195504
180143104
404747892
223552520
778807309
246395525
102587429
699121429
575953278
154492513
212378803
799962097
303705752
102582357
362934044
944827618
140103168
93703820
712970371
598057797
283337849
467797325
515320233
604640623
116603747
118403267
204715880
178573779
266357046
374258937
251581147
889525478
91362561
628411869
34399817
456858513
488618979
609834736
224863671
386673745
665634240
743542857
86590966
787709801
865283797
472375080
615038721
727380685
423035159
197123821
177036831
590102312
941023621
414893971
224643392
899507617
317361870
352371974
892473072
213409709
216623553
710860345
356588254
863118534
325349608
349618195
96517168
862974606
857586389
249287991
141385763
851567630
825536630
367143774
120312598
555917148
122030763
306447340
451465919
226781194
854835073
730909759
386959106
837027061
630101285
293701892
119053147
518916593
412711083
293544132
818342651
99572934
226871275
990532201
169717569
501295413
238881277
311127930
128710661
530457826
353082191
140361407
405495957
892815679
883133655
455257391
910077207
821884844
411232202
498218963
237421074
416757505
894930957
645334225
5890309
401945647
683749389
641965628
859628242
201732556
832130354
169428988
63963983
407246281
397062184
212099049
728809800
356053444
40780170
64373061
275776163
524774134
337150625
948538549
499145263
520480026
24142080
944582895
236281489
560079881
621233093
250572847
150695593
124230530
245929828
323049604
347875525
469379718
611395568
486390602
386656791
53649157
2134831
251092852
543432688
723971658
542349334
769585156
307285507
703104346
792646235
741981266
780130074
446063023
818613884
524724748
832016421
87822366
92346713
794362055
755468734
962851707
448061756
569786225
467786006
10761925
372433048
173790154
782301795
263319389
422951470
232113216
520923879
840265693
294243824
48179717
213966903
267890307
369816000
975023845
606991673
418169716
482649963
488649158
725319690
843459319
646650843
120910844
988911853
110291404
907036840
297091956
86622858
977048985
633694013
509321196
922052003
932348271
459545284
478531011
652710558
799056589
696319140
812979886
869306467
499987090
172149743
342401939
187251393
228698156
137545855
10187412
913080518
205619732
988020801
439047827
36707847
368684028
845105980
702087721
173750559
721771496
11962490
586379347
702676864
584864962
385283249
799965089
216649950
843401270
820753686
186295751
972610178
814777717
652691896
686028060
251752562
440970637
673186867
760449146
52066196
869053390
422287720
252735824
217458453
66856998
96494854
937156376
613680605
363643280
616356195
908221928
523359856
328209525
536372149
919129587
364996384
795664872
808927583
352587109
317805569
619376551
398530182
751691269
438329653
437566731
476973596
166199779
958444112
691760956
951807806
682979901
300309006
38444679
296026182
136707503
543454200
519631150
963926768
350395159
528442193
645780588
696047662
72827898
562487446
428352431
903390961
225668248
881381962
98741512
825817423
346266670
80359253
901485847
152337528
690623242
506688563
358779661
793361413
847625932
61139256
244478815
992670991
760901920
383784238
449545314
90533493
163510266
796707070
924738583
306130862
500417411
947713028
560240931
245760157
992381572
545377256
883938291
518917341
347920596
891632085
254420451
197732262
621062092
564983789
961907146
575696116
21722304
20745884
429586725
410582094
686412222
198581002
647634822
588612774
272813997
902213916
192350883
129929110
782746604
660429385
615542306
612196030
620644571
533405826
551262529
833584233
362960001
159801135
657672940
186256591
227706936
350835065
869187249
962704516
476730376
350040739
107808972
867334478
817689275
761723733
873475511
209194699
66189530
443439398
820223649
174811210
462325667
367553066
166894692
760522685
246536391
637602499
119464232
242295743
430365007
125209167
517240683
446702970
161957396
99031579
537127524
563932876
679516625
526963333
204394089
25143675
437658651
902719297
843036052
856727374
712036471
259054573
251359001
617484265
37614853
267925212
126482997
120844271
438003105
987700508
361473963
777345210
511216757
603747183
675833086
385328735
82525381
431771436
24172204
124538446
660324849
613511303
870016538
148987154
697580071
579494103
210456327
477653191
698354452
462160934
139991916
964450747
162073119
43287596
186732285
138569102
944568232
912066174
712146822
119700220
342536189
142231254
226058842
162481516
849473196
111000410
951834100
354691738
99318568
447989199
974029151
727027107
888666983
567862284
41037155
242443848
143604616
763469358
228480804
50192299
718596214
38683851
900045880
198530500
231451203
603747103
614646679
864595088
328454062
776192976
671189225
816965123
444607689
17560698
775797487
275179942
20650131
46181283
667190468
945792169
441713423
891046514
755090527
33954975
130371893
863563865
400680880
638191298
753156595
415384574
945886685
528184835
788521935
832548150
67128827
757664104
353613915
408435283
784606013
835297910
637879394
715053054
722811109
769905031
948874072
436951562
936660861
404488312
727485587
92888180
366661101
893536000
101752072
706745246
32850792
575581108
297161736
557755842
239256148
377879253
312766009
130638200
937343603
187434013
155558977
947630419
603559508
539964174
771001572
642653551
298848362
641745727
507493230
53313444
742120752
432689865
235128866
465132813
285500766
134027530
988011608
50900619
400374071
794902
985880980
819586542
151122254
408813667
305647963
610369686
280034475
444021056
901050574
862029944
151502231
365602298
329750430
202849726
441181348
290911887
176334024
15514919
711486950
607578407
569101048
36146235
421985003
181925816
154608470
981983043
564164013
476804490
729465354
962405728
154140629
52320486
764216109
530980505
113055825
104659402
817653202
220748306
441317518
222859209
515863375
518637886
326573073
928536080
421180535
958242131
28957429
558544538
980897022
750751083
677535761
51363125
283594622
971531689
369573451
555500013
393486971
384499638
438397566
436004301
501830428
298686574
980838563
887945320
577516689
161152837
543931484
42107202
472669571
321998526
90123471
366731858
86648785
836363228
319343240
568117362
753380252
748559511
825443703
786481727
275971130
720245385
647200263
30831628
927017851
532555185
610790372
846255342
673681480
73463937
821228846
767953199
56748400
192298427
126083487
508996981
292679594
792794621
39063187
612578865
259898627
317765325
463907629
806211357
85128830
869255207
130047172
657522971
721771909
353335606
826417726
68959140
43709456
248378188
810150245
540371412
358731745
176553504
44441251
161487727
904021961
926865260
436869740
218934972
895398988
19502857
899571363
860300391
419549790
505126556
504023316
114786143
456445956
990597213
915799797
420966841
853938973
826054350
284266207
779019217
493704414
555928589
619294718
663695467
833575814
281096581
891214528
473306714
27365020
507286852
455902292
684269207
86945446
496951490
590966060
767726736
667374024
190923503
471890466
862684779
781320636
689427311
383953303
338701986
114919163
816868476
397136101
712227756
418067050
924685422
515151375
917653849
288040815
907234891
555795898
905769219
870131435
648666216
408709021
572765144
857895792
966055211
491381157
774203742
434743419
34301095
467917856
390003312
450083008
843365648
12205290
114254482
699349523
483732383
793556483
249485093
710080982
245663507
259105284
722141755
734631992
43749884
536888679
296118298
555853152
475487784
858777238
360970724
116162106
215281717
789466796
753881018
52972043
746483546
357794839
590699319
434065994
744344051
639308019
452750487
996602595
778031972
968739295
881962930
742186765
251618307
47124458
597329252
419918552
612036327
352072332
140969398
56619611
959591169
740476837
305286578
107608645
198728745
699684739
211180762
344115295
850897238
757548918
597990769
771606574
448154832
621951247
286100307
147515812
682915348
971517753
23988410
8800888
358206375
759379517
262742877
195532002
669498971
939675908
822532574
276827814
227338143
935304502
621155971
153754426
305886005
179825120
45321252
382850658
411983443
972816926
86410449
49254052
318591205
341676788
437181657
588960101
881282692
768385135
958406395
834971836
771184847
488572686
409981194
808729011
255195566
413054228
802883250
156033325
539188991
410251121
145580561
575570879
983908573
759775896
439615398
29074837
502753026
912346708
264321841
628441002
517926993
566612502
426209641
211170308
270158807
730621728
465325650
369559170
513668361
168212752
953378288
221669604
868490434
506092699
933230013
37105961
409513996
413744305
473648167
733946600
287130869
211002590
368706991
784705396
23967818
41927466
498486022
526691930
494346646
563996203
198911886
464908485
938263994
740129585
571182418
724246559
851603342
991694854
601196800
559919600
681786985
514651237
107744256
928269096
186210759
378035916
195386917
525023027
96628395
727406191
880243187
986817816
535369126
841491157
117099713
795777933
52284628
833734620
973176480
928331369
632691857
212570686
227988144
887908562
704231542
742207667
273040460
434218377
854288422
988410285
364980871
161851878
190319749
421572922
351449939
720784568
337487921
837686141
47088748
672355595
182075033
318781584
316838463
597788789
264550765
458138284
366918808
744714512
217758057
924355470
101731409
932644899
808282824
7236914
178743867
502657588
561046716
146553293
293126842
64112962
97931094
40722717
917093300
870254383
205157876
805256843
168649570
356919594
553657239
595658417
855119349
578397333
543869271
292082512
642968319
363104327
663592669
492229329
292015413
846273140
154935119
952420466
582693068
632577975
881955916
922035592
251575080
267866765
549136065
173489729
845297283
698732831
765165488
193949337
70696896
898970009
747195016
595154264
991675646
400732859
530531866
399943683
562727494
179876378
2500584
387297712
217051165
448297788
39086658
688470995
371991388
840297718
196325113
715160024
661843875
164263001
560979716
8298442
782480890
579721009
15966792
626276660
815042651
965794920
910531319
419759408
621774290
287202758
641303377
635524535
910626771
159186957
63653157
66079291
653752580
681829203
288865375
626239841
378038907
932070771
337659800
660061315
978001444
202404310
663581831
217066346
184877865
837728776
268748422
473106383
787799721
33997036
821961865
273130913
970638539
275781749
354544597
272938241
939746816
953302267
812259851
378079726
642761607
882320473
435889816
450088849
42652726
217823683
495430387
245356719
509670218
283598200
753319776
565216169
502408686
892961808
533925322
105359588
747945293
60487756
323524115
574431623
56090682
138030944
480837062
786824867
902114336
790058562
683410697
331323238
239670710
604275661
38067651
75773579
834215160
115749443
513062553
906617842
201193065
580925305
51425659
3574254
717772445
565734233
657558434
248309914
337489499
15588289
377956901
148413394
522466128
428863164
888950285
310650389
328952249
31271523
925548137
732831653
561475443
55458782
519492471
698346235
717366368
454839627
367622557
805831302
597956917
893615608
661559270
995148912
55410479
421959896
612674872
95199842
436920379
549368870
962992539
124936332
875645625
807949438
784353316
476459507
439347396
745899089
899748665
632737297
356884751
209737873
673334429
503396381
717607836
56334838
594757060
156638495
741150854
75646892
504065282
459048271
977433398
723382560
361064795
545301627
987243467
275081526
162659239
174317116
817343139
333667408
263395389
405521624
345395556
301131643
348845393
105784317
612763097
560537242
764194778
371173012
244322105
537422927
738703113
977446738
476624981
563451958
263928321
164175943
168835608
656698074
568338348
969229385
390308358
47657530
125264750
663308598
657961871
437912329
405046025
615626560
163146537
587489081
822237260
459173547
879346998
558107414
969752507
338026017
177022007
270006002
860339275
171389709
533022541
954827587
221363695
996007894
64689752
770440986
851822924
493722535
333907934
402932295
964302739
647614546
524675988
32049115
73141039
574643461
456103219
716219624
573574927
662193468
909063375
760205107
452062338
449776111
717529593
734549731
940177014
90070418
88215581
160575996
646127179
716342081
399461750
886054293
302873038
236460389
393610412
120181500
506430501
967711337
128890902
35337494
381712065
107802591
740366593
330950913
93817530
391290440
367433914
215471244
975272586
866802059
468528319
385469468
771739369
486957445
495669457
889771871
302830761
97334885
704552553
834206402
407572860
467696356
527224609
203215946
173827409
788940892
705465059
946853277
766387998
780204972
574833069
509245983
850936046
42835886
218182828
893910999
911239926
866896029
510263586
268690204
607306607
970563624
906722829
879932724
609433416
315879867
974308846
139151958
564533061
749433363
718651453
561815137
211458258
969561042
954985518
348148329
526652370
157814419
662282535
706196573
30692497
93933238
732341758
645561229
966406023
192636398
894250680
192876861
937372135
950135836
28802565
83383159
451884681
805465782
503404597
18848036
491826324
778150383
461688442
496220383
397089269
565738140
1841712
818743487
386128012
632742869
221260235
146795008
720649481
692188961
191681159
395187084
319415764
517299035
20976198
819016041
724578745
777366888
164997989
721945693
400601237
250461851
661126218
173522657
204241330
353146020
932671054
48616432
820001462
371893648
784950860
730925221
725021818
186657520
301669000
243262945
688889601
409035826
245422296
19503309
362774149
623179813
331915421
765285578
962388818
890474453
388149194
419126170
613892701
478756451
491936279
892835809
840815189
288873295
427966857
612632233
864103986
396488714
346947519
80387097
693281369
774215817
545476464
812724605
430439746
325892467
979820940
146082744
90187164
468644604
729617518
971810640
830709489
610737903
701932030
9076730
395876927
160697759
794902488
606291885
908596800
269524301
128827405
679762701
566226217
160251404
986734968
138968649
451215554
910103441
236042124
323288577
370696667
465394506
559372206
663227163
789029203
535564443
60484856
527689351
549749046
155569892
762998127
50320
840845620
315516327
234289731
1658851
458597413
196185278
448289841
189076804
118161866
912019064
704751721
207749468
79358179
740453107
753680218
327474375
555004909
90264740
959981692
464580994
997676086
350093401
769981601
710378747
47607569
124257225
831446393
219873556
106385206
556510991
725141220
372519073
506689936
66892673
243468616
567244394
819477819
481403978
889567068
217100128
440798168
851678479
384614052
588067470
117061606
530089469
274004093
434321942
892410358
410420527
755966610
27532077
975378640
411788656
792476853
363344251
274685463
972935016
294860314
963529794
610243791
735994325
530418040
470358499
105708212
569416976
381190519
917288882
484770272
140133667
765679625
702511192
464014867
936649609
816880399
954449365
708126133
794366320
976983052
291162602
363847152
159526281
761423822
695896058
422514315
440076962
782808412
324706665
539190245
992197447
247088064
597972332
506239495
286776220
196093337
223869323
195961657
469864030
660015698
608127898
577834316
765504278
675706250
569137571
640004330
86957440
377041062
343170744
469085051
119207818
986760820
77144867
953120189
926255913
258367053
516257908
73520167
990930101
685475521
280776038
722548826
689377973
226890162
426922496
843023362
146742579
173649153
917465162
417797169
94385008
692896510
470470222
422687485
387318226
289888227
484883343
96827411
267402282
44903478
275964340
342848789
230874566
180853802
239038039
108797880
622452905
468295440
287316136
176978849
700720110
397816512
336127280
172274104
527992247
925018423
257780023
227564052
942242168
66385066
212937506
166297992
271892334
393792387
376660387
949423248
231005359
168008799
1486258
970425596
878232232
268774103
919238957
474574090
501515267
38274807
834539755
618667399
719222139
217335700
100751130
198730757
856306537
944158430
277025793
787653559
124568420
487683716
853646878
920326695
111386994
377960842
832099408
626940345
16052112
314835129
238521629
853271602
173561373
172048263
438107325
559888876
542809066
457992419
842878986
787062093
665926680
870782860
854030552
946627472
201635169
301220103
68212374
128860489
807160971
286812502
545603531
300912078
485907516
149799034
315139505
769638096
670950885
112333566
690112782
235539194
327891444
992222076
398328118
610641460
163581476
710952364
256009864
617583010
34015902
595501318
189895465
730504483
579326095
202073572
962103370
801095657
793172901
610727212
149406036
572347127
160399734
175729873
77680831
449391190
507836968
746125813
196580692
484792226
284083918
499472494
716823888
896094690
490204712
582322265
858945759
720184859
120830215
624901886
853664220
779333317
100178158
979224063
584686252
212704447
509188572
235462858
271349278
751440648
750594364
825894026
95588174
420868433
374876429
439965939
583538511
549576836
123713642
90317572
474933586
367955686
80006527
887477819
244343310
205763257
83196657
283136241
974651945
707295763
971712335
513228746
815314542
31379863
909675658
256899980
319678729
557015523
998043269
111431404
604899954
406049573
584253941
882955702
647670154
385430630
577678014
887908585
996915266
783924434
634937226
427688957
939114923
727694705
308019905
920946177
413775669
793441710
206677504
343197274
394810124
705299573
434205070
775279067
105859832
526401621
40414359
500633195
940724715
209944726
333947581
458005951
225638183
824121665
19518833
478086168
573963355
6005057
303444653
588177456
623298429
426172714
102907330
480197453
669479005
239018310
618434225
831240032
853956965
349256679
375849177
127216555
621554587
772056989
739046096
843153974
290730441
381112517
297468266
886617725
193522245
615449524
517184161
168370163
924091140
910294954
182285651
842731554
569246
569697619
97069257
44398153
648196528
584545570
658836341
569751573
82978283
265946999
424830914
991436913
422769078
261932631
513311007
159651578
251492505
644768496
526191395
989910954
368023274
967478192
477603542
63458206
294845854
724915611
493510213
22381726
756173252
365778689
721484353
348725573
241892356
105602261
179473323
76617631
724032881
556299614
299975864
697277081
952503743
315843463
517920111
122824074
116680410
102708829
234582346
111684166
738193485
381236929
220286301
326842288
770813218
984348042
774771393
978142739
428197757
737565557
813003070
246774999
45446442
332616879
919613565
443440910
980323927
773201819
969665575
356536479
30215013
596639466
161601951
448767438
871459757
333496526
222088935
991087564
447657734
756859939
692295597
479986522
252078063
675266079
687223924
557670983
51454563
347501183
170529722
863092635
731060317
689120030
674701522
691657151
163542468
836012629
852162410
278004299
982947843
4249154
977389157
68110653
466544825
744828809
359589068
764138644
677299359
682375808
239200901
703571424
703770934
938274531
467272956
232062929
67434471
347418901
141817616
340833582
403419711
569218150
879315954
135123960
731287065
97401666
403981936
652207887
185828809
702917246
647008542
251540522
608170406
908619691
808308133
314425758
911081355
300325131
916529224
125729279
63793138
246440343
27283506
353224422
104534710
333980787
86385979
153825451
244595335
91022838
320084816
660301805
403810125
962627363
400301794
166179732
130915568
200088393
350293305
624195526
909582219
616303570
391491163
731523568
71598224
730324590
242470543
961461344
973260119
959478049
221715811
928368638
60468004
407062325
109499273
275787059
918233276
845429497
754679130
597405322
133586798
954046313
327156009
839903191
851609605
32784838
683982251
290603474
317947174
592688484
13831850
782430220
945303042
872912597
978055411
861887509
124994772
589132319
908367514
115693037
446895461
775403371
920841506
274626502
980428413
930841958
482094448
143084418
185528002
694732053
913859523
739033384
967017997
406706398
550129346
631915285
30945253
845239485
734575423
122527970
206282061
638196056
542030165
700939770
43558264
135440547
627474967
462191651
220886547
884536653
263259923
421903924
308367647
986599240
343003975
712779318
190044760
505598833
962710355
730092176
696543244
78004705
135299445
440242800
290427280
217570978
337577948
163695473
44810295
257005310
992406249
624061614
873107239
3483719
524608577
346310251
268072473
759941384
148172390
542711845
962912962
704923421
405353025
797720084
55695512
896917847
759965439
879504252
216537398
429438330
284862523
696461833
712183023
251716241
819520075
430246898
694228654
805116850
491476763
969370798
686959332
200678753
912673507
533557230
580084393
644708269
175272779
587965668
671035316
9071433
751418360
234981500
435276568
592639508
809596753
944061812
40423486
797752531
740109084
220206022
367967885
426565935
204344983
196954713
934512400
676743906
471164954
367524174
555063046
396259757
321827173
751323579
382587931
598151496
54136331
800303787
187311898
428382305
870215874
27200330
784295907
599482740
15838656
988760536
447313067
342901662
603122701
302145494
783330999
364458981
527550256
963165935
751411926
759387473
851440074
222350887
761981497
331890029
653705299
43625851
420846389
871773017
227979751
435910814
868507052
851882230
580492549
548284387
905194987
175450820
979489482
513757368
597734849
896542976
409907392
430063159
680813694
973564625
807035129
705131400
142210495
264925538
194644189
901249465
714252515
528947160
425591817
720862560
660700952
186901869
937610251
86420953
476598995
816754554
491723320
405206180
136067652
16733462
440895487
620790031
455536016
310478211
628634810
455851561
82070757
270840095
661025444
526665786
231040866
967546098
326724681
741627021
64776713
123006454
849787136
351494685
477598028
373642921
723722502
158418041
363892093
873582856
624515887
136452282
164200918
161759801
932961868
294334260
996404380
554841765
863388973
337824881
157620895
595898257
155471054
924801601
823747825
42965702
834473017
953763400
522136322
358080382
91033230
689912213
561836490
523207816
693055404
239835703
619207806
375658947
471053016
836385928
60413846
977040387
486126064
236968282
707050477
960669863
197093449
911187961
47801464
844203276
793485592
362354875
440807844
565428613
707926117
487807198
629838811
314351186
704682318
471672981
489548081
662295369
251174336
859238933
875549780
210855221
858501806
859104346
441519223
172307434
625058329
916859846
548349727
515068817
733668938
128648835
14190147
453964517
683994097
728396432
680063765
120125213
656631544
697431372
191314131
677090949
258641098
924404205
187161624
907737978
130755094
694345613
441249082
281201441
741530199
124564131
367735643
168772811
561011700
426987292
341833567
584414674
696711546
685014963
111764797
621849376
644050344
32263182
548394874
379659658
337815922
924003446
377988102
300479936
722476263
198254722
820879594
276044668
480662900
637306623
541453862
912865040
908818961
367539243
320130695
862962075
197890937
909871369
111340003
765758027
172970470
328517320
201680993
434307492
968377331
340657416
505913243
219395496
796903664
840633097
517220961
32178137
531850834
444851449
529104576
75804550
397791575
866202402
354591236
144958404
386983334
323288847
8912933
502785661
451592672
464370304
911368452
316150236
98891494
286074425
19553414
760746330
635703315
23533596
272475647
535871311
365399522
985900819
59174277
720355886
670283028
964359704
947710028
765240452
586610851
219332500
639908107
874347339
816800705
84019856
485716565
857544262
853324377
586035104
846756320
637960239
567374755
114958533
374887740
557424855
914632028
633802957
192420721
934893245
20616940
610189032
730120012
917987683
46266527
665494123
392870154
139990454
445417135
722153572
516658637
777052702
695816112
846226793
861518128
801578866
123531688
158749144
416536659
524886768
538921516
771577052
775992533
43938649
503007082
332983064
10564473
724605048
287728381
730370791
732855403
381840845
544058188
27934667
970462594
824308109
882462319
734541267
503692977
921873228
903637235
494013309
903007960
502995355
633753063
806332627
634032406
470959223
917123847
331594653
804849392
917474577
518619068
963042852
680954728
701227248
22509350
105711029
333488243
18473009
384293760
679013179
129424646
395183784
954012006
967851114
256979715
562858172
31357700
241266969
795101225
288708511
788696402
487739929
545460695
521934438
920936365
91858163
243334373
424597006
425684815
570491422
230739357
261592414
267539777
28852155
646742888
694065548
673891255
881425064
60749958
33494978
827170899
913748924
576506876
606606619
45836182
266643151
33941685
99616730
967348204
568516059
678211643
620465244
420426878
76535408
76574536
884410676
945379955
89045615
293972001
65284850
707542622
27622491
417735150
303521439
83370167
737411392
167065497
554056323
522950666
535288830
962039568
448714367
889520317
776338320
28464276
315327119
508392693
458032970
371947535
122970607
214576936
203688097
759891774
141272927
227840954
244827424
529804343
765209183
108286115
195147083
503898266
10420752
136895339
899480025
302103056
364928091
531631191
488608444
704013819
184871673
298658875
125009502
690649895
454105690
620119825
969778574
477578182
128912589
789727742
154878072
664935850
329645679
962296913
148184824
678360992
963605768
9937490
465946319
280778433
43878077
178030314
150867464
96931047
546447836
506752854
379301669
239774737
194932969
320023741
116489699
395708160
358859910
679123375
503549811
150408593
4693095
733218137
268091008
355950412
767771437
326029649
12820547
295576840
801954881
838966104
296729195
912737511
623821430
743713935
635820848
53507743
881983847
646021060
458618064
287642014
241375618
16297769
543211781
184637624
555787416
846388059
575965544
623251471
506808989
591089167
59206065
3561453
441814496
229188070
959130656
431744500
182245761
163216745
31189887
392545768
300377577
689892978
219441249
281626721
95008264
905785865
593714106
146378297
374575574
758175679
758318110
658035976
693769753
936500070
172385083
493880939
482968681
828822075
369855910
908100895
598713447
565668465
53658973
490118126
956379010
470047257
170258813
1769584
33171697
661454049
871788613
315762183
600991593
885124439
265951135
450475349
981256815
514030682
891335402
486107911
47439217
969025831
887382550
209111165
145707180
347301163
117825169
459711383
815333753
970780239
901864693
446123197
92486992
640226713
439269065
388509869
593629796
681178225
802438874
353504372
310206984
548877330
583483679
694219303
785456198
714963573
851292664
716339750
659437501
233190285
198862028
674427471
892700365
869690564
618559206
272092495
382735365
333347189
223871405
165294156
465058806
607728592
90186441
380528341
326023297
578431241
292431932
506246609
41294356
447212673
475302712
36737541
36736349
684495642
792828807
892827069
473337492
922161104
932073817
506630436
638126813
839830918
591447585
459707592
701828387
282751067
206663906
116555582
46058794
427783167
948317268
553621480
136352392
646387356
488847117
636863584
588246808
376654979
256185782
907239659
412417098
374905324
638779255
686554729
273453344
827502655
841583252
351658749
107541684
19080039
588402592
811628262
726033059
836985989
574022914
895395244
193839894
586939638
512771215
119521940
535137802
374647048
868675779
322995662
322682283
389179893
785742287
401465839
191601098
721907124
643198474
760812967
835333168
471528108
477460480
616198082
467570287
409585124
997027791
737814266
509571069
646607050
606831373
502015665
20234276
216146629
487397789
188369964
563714542
702612519
467993375
599281780
947270259
895261571
312127615
619400828
395603871
99104458
478363051
264258610
789715456
736124410
102568595
770865519
555093591
567628199
253349555
258696755
472016569
181481833
878649903
644070416
875332765
417220326
283943922
345134944
581221088
120263804
407697240
562218138
618120624
413485928
512674484
524188998
730840956
81489151
833987450
419762210
787395611
222545702
726801910
16133409
418265153
100835167
409016732
572986136
736292057
819808565
206461510
663302625
208503724
430606701
235297639
744966460
691921187
500778633
947137998
985343503
846354588
630061010
812427294
328575808
592756548
906237512
848718613
146299856
883400735
394188464
395823828
33555355
779388987
980091562
853143850
605193360
619904673
845986693
524345344
125827862
206446090
712024706
529303127
661773611
831649727
64330322
306752819
638193192
311358794
544085420
303381008
227881156
332167741
641085519
525999580
398476
106385936
321625309
282937575
821961743
470506768
916953450
205840386
350365990
901597800
365928726
444944755
778178909
425176630
544080911
14832284
263097788
939010047
920105682
770659266
967682565
904136589
597470848
27070808
163258298
680380674
759199530
579635649
587722688
431057642
444736598
571711011
170176518
49516282
503127533
427457421
238021721
436755057
300762686
782863956
374985598
775946817
56345301
362928811
60907377
669276981
349335016
475458502
771799787
349670807
6824996
87511446
416871772
804630562
339220719
938089976
21979023
203952462
696151966
125298044
782778656
973691447
373621867
544572034
61124947
279317434
695318274
217083527
182538322
765187808
31734333
697900790
885653432
752670126
861139727
782293612
87767079
866996594
523097333
218228428
860208348
952526094
108901627
748369743
802102093
417929590
33425452
841758395
620046420
832120983
385040122
917512582
273257816
129503162
827492672
376114831
481028861
23124521
360482248
441544083
599676513
548853195
737458096
868264569
613217368
217314032
558359252
996244580
493432711
324856257
857554155
255784485
275896854
944529595
911076383
463755332
685579528
236936058
207587470
268298137
180323044
710005819
789568003
337703163
271333972
324882120
895694463
959109601
930123448
251446334
909524120
422895571
488828674
638014780
597526018
200791326
742882307
43307781
422936202
314456577
502978917
759224658
398746848
143276476
51184349
854970149
171939009
278739998
585104980
284089186
358593914
552638350
464704915
651936548
117797601
533708126
401327465
424158661
839938520
717832110
652284561
530304992
337321963
214562020
50945988
214055912
703503596
837773618
669059568
533115370
200592923
211407995
75378102
693260778
917436035
403692334
344896155
810562872
987621258
273693663
538411139
67322359
900609864
678095699
532137011
748390870
883145951
151268798
515391721
946732763
862606998
228783941
438133383
445234730
880730578
61809511
325955140
287539455
794612189
454555634
812209885
994236771
57107356
730394975
807403422
806760979
272792463
692819425
885078880
231501617
640156712
868772292
91761320
733554389
487745220
73955373
778633403
61361197
195742830
421862188
495517287
919199540
422605595
313653531
792989743
125753770
910702496
958000089
574066343
359674017
9095212
79175622
417830346
15550080
343466188
446872753
269625970
663065708
323344510
364754856
1712260
119823277
900758748
884866357
439942654
93192786
735343271
103347757
485739118
181894027
622085695
575955090
747999984
315417665
672199960
607019591
309698830
603845743
408270311
593014688
574682379
343801148
606809167
435774315
951930562
11893023
289132810
91241272
173001708
576242991
958689879
293865877
68518169
16876705
915797306
884184930
955669218
613948406
176132448
431593670
372254110
653146032
917311711
786853752
31263943
531685533
626513416
508087557
797666835
41225464
748133944
708245829
567616316
167735924
417223959
259165087
634750110
488727201
178694581
619248475
49201107
854366872
153712518
745139826
7155447
10169758
230484643
386689932
513155585
724237922
939230580
993398685
852736445
241129484
408483340
378743742
60121490
686488274
640425568
633246319
246258540
701761192
291597872
583478523
10711686
733298272
69092356
433285708
258067177
901691119
523198894
943664396
319865933
618056392
241692011
446243753
189792719
64905963
256120914
333299287
424367855
807373596
715353929
926781554
458165745
746010262
659427982
607250166
741477661
4764341
417843104
375436132
186937901
324498918
497592437
967580644
847534285
495439361
516739972
757424806
704416054
370097796
823945144
699511233
819342531
623497016
38266354
884063494
407620289
686557091
704956398
949532809
686016638
860784283
928215366
883075190
153891401
269452564
868068551
381722485
50915233
838981186
473695251
700866198
793860010
948207523
46029052
17667892
846589891
878531212
644141927
715205925
371706181
611153168
851805620
794043060
770231002
383280820
396451903
243519772
947744613
756902554
790228487
101347139
149122882
548824248
413573686
384773029
285578892
561691081
232807073
95208708
971969837
108941043
400081680
913241297
24881826
822454045
495411093
615801605
119445868
164151290
209900881
692832846
258433015
621062126
205106526
504014878
215644518
886941903
219256093
522155660
484704269
714933047
311701468
303580448
297214236
566432366
80488813
468014443
464187058
311651846
567557764
28002062
528221767
146677573
288878807
359313366
537633280
466490300
185857099
639482257
28933332
152480791
35528982
346456697
216558583
100835520
36125181
804961318
164976344
692344459
245747664
951605122
873876011
356203103
949995431
35074375
562343211
287143558
216807223
196618855
903318512
838442794
827259475
18392849
275783780
593298786
866485923
457532071
146246266
46286711
419569519
846924184
415779848
526059670
313229209
140292871
217420074
387804759
765361557
778972492
341870692
71877925
696248139
665374307
854039802
935298543
218083860
225352479
393490519
488949378
575295306
416799128
652054950
536313566
823797936
312121885
229044986
965971216
601699827
774056615
609918130
550876497
996577698
806321630
971786730
273663059
752772153
155130047
668601178
472642482
912445725
308883728
295432307
924686330
217306231
863165168
860698528
869044533
548460680
271359710
151887569
849372262
188206512
736326970
805926961
466369334
149432434
736269868
308481822
756350602
620665109
672299536
842810586
228028013
111886146
438473418
177425292
879990716
841150907
324626962
213210314
643319487
942856401
839197918
376512500
704386150
119646745
924541296
528681736
480263962
338173765
763649596
418698353
201561309
770258463
14592114
467219092
728813709
788976312
800736560
488834209
548792314
209198176
354560299
484967212
567584556
218391782
559535516
552382173
810460308
309670752
367695562
609391346
207626549
827503657
968407272
933058745
758101646
687714557
204261525
423244035
733866525
559457935
830087150
162637840
606181709
268400265
732361100
575548943
734871168
270962490
639357712
1511815
919600199
933780553
437258460
659077477
388400880
175896422
545927688
590429632
661222951
236630352
183516167
359234336
749044572
538256368
55230581
311729643
85779036
244912202
765798263
434305604
674413123
980364536
817138433
867175084
51854407
730680600
363597209
623731874
733403379
826713803
751537680
453502296
616057433
516653787
872164874
140540928
122919820
479495402
4912838
304310531
256754164
630331886
53730028
946945115
394339056
84534843
925259712
736018665
378145649
404807866
632001299
994180364
158938695
269567056
982816019
366597952
666195780
483568332
591774091
56539701
264149862
111400301
780636610
472062529
302372916
84545631
919818335
669737754
885356226
78481313
816426571
451516646
455991390
225226511
979704918
135373905
701484520
362060644
710150179
341692198
879320149
473035646
695033268
791976877
110523664
554679606
607875578
151787176
15428776
464071824
56009165
497011889
559264609
457202424
233805769
840604536
744140551
629986314
612539557
263342074
857557995
583105187
718406741
364798552
11369205
114114701
158283539
107168269
94372723
480949607
185715664
596449747
948927978
23531361
428365637
657341163
954137073
74588355
643422412
960823250
93184191
166171063
583630612
665714989
815309664
921038527
917920023
618778343
237926002
595494336
821800533
972385274
496064492
524322300
607808580
192830330
427852281
995403666
113043046
617088862
198306158
180472043
374867407
523139065
547500045
604737824
104275302
806087847
993878501
783609185
63978902
954133389
45001760
301898735
420702811
262835489
573979763
126942003
348624906
539413734
284982647
841855140
186136875
438088962
623164705
180378709
573105557
550288863
194729947
299714212
839519370
783431085
537666019
295715449
393244294
590769414
658364973
782060058
502487843
332725396
69780967
670149979
992429563
469304609
413131900
310680530
480896531
142804958
241381631
760626067
309725708
839076775
112138107
250306988
414840408
72892139
199178899
960154566
172937153
79571138
95626300
944460375
844601801
117533287
856870783
294584524
188991436
711414885
467136030
780358544
309981545
7045777
49360369
449394484
532042835
695096973
597446078
837535481
148905344
401625956
671296844
451942
524703316
666890596
151301573
5956474
26460883
34562330
747572842
796090214
836429028
278012113
878449840
902681368
762214385
302030524
399364144
751472331
921585063
316750466
741594218
915609922
584594461
225705100
217926077
297200655
898080045
145888478
970364171
450282511
159971179
807004146
109514734
621338253
91499227
94182910
942453670
301508041
709696762
22057372
87246260
865247782
743707529
197791492
73468905
136448532
213399486
833382033
424564316
480096825
802140726
386888848
646709520
193865860
951255822
521362870
818970224
340370495
152147757
592156093
470944279
425539491
886450473
989940623
822871471
364475767
391084687
856035063
315011831
727437651
862619564
475458375
613891626
675588031
615364753
997309118
624240507
526398378
966913270
534895628
895600176
19175093
576092846
54144621
323645243
530243989
592002315
825212040
196716570
836878213
223118333
31563543
566917900
294169914
648077714
633171255
180513315
323486035
890261553
499003209
290112094
483037699
821249025
695732911
853155705
439200685
337880049
655909467
723375344
882271505
165680792
480617191
663637606
528145314
954852814
874987980
575955706
186406147
83629248
118615689
86578026
486064103
443036709
164318399
971009160
40488412
346512058
937155687
590078013
705562479
684118941
378517251
52959067
125262847
996701163
795736490
802253600
578095031
469300394
877053531
447808431
384550452
694093905
523213720
180025831
442996295
196392079
324024907
467913832
372804518
896411882
86072582
180953287
993796197
458295265
605108050
153999346
73795380
628221919
317097768
929434504
499680958
465819514
305439735
859749287
186213975
585020426
34444098
50291398
772550240
471811319
361579531
281628501
228264151
79790914
335335854
750309692
591955578
629450988
750767848
431760173
964108839
105717469
447426135
139906264
319891872
933052073
573678653
898251921
662919415
410281856
973415647
436808497
441871804
740833225
947553037
514566059
721246363
529630314
554209709
949890938
561398622
927470822
52525088
911234148
481229591
278203583
852709867
907970935
319352621
344064820
185814886
114592622
280800809
660112643
349893550
668657909
742526877
249519485
170458616
767729414
533171506
394412007
71864627
452554013
288061965
189767759
962088995
665234799
203547416
892121541
672321437
909786456
221006517
210148614
795019921
559092414
76340923
765181253
27450439
759920192
673806413
885257601
106081990
664544293
156457065
495339894
770693560
620901397
63092679
95202519
356292914
414620119
853188170
808332024
481202549
303478147
997668
96366388
973620667
152159632
139087905
274497389
973392650
128572566
989301082
963149987
640478509
541924900
461508812
502488196
634637484
423177863
39347963
497325836
409443759
404659237
646389455
352191730
551227194
585337459
620818467
380033936
970866357
18108566
439823587
344696846
469822113
758333821
177632542
851269820
77283159
418271042
203533651
508847155
380181192
404323122
254935553
799712079
988986612
886919339
77062024
118423426
442089937
330734250
24909011
411635616
360264396
175610634
941609970
14406212
447546943
434331520
917030885
936350712
748242695
609044573
570326635
818671952
93064945
111920219
896096354
13224735
759364993
229410983
457663987
763061719
307155140
970246383
319252039
649405552
993313105
35853583
629996138
853435566
429017819
971163264
579812378
347523872
14839058
273149693
61391405
690433460
510782073
747976847
109297751
505631046
866603953
640967911
339371327
24127431
281911933
969310850
902102783
157955871
754339648
43845770
233670949
663401468
659350284
805660963
147757672
775272214
99987182
363463236
491704474
472689706
71053663
956412932
517765450
54806735
483587625
903606675
515091249
189729362
636213813
972943805
512864102
505656817
489516520
441859844
587035067
661768613
290154007
403399500
956743006
810543081
928944299
560698465
832856495
679599988
125674643
797203611
396230253
733564830
179472690
678016695
988849173
306950936
378810958
39327868
812002480
663909637
284705824
772367206
59597909
438385708
399752106
952625905
465602378
649050357
242089002
786497454
209075353
114268657
356115159
570244122
55888080
582969291
717095211
485772396
925986902
600032045
582955531
184075608
901328117
435316047
560246392
248008208
307279603
782116518
203908473
432637328
283620005
381304088
226609914
73296217
830243091
542649828
515655707
38181360
853811132
51480041
232904424
570916585
92586991
352709004
183747100
407775033
539644991
395713833
821861526
526014726
189557120
190204220
837844752
972432180
740086796
282654645
353174577
32573568
260479592
455629763
27184495
464163985
390904005
505427705
113462450
352653470
758033423
932608313
484210854
819515320
29445565
780167465
672302222
914315002
82999908
705768326
299705858
832948862
478737940
740521460
766549206
203568041
158630232
277913944
489642336
650314805
847846371
770626987
411488113
953915420
937273483
973059198
133075633
470392705
384735768
890654442
73423378
272822714
728770209
937240245
38363427
296961861
518260817
528852513
719358429
962919656
48379242
367498928
555628353
891133753
392121317
263633577
752855452
486581520
262175667
696237192
717086064
688593194
995202816
411547342
140309336
800560436
204052811
4486768
507256244
799084588
96629829
580989273
472028198
243354378
804146279
733024286
486641194
957356432
269856083
549602945
137439154
61585885
929571438
327858206
332672018
179694561
441540359
52539226
147719801
447872915
4098470
556105363
710596007
913632351
692281245
84145700
143137358
507135977
210258957
238986733
942101982
934506530
96222030
978786608
792174235
634899850
318564754
86605728
357470752
901870786
554079371
263415913
168558359
717317154
117067521
535167325
495162086
966759068
965036213
159686921
751580441
855628192
374942727
861619973
518069226
880365096
574504744
646705068
26841672
98935850
612724079
705158772
821953071
790263422
506301502
749175852
592765879
895237562
124321594
586396055
880018043
963321452
569981182
743510215
76755038
554237459
167390389
745082655
480114618
651210055
516615169
958486291
11658253
652456934
980630081
883405543
710502717
776418004
802818007
644316726
833419787
722663919
60001305
377806208
347923781
39328885
844664169
651298209
918849630
813240388
55731587
286067809
552153451
919225218
544142406
167948894
896906432
880874317
29123982
386300474
622199488
751712788
750905848
842664685
911595380
800142942
45027451
822098074
870650496
536831888
993932396
462748724
944029395
942141248
212183833
95314562
990788880
368806742
542111100
320466840
734918305
649782124
41077175
615739483
19448723
7773430
51918488
772290305
902224477
291239801
538799038
875573654
758336449
231064116
336742131
839609681
155437290
787424289
146713983
485927887
704119684
548299167
270604244
684754604
561632744
637346023
792157127
775215152
976181252
391903829
680677534
464787785
725994763
278542779
209129032
932541946
274644909
541646506
564481818
106759577
337773264
413181326
782193192
215215121
69325320
582194061
433295703
802936069
847790833
868638108
981528574
161773261
941016439
863762029
415035347
829218450
648684890
157281264
607915097
979222483
406576652
328820742
588566189
225652782
951214800
381958184
874342991
6233342
2036824
174317984
90926019
976997096
967754256
30608390
530491986
930058188
957113473
523981972
81696231
91861944
307488505
107022568
662823138
455073236
198291699
641945172
207011677
611072813
458068515
212634165
963325696
805686713
152301945
875065332
676755444
227261998
780278409
8618662
596649558
318022315
529217946
542464410
336425453
559949821
109758949
415098803
963800880
519684749
994625124
606041235
37875775
308827763
708084086
64100598
994711128
349946451
323099427
394789822
561034195
323529098
542190278
732774270
737147117
284060292
117421545
639166652
401181935
105446820
289951198
471260728
15965659
743468563
928209390
858494652
110024841
212504335
891644416
141325101
830517984
586612369
316125319
805874638
516448366
38478283
323763406
887276386
851663273
193108188
286275266
872581595
111091014
674088866
144076853
24399276
371276732
420743318
795502185
222437017
447028264
646394091
679196028
494908481
628219536
971896187
711445544
506698306
591963364
736075834
277085615
590877652
109696340
738485353
820524466
953379322
14484030
335961366
299791941
766627943
372874037
795828963
329192276
59256
5388767
367903610
813888941
125650998
701612381
281471537
529581323
804242977
39847167
963263709
773444489
903424065
882935757
871327660
212977659
381569805
347423360
833697038
492605337
641264007
706853874
308978771
127403853
451805756
542813204
738160891
738465906
838106164
695497184
351206225
833055988
788820973
424867044
248854081
224949639
676134
63851730
218998074
845187102
52060978
928692632
874273697
318111877
982415120
80043492
452751348
724429934
607950618
290081365
601557465
955165367
259529673
4941274
224193750
783170715
96691368
429785969
560295252
348259048
867065607
546807388
723856657
636657395
666791632
498482888
678973415
449263598
482166215
924793280
283146589
368635425
178017061
624144412
786820942
825172610
234838680
443919707
661317932
120222692
710880613
750412357
333245691
476552377
679656419
555970809
806804986
539701608
886932172
610642443
292202926
74952488
790092616
705111804
170386463
162388598
129333685
734595768
282166151
698748407
114520807
726179024
732189759
593861612
355025609
53194538
226243034
251684933
168029352
140793193
991648396
292147019
883088099
82379193
520312780
852990514
941827461
658495108
407207604
681310343
536601687
370055393
506175053
449933204
956102898
75017850
76313116
91126333
229693223
982472605
318211855
941904484
970692270
334662128
23420790
143646607
277006934
355572391
734208151
395160317
208362647
723129186
741149117
768755605
483281446
889406210
555416773
429691221
175987325
960865399
348262022
327472283
775336936
172427768
265448983
839021546
132271697
414320017
652908590
918394751
73344386
25656882
811862406
849398400
552044006
190407742
545094723
537387419
370009426
551421406
38032166
482614643
333236487
512494367
569152288
192056266
115198525
163636842
480324770
350082008
421217766
524026791
274724675
418552675
697339751
592313681
183883543
194794775
833631339
682547305
697806820
563814005
751206803
981930312
522115772
93789135
666093447
313190661
949455998
126138470
783180471
876101691
303430328
615159525
110617493
7335619
664100998
964491159
187026210
38903209
717368542
273246562
849984485
228018242
165835193
837540857
19999730
894864148
645121631
557408394
27220731
622391589
348371498
99137215
718446847
385100598
25211695
906699387
1242875
593105808
568120217
703032385
435775900
692609180
193921722
34231366
794249872
25327311
518410176
855089749
246455408
616677908
882310818
131358925
232871523
107857727
467315387
3149713
564596827
200476820
264906771
800902719
976243861
864962492
196333097
13301824
647668870
883190649
269497812
828983078
138655730
567489380
470178824
337518127
878525995
732632085
981545472
306593441
446420138
840455389
112733838
695374593
251885020
511197055
412090085
740291746
342874584
249171998
875692551
305259630
678101530
707215103
901077768
22809368
351474138
676902603
707328911
846414997
830214637
602469362
265332809
700880717
514903704
283745432
107051306
982465374
783424791
238989799
90970359
656509390
378065267
914581886
54652764
980512742
958325945
557688544
230051082
513464196
715725125
56854391
405983759
565573692
824106506
745272199
906731533
283306323
289893814
279026542
768541541
855877803
894028445
30736455
219890655
950061265
814907831
430614940
738990818
496739125
24358910
970586532
325603364
956539008
321599064
251285527
129306151
384276918
206900685
555410616
792949677
752225772
34597624
328086602
308123390
559978505
728977547
770211470
825744446
191128605
530137350
582810145
603106349
891962460
161577072
779192816
245668768
797750911
818873019
700227792
909960393
583007860
691494837
465507178
818347365
818860295
561512386
395608072
539238860
52192709
957705122
467970810
558376430
117651117
596988625
136478304
218266434
200505222
263713505
28103939
597480146
638367142
827734460
130923720
932124894
815910713
765697244
306100650
25408982
242757050
162093140
798823148
773437908
639895948
137031830
622029045
124507704
815908971
425351730
773250233
574712310
540226284
714436281
984284559
349011852
960153349
901987181
818505243
107310235
325396068
120811920
934669341
885467399
808916780
369761005
317747500
807959041
620446238
739026085
70143425
623623492
590138018
556564250
323548574
162848397
141023242
8344410
209017626
553313393
403962407
941446184
534165720
982899014
694049814
558482389
154627110
921868993
813412324
877052059
140283741
297287159
263184265
942009118
507128589
104164242
709074295
797889432
59026554
803315156
332022373
947790167
521756703
997048763
835103627
601863299
869659889
675624556
113703319
525214420
492935190
910256605
333298515
180852263
772136991
503277567
691494845
371747725
964419225
665516573
857989825
777891285
660436397
289731604
735704958
397767298
662226809
411279114
472181389
467766631
647551468
596509245
959996055
447249981
186615962
271385080
534553831
771487952
177035070
13151508
163665693
796600395
538615734
604030380
506831687
691226462
861226592
192986394
38078848
275349224
626111242
197651215
525030693
415181722
141965751
543313662
477739142
271036672
631574166
78649704
484548988
332716966
376183942
633766495
283320205
567265203
839712429
67314826
720621947
558631270
26142604
931908390
676746924
415219338
118153867
130327614
364520936
797177763
428636839
594451575
926194320
975900884
556302416
821147600
967592482
152644473
407307865
909306616
511429204
273674604
531871608
673915677
203918291
192105523
470514347
641813472
990537866
890936091
926968539
465764407
897267665
820048941
888273537
535587607
259384929
44866523
281366506
736898772
545219246
668824529
684698660
980402551
580667630
905853808
513892230
313336139
135970868
134018740
589203989
843432120
891993546
646713515
209002384
743847218
216070266
936076270
164938850
580800911
965572073
297391220
796311705
580198421
865571657
52848394
750217446
327779397
600548313
902501635
373701564
98810807
545665420
736391395
962903443
356062763
258537441
511993916
574026791
429238333
524680649
154034341
386134359
87047851
739335828
133520614
418250820
305499681
620242971
745963988
127186462
193787580
161118656
39204415
820432369
92870084
85720425
420853811
657238297
754289535
533698559
527093721
10451742
868679757
834197559
24100876
954467469
531893819
747302983
210108799
492145680
533273934
435332040
788868493
650344019
882971061
445584760
382426084
538169833
763192227
116550427
959028658
961475960
331109705
511954215
436726191
970166576
962146549
824692738
31340705
956832456
309910899
301621909
836871352
485471591
760332250
969599944
873450024
875389623
701239645
788050726
122603356
651858729
377827313
982769116
615241278
554159778
179152064
721039279
344039445
2976528
110880450
244608949
441863788
386081930
752647640
90162142
540602186
164796943
610235933
139642859
312239757
305881545
425446801
460080308
222890237
496738845
519945380
62465610
137066567
200559963
389842353
912387046
563023399
308875577
711720547
271954572
481874921
775311579
959534330
760173698
807705281
622821620
715629488
255115712
232627441
250167783
429703447
641084760
232626392
732831021
845011072
447226994
239883483
34441764
744972694
554532711
464623752
311332886
827176160
599756806
233748473
942020297
751692040
667374132
613069961
282304547
243712265
260064807
162140527
9818944
84750179
889612615
66147043
600523386
658507610
878356183
985326392
763885956
812631096
794057660
413443398
293605282
634242671
627216373
321103211
764014528
367233319
207383237
127491892
150625180
294457469
767484547
766938721
813528034
576530701
981898716
714156924
362392636
897858079
122992871
110982267
887456045
767879271
862279070
895840220
296322462
787765629
365349235
930216881
716005171
535069333
289053269
406848847
735779108
39346149
540426139
929603378
830095487
414690163
925423622
95518448
992150338
166750028
630054021
290326674
478074141
186562258
655947841
820780322
322617911
486315682
993680989
821504251
162085022
169455575
325488293
758500232
575951516
60994282
391794809
177758260
814342930
910662086
235421079
618535817
562983733
427536192
198411155
513082998
811135974
572929773
983940117
393318746
679870601
633903376
10657880
925352099
404177427
88561686
399859761
831750063
368431314
560553400
560556618
666902136
10331637
609549058
624700299
565007385
117141199
810174950
245998043
779944783
817956668
840561027
203774788
574887735
745264277
284928396
971431474
421354949
629345694
621714364
618682056
934936571
485414987
240789563
365306870
805778224
739502309
620136808
649972908
340457316
801518404
102023659
3926131
148338008
872490978
83503203
219584273
942838216
364459118
73943129
49437168
332730997
796450892
143020866
986228909
260035009
645895340
622864620
354019837
575656492
586014054
995938416
729452236
119621863
804639958
74964597
908835456
737647058
401883499
595119940
642737171
730536127
177642180
234797081
124054515
568683003
137771030
775315679
409149236
321814468
232045801
11061500
180115741
85660529
751368788
45381686
642869115
939937181
539978587
267457296
111691016
892744133
602197080
642308304
816057079
220010897
479552822
239714179
823757112
620245567
211800340
773332759
830410216
984673205
524209135
761206443
172629472
928525206
415513127
921349512
85604384
16667286
677109819
5548760
19540154
155125981
540921838
609410282
583192964
568473943
303125784
525896084
940006652
662855283
898785076
626038684
803424017
678160496
826910921
245856928
952738488
469851211
628847718
704669615
166135576
641958554
778090103
885271130
714904674
534841998
243660240
821866988
290954180
106020502
958851240
739787325
370246718
822539381
911025650
940474298
17406695
158929416
29267219
991900224
854576806
893203607
907650134
459546490
965771793
22222397
950134918
530068518
383328559
485639980
701739283
536477375
338603748
643333626
405354254
275820353
122629346
571557584
887607275
112046273
173650042
613448279
993891877
481354888
797221469
523243114
71019705
17499832
950083892
785970747
678991798
381626470
684826083
296620745
168792293
829996372
196639843
947625403
230478594
266820754
146921071
614242314
39023229
493778866
1705634
815295980
994699624
180973572
414918997
789845847
706321790
351210521
774221332
641261578
114667601
536035751
877006266
68107541
562306065
697690652
550184306
519454601
206394337
737097719
290206822
51457015
910974496
326532537
586724570
597726128
484214250
526394999
497823348
178823333
256075825
758710077
33238984
920149679
417472000
915353120
363018882
384571648
968944969
984666712
561271187
697149011
857557185
345283230
124588773
256354307
183116633
593619136
591530216
525940230
747520238
903514319
629804259
846853190
529164538
515792455
856590487
819916812
51487626
924354497
251232302
884396876
549965629
879546460
924231486
725877573
779042433
979824582
627042038
90812217
312284881
44800987
142758384
365518108
59102260
972936482
761665479
285930808
756120085
555666790
811308387
663922504
664625916
927533516
831899541
887689409
435409071
528038573
493346426
922898118
70816813
16464096
592474805
940564699
288240029
741732692
736189169
770597708
989213055
650990385
152824735
537844111
620896223
158797396
916263433
185839006
856611174
334998352
883069905
991365862
714593916
451725195
160509763
195793805
14809813
115703260
984258361
890111236
282659886
291163925
843645543
330621814
563741910
922224555
486021213
205755375
720902397
531379239
233705665
513636166
21620315
754206034
997438188
600817168
130805479
79324030
376298875
138631763
694469695
320266069
574258259
892824903
190473712
207467680
203581352
493228238
370562938
285156910
800193635
761149144
991972546
244589770
171403347
127727548
479398231
263371740
108530848
746977415
106399198
657308957
832305226
725601342
989735184
801902530
794312915
232071422
267996829
536091951
966891239
461028133
156639736
936297854
560296241
37742446
587525638
655303256
447883133
450589515
553942989
63102401
233180916
707212826
526219848
644407798
283447040
699624660
461640855
555880641
159395948
180127815
516845066
207982670
255930920
694506769
932166196
486199668
881836035
677414149
74327453
879785540
982057396
11985176
543102514
533179801
898372471
442099990
305123584
266615322
390249711
16662962
157434868
974596557
162995247
770067368
553040929
311116097
655067418
347828685
363257304
537081032
971694710
738359769
572110932
395706691
94884233
626799955
239212576
878247900
661089266
914807580
360462712
934149615
512123974
249662002
414389720
62981815
649768170
159322435
738663290
800064314
250769475
784698244
53213411
190393926
401046016
747951161
677785305
840541533
83447162
267635300
413058544
840242553
914429328
57416106
554143996
414007678
507990978
527649772
640946993
512324791
12990350
387570460
94455313
733967669
573323619
908277334
188848392
687472414
65265359
646717134
198949527
788722203
260459078
329685919
286002121
108242736
977095735
778825575
326794499
742668493
808831652
157346862
813361405
236112629
795678448
872537049
271019214
984113609
49612698
87322580
739619881
665199824
871413110
824946926
893698173
358756393
705141201
290858262
535069560
25500097
898006403
645204592
666549735
323482693
728748787
119588392
622541395
13589051
780825645
265015357
985624158
101515198
297527142
366229097
668435549
958246729
244366955
825552275
592020177
570250059
873447136
887811592
266582598
24901992
416162487
727758733
365486388
82448641
860338440
469462081
718218127
782819247
760297368
870940093
617508958
349362125
318763660
870473011
294757541
439458473
739885537
901376928
55011781
679305806
3054646
998127520
768094748
709509946
983590348
451552544
794998142
20529337
994814630
449634375
642472079
262299695
478668826
775937538
384878753
10517502
382237323
600415690
352786014
272867429
564792401
617560394
706193066
888776719
335024355
201451371
627810718
892645784
326410431
814211995
245391376
347164219
704864312
462270721
325658923
408646655
821000514
295489957
879339618
863973402
129283068
173496187
941354159
436491652
382165344
323389531
101241219
205220319
539097191
4608080
985405402
420994752
607054286
405061381
777521992
423404474
11914033
454627049
604271513
99009017
276093750
570848408
795943883
737252635
256432689
412661022
975315200
897040260
736525362
473076941
99170660
619545174
613460077
797840667
508051902
666797138
106916557
648193493
716097978
658516411
91768721
756289873
100969783
797825052
201419823
474392811
742369804
247133829
336871428
656745230
656508826
529426254
318515162
409014940
665461495
946963974
105345065
947004669
880326144
254463975
424997896
578061664
622708835
549249836
120556058
129840426
546769089
620177268
540871303
724977012
834683723
726369217
763110920
452134166
355637951
351937537
181874286
995905491
842208283
474088691
789201051
859246987
326467118
267380453
432652404
782977090
859097849
481799122
22755648
964646689
416050142
502249859
31219386
42374638
664423729
832714264
421760065
715750965
110460786
717810002
636650184
747775935
868500139
282113528
511111702
840546671
24201446
455377073
609519062
59957022
655371872
80449414
524176288
148216917
803957461
991187352
324413158
375568237
328346145
609882958
827205257
364116818
372935208
31763257
143936824
512884931
472804223
217478813
650738116
629819772
965520330
416477280
760596963
131018325
967728317
110224754
182666765
55448116
820839316
173559760
942947191
409641059
646903905
951168995
575716898
159085713
104974099
310511406
327165631
452757244
134082621
23686457
647653411
502665444
737076771
72215103
117421298
84865169
590758166
530932314
266947905
100566115
965059269
51061519
257280025
91239146
796153413
695012221
288152655
645054414
331122094
810830517
917767099
575083790
738045264
735869830
33733458
633967440
559010388
527422543
206354577
355127912
477214014
992942683
847903924
891898793
952817302
36770893
235075558
193288147
650657324
104675350
647441825
93301313
77385161
464936635
546831861
50663765
156849720
817312996
690035570
46424255
150314635
78623556
768135767
43105034
113752355
337530822
441073317
352629845
970583022
288622597
512405221
878982767
868826128
201866545
426313775
37668168
200673421
947839775
976332897
478422117
463767494
789509552
370599804
45395622
380925794
409516201
834260407
134665558
321833577
593167474
137505654
544086905
818563971
480317523
842901900
271426142
791002938
744059862
611622357
737518317
426991993
548963340
753603912
105652436
787476254
872325355
752893582
516673581
704024698
231227581
349055370
939838809
657689103
838212960
466608862
641399153
697796369
880690726
409677111
442845411
42282462
113610196
654917636
125453113
716054280
648533578
776478477
266931389
335208651
908838460
149971566
243737224
759370757
944916920
85769535
642431062
427959591
374979377
503870486
19078727
899371310
11678341
929488181
523918965
683944583
692358516
932253364
726672316
775050905
453553008
549104491
923020184
6217904
755087884
449630390
342773585
292190223
649218234
462496593
103967216
602461078
699226273
552871875
987142659
7631663
501014613
748382171
534060455
807390610
248265226
169674411
791808128
144267274
501534702
506769221
922551674
941217235
284249244
83754302
166558561
73779081
39145522
49089147
162175631
232700390
663396339
790728559
362286274
694684446
410358344
865487652
548981819
439042445
215906316
225248600
65744188
159390762
50835276
478845720
913427753
931278414
641068336
656431711
956825587
309365144
904064910
622189686
110985718
485868222
331781979
280399007
860268649
40165725
37380102
148119381
928098895
766378422
494012372
17898158
48479207
240292522
96412426
65008683
20222070
118670926
440424420
611784251
269762712
823458750
626197321
330133051
275855549
66720697
976795428
685827375
693031808
649797060
100019992
721312112
700203192
692108432
517370840
680230512
438144221
919690591
610519398
610619908
900351128
65970999
841105916
902138531
285435785
545508600
358861454
819617818
784196883
656611859
702174120
579841797
525539866
796345177
223097820
491752388
677319108
58048478
812338316
739555826
362083477
711177194
962292816
647324922
661149514
790149060
959207470
713175232
407218485
412231653
183654772
151928581
319966921
316381218
996654863
531755921
179315266
13670604
174112078
784665057
547642738
450519665
446217713
427499422
983139082
254028521
487977233
413217350
822682924
26023190
98855465
527606233
27172036
410931036
781737773
398596637
377816992
720230378
814497956
344253949
63101268
491880694
989907
43196147
548989522
838616874
388315440
868085780
9812307
666219196
194805522
634211971
680069957
270237050
398105477
940862499
37727589
729384958
53322693
6772234
759286415
315294631
209566783
420119512
459149008
842481576
417740149
864720797
789416381
562921597
143410685
96395412
201339126
576856868
847096360
628888586
105184055
837424353
989458173
174517918
603307299
515206140
274238837
929872033
526590044
610860216
568227863
345323084
676199645
885463190
116032061
966701445
113387736
147165698
762245250
715076549
387732086
116130013
332539937
439670522
411304919
687713130
377486392
846440291
711152307
743994941
201098346
65433402
615675690
516471186
240035161
932912072
237858877
523094787
359121384
94260374
809598616
459947928
204997363
991579719
652954465
612574935
646034271
90208940
201228935
976686916
544558230
688017710
981465966
133176368
58268847
167348649
920600038
871211685
399227488
830241381
758515402
168492691
25397382
344740538
488496536
794567544
893412899
14410364
202800446
635859255
640314043
677806097
868809628
870678726
899433162
864606417
477117756
921441939
794833608
347248818
978212226
589813035
204146639
272106579
899556521
442251764
179823142
818705895
630720852
759456042
727045157
497769596
979791370
418154423
965251421
913859939
694131462
534926458
881288255
899132001
660055566
885799181
512028056
981055280
567126345
821484843
585157244
717051076
899197096
647227387
585771515
379148603
66858006
633520654
157996660
822850391
723559657
82162485
208989623
401453995
45273796
236961425
385852013
709572112
338860445
969244069
235281684
166302594
11518371
913180439
168392997
252243693
809459243
635288991
463774604
167692883
90129750
834607156
170713155
675938201
249534153
198267707
566914928
51274587
316776058
886726044
111121652
238279707
923188956
77739196
345159603
82762367
315152924
12955331
645806461
469519191
888037651
910405343
845809853
538605107
172273002
935607138
754018165
453824057
572366501
699846709
950969477
853901010
375837202
457887912
52906900
364038605
174694177
551326208
847443373
310109216
950758673
826815071
170333295
359627777
48961056
142257380
448100863
67689035
399487176
404522464
311006422
475126002
381576765
361562203
604215156
892030165
401670132
726690323
785198916
556261430
876068962
619505441
741600300
966829843
702261031
493522454
677878734
822733039
844652527
394899502
121809995
399958018
995213812
17616440
101526380
611639311
49908817
636048898
951390002
138131841
680126644
896150505
118521805
843542821
244270109
506920447
911205852
783798889
13908228
218729111
970717626
917921205
786459610
405615140
13550709
519314660
411073357
743672378
666905849
920077488
260573207
939710823
751110336
397195938
573492175
385052027
136791330
484919619
795711594
885130919
337264771
139494868
250587320
192259621
470187268
937317712
953085216
677318600
36438658
947397061
769000629
77399810
645328510
992113680
79036340
170439138
179336858
647883401
6741832
371360193
286309674
660661950
781929455
61768054
657261063
351591185
419688768
475353602
13668290
538296376
939962021
24949018
565901304
847870890
819367513
305948054
139205031
88234322
150888857
433757078
973232328
253887725
839645639
848976064
744724826
768546792
844637633
375468325
137152618
193389781
932363509
293153543
937954695
576884581
153612352
33772902
629514885
47230775
916193212
53495233
441177872
972533930
753012361
905517544
132098852
728524488
386934217
48056383
35173096
278317043
301764902
105992730
870769963
146745816
110357022
859651230
591100461
817199848
192844940
247359846
206375594
489477561
190716770
774549270
449823419
640361321
974365106
707859258
579434240
263352827
534469310
209485373
764875246
512428523
407671039
122206572
381164933
537501536
727570712
976674978
974393102
245074630
604045230
462884563
124958633
540731338
620867084
718120451
500328370
677240639
983760187
320946175
60452291
978757294
89205033
476284763
182388102
271198819
261083632
795458518
993551959
550606838
132018232
822587450
384559676
885755122
670670097
598117228
66084973
91503119
94078317
13297466
465402308
426838979
198758400
364295765
90261214
750391253
817011505
982431101
535843095
367025720
559775923
672259781
840244012
1626131
653156376
357852944
28431184
322075632
744067051
893472291
147256543
640924538
903089019
343033046
242190108
520228653
162905132
229383404
20823921
374561882
919196961
765944663
465573706
624200049
547601277
67199488
12544185
312326175
583986434
677085826
482647793
125973617
400691778
180877036
475664159
421308935
131034186
381538015
969658855
397708919
142087925
223563922
608028515
388221476
812538584
110582555
859943678
222395856
336784038
468990680
617079554
337310474
199735933
438290524
353608263
202637889
180543696
6734996
480975176
941169726
401906083
589448986
62573442
297591621
644455518
734642146
242706305
89702944
890685747
232674461
656529856
810001148
788580182
726390357
813994024
25248315
379523341
979081878
634253487
693712746
78109259
867088578
29398396
279601384
889117274
692157794
105550762
527768022
66246058
978992957
417907739
861901493
660856322
876335327
617879822
336581849
358193075
232775685
227092965
624074714
711405789
369965186
537544547
176322538
869806391
632079149
980513398
845022560
97399224
149225314
976763188
390637675
406269220
279301543
765135806
344298751
333021291
778368006
232700457
347036012
583262030
588723591
7531998
142455062
759829411
692383450
504124035
524232366
168044307
154227729
365052973
36453123
382907434
480673438
901255403
192395733
720781815
889401854
460064942
756281
649119073
439725818
412471435
36389010
22301866
35960935
743642057
584188852
741522754
578702833
376358355
725745771
92249463
171281913
675004504
197359019
314091563
238118
207415569
809354874
925735950
342881719
113993209
751270425
614464852
662274562
892028590
762259381
423067394
313432620
692987938
792350854
747599787
424204024
455314864
336308466
650178902
822617897
177155753
807876169
865997890
180018509
361419072
898251764
491025627
678205258
774610368
418050762
398843377
354548049
741857050
453390624
343672023
208363402
988992217
163917942
901121282
40988190
605603715
655921757
614421216
789697940
147542821
533115983
344145919
890596868
840979684
895719230
309961263
536471320
951770167
422961295
762698046
28564175
402355468
948964155
463545533
346818998
343689150
114177442
16726568
690421598
418719177
566334057
418698843
407932309
87417888
283809028
137552912
448033299
985056886
171297434
24081612
997497697
238674794
969009100
663198784
283115860
207344304
303591843
39402996
715012298
112366222
111127124
514590094
442238520
34260526
817132515
7092183
82673050
932932314
869231531
438740096
143794191
345929560
588176424
697108007
199236800
738187820
983833202
579744364
104200857
458570459
407366919
260526261
25742557
377281052
492861673
47403228
92140843
321120921
759310544
424531417
604209114
776678161
938906577
649638959
137915842
542200854
756829348
25300258
541143479
177600452
234996738
71544496
862227725
127346635
819159322
250130834
406452021
692856452
524312260
690832458
823231449
439191959
823296206
946062508
489025071
824080805
863805589
546496007
623924501
987799915
24984039
496485948
645910954
115181519
623526191
387986566
882280024
582850426
116426272
518019691
488768484
176600800
937961659
856959995
517472847
605930255
442453051
247525374
23372628
874957405
361305413
768268536
745210246
507396937
900082913
767015153
693779371
601234024
946011292
537014800
515712028
136508338
517744102
335660670
831446904
636544305
243916694
976089744
909718131
532976087
93800614
594559315
842466935
123965371
548873229
346120083
929815547
82989193
153279814
747981505
27594244
659274914
672946333
42980807
919660664
71609146
755279029
353649238
450159464
603624001
335736922
230909335
667983486
175556281
156191467
769308223
607586965
348925507
789212533
921032520
351655077
122231289
648941375
121798091
603555606
830393762
654058413
147526442
553530381
791554071
643185186
899823312
338443001
663736350
91541390
361809186
931117180
260692766
964949994
288253425
331618289
222956194
745207622
964911174
135827372
585921861
210842025
230713698
269888083
960087713
289632975
248878088
742347131
754757562
668726478
203170351
215677730
26673725
786460658
645053211
733423125
746416963
213188504
918112856
732834346
135267669
902240216
699249036
913897983
573538531
273388764
949902278
362240614
847496387
189397545
251675660
149986863
59370379
645541712
193974652
859441414
164900860
160199999
880796519
949379594
391965167
22697574
329245209
841026366
659123668
736816797
114761120
202912126
767267480
748789039
648623581
377448708
574752916
400147551
978801864
67746169
85368860
533837793
147511886
761680567
964354069
310383624
298469033
115909549
791492908
336637498
39678578
922468069
468289161
865516197
158024213
867347657
890805602
309621845
370560236
200200947
286147844
92078691
88591847
666626941
912671595
667923383
662933454
900324769
864824840
70521201
148607369
909868551
435841579
373542880
862763885
375396237
613968316
756156021
500251628
166213492
803720351
577188551
367449491
73591796
995438191
536183413
811128781
371759767
393519213
268143085
942991308
266768332
52370147
401436267
765193773
783905737
67498633
395216727
749035263
68478298
799928836
961027427
192563940
189557385
984740402
732469528
113558993
790760775
884128819
290111744
667506804
106053504
832990317
65896339
713215555
949848497
569549566
269636096
354243600
485880977
337373995
140519185
789449530
132209705
238979922
483236951
167670149
976804979
124722642
462913040
333058891
782629120
455648651
852231649
579471405
932335562
459170419
399466030
889966146
374061176
634861064
916741749
368338557
720339524
852839525
341992729
210047450
132738762
661592784
502664045
784908220
618651591
662358440
212546374
29992131
788728853
858640911
758828071
656724190
938495322
613792810
361205489
234182930
556414288
42449874
36757277
468062517
88341571
881833304
540849116
436826274
989975661
87272214
550400482
270526200
989783824
360067153
959829
124124781
805831479
512075742
126881472
64253339
140563500
315904814
155961897
566912312
945629908
501048138
812543660
79500616
68608662
801824247
590991511
761871766
183020515
342527449
59644461
937041454
225995742
573754845
120911769
490274977
122605698
385126066
852497897
571741942
504937557
433471246
783242545
311829015
912836627
8886946
235957695
625797762
489644665
267064623
406189504
28982832
226038399
483933474
466887952
465935835
303833071
74508567
700652584
695886987
768942515
994127512
730215406
525616509
556148145
482453776
489121244
228721564
753374639
188668683
382263124
117730135
81674231
71000104
76444364
915103078
673287608
317619837
275734932
973261803
670383481
786010706
95624308
642926841
546366953
534686959
34767248
792691957
170943630
947779758
926481386
702440137
587187421
461572605
177934830
318678000
851600982
333256460
346244847
604368631
319949256
861311379
484917893
643914767
136932415
34514866
560566254
76505588
899035367
922975227
364376808
44618666
830703771
493503986
849451559
862457929
215841849
395725197
593314196
876037811
819571089
865863698
943084376
815779396
216460550
243243042
82396087
876788317
621666963
841031843
773553248
763945603
992063208
77288390
981336139
944164836
546024114
963286467
825090064
825902692
967698090
451516736
711418671
299344529
507475682
597788133
832355899
652292379
687400317
423554832
126877571
243785923
334016835
579268326
809354812
933466934
845679976
193574914
198991413
33140659
234357225
85131750
313268129
151630740
221037758
191108886
879588108
142617581
461306221
998117301
915270950
160551665
174496275
309881752
361369911
584873100
192657732
213727302
4244904
440503959
756402065
447634105
632805738
958647585
531036954
108598279
795980563
690573230
505607041
140214259
102779027
352972719
440392751
509917966
785285057
44252032
230033006
20254224
155948194
242446010
131675094
714571729
597453497
197208680
748694354
161004472
489737450
605164386
552107929
545127927
146468197
727294876
609174523
254510275
342986956
927666245
322631745
314053222
420351293
149068084
582662551
862760920
352760674
660415476
751781357
484610067
920801614
207056054
750740836
270175699
923583490
444707443
849893546
859886255
910335008
807823139
659878608
136591633
920140515
58639879
87177140
136210704
951112962
81391366
785784157
419352432
146202820
305110019
873537519
559373345
983556606
839142879
874491133
119733589
968443230
612048278
365464738
767763736
413160300
376354905
19872091
330111260
289105961
975917066
858087364
319519862
336058461
308909237
560674051
652605246
241673345
648219768
980855187
857816055
687854383
210249674
190951176
773715291
243120023
568137092
361230875
52743771
187514831
945782744
58780068
234927150
502265596
172282600
716766268
708890569
457475686
925049755
76693758
807147735
904916354
914577238
671291500
280129698
455674782
763931595
463648271
550601028
714340658
937452740
978399543
386132221
790215804
624623733
371098446
714918081
166895236
901405929
720615079
452914796
629469568
370003048
679387746
565489228
280477593
688771462
587249824
324866351
352173736
237815215
91671571
158649191
344446040
180171422
548941408
711681489
491946065
252943238
805040005
835148304
139958411
733305881
941441689
49575273
458257888
861863132
193880198
303164677
995437570
172934853
110241216
57736297
692685692
566575808
167085506
495102743
161923014
376537184
433226397
428976678
72766959
434955104
987789196
656048062
544894719
554813147
694447467
568579356
104730209
750676898
399128811
511591295
600160958
718439980
737766585
753235027
469002123
585020551
501388928
991772922
585537105
820643276
163035189
248808139
368543875
255833495
315560802
940230463
442388528
480251222
216138664
211673922
954472462
506578166
663764584
306494657
527468690
870068184
688152189
369247310
404899507
250064491
976934053
353166240
79334212
889960436
287629419
496606416
761645203
418738836
484913934
550002721
870086465
890343198
270531344
260673314
694790467
165178305
583097786
888137975
604224691
723044471
715717221
368159160
355188505
44056715
783154254
901295624
543559980
805441938
549382333
517883301
764962161
936303901
249411699
73722699
895845605
934525429
874362356
303909710
996197902
671502036
836442103
723701582
390661075
452813442
6301196
223348380
286719062
419633345
608937197
653307116
835342977
427178698
239323445
849210066
79892507
387158063
809968368
453540764
289972834
68638622
562597473
640415292
685501529
274290216
127222575
273543136
721612261
729807861
345031017
572137020
282166384
957638291
107014079
129602412
176409887
103581196
849720729
44286814
364733269
187404949
183389480
38823959
440719573
239815342
303387614
588669009
625261156
542046367
951640732
159956215
195774066
868018632
504038971
938891087
85925642
866428433
112362252
11841384
679648791
853072428
392275590
586597714
850902934
615207854
255362135
133439668
588133266
135051885
583466790
21229871
702676736
402212909
444631178
493108067
357864401
824601922
604244175
62064081
892150715
335464897
782317129
466834560
856830739
737659245
122605125
404158076
685044843
279125270
809553542
427477877
544389705
544095623
164580190
791424566
313435726
412447715
310470343
854041456
122142213
247759508
751144651
120448376
492175998
272520454
523516070
885216286
586142304
916694362
836166483
802891858
712102414
374294835
284321997
203765025
30611764
98617160
957182923
582899722
343442054
315549328
580150208
577678061
389857138
296717707
672425959
406331512
3706774
65791901
8477384
980236804
917751399
283468340
759039417
756754381
836422531
763877875
85836731
678603399
353312442
932897279
580824066
894615910
490636872
778663012
913958955
578266035
294610229
915319718
551596361
514381177
731464373
854659756
229167543
195756455
433481292
240249224
91044362
555362047
823590785
463341759
281329166
443608892
12494709
688601006
436426289
11486557
559580498
632406853
32921182
152038223
637917556
562476972
678092590
510992884
144265354
401659089
881199208
392409290
44470401
901356570
364952465
855752171
732513410
380211850
172916665
179312314
445101290
753027313
972328070
112340155
672359990
647584608
745090408
34709572
466853074
812591992
887839184
825478104
787964653
254746404
183714599
304406807
453800973
161789684
138074334
630461020
808794227
18481274
364085632
815226681
66026565
151511519
103906002
758486518
539690356
474008715
955533714
321440685
965259156
756848907
286089602
949959906
358792142
112352001
639796881
904008055
647170230
509515396
73883104
375513381
412673448
396276885
870321461
493672851
166562746
164396853
532507803
556241730
95048037
70111145
122674875
877266663
873970857
714746712
928529386
760952285
821123023
951012912
81011442
687464493
979177159
23134881
110039468
550768244
5444795
351941139
949831581
420134185
345538769
749725121
677232212
988720929
52814524
646989095
777903239
532525941
4293687
455726924
690870145
272845973
285794763
216512110
393692330
172799355
193293886
470472042
517033156
772258828
937067607
544671651
651041645
616034811
815559157
473949010
182956763
293993912
31969677
250044718
278646418
791518852
918574170
319397161
338025062
160869028
666362370
734535307
208524257
172259032
387295640
18777298
452254738
663971289
582024968
642395293
843912577
657534360
109772092
235213257
721843862
604994703
426142268
200205833
564833377
771520449
241518021
752574286
718464714
310627369
48572340
12430995
635979554
151494189
960452702
54192855
223321129
199493179
82877608
981477900
11572670
310357051
620256202
249051720
79872735
134065969
421465895
206719188
90451791
387295482
182207415
336682445
1343126
759880224
708322950
978897398
284517871
456003957
143983571
513034533
688273604
155824469
442506641
151294650
676439707
59564915
508101932
423529596
258456711
132732374
25259633
606265616
739282058
177196331
146924752
197826975
914310616
732467279
255878881
348957926
305568698
203309550
961757266
221209357
937333188
865144824
444079048
828593219
845292723
376637711
816688453
640505497
113747802
687844764
897263837
493090759
574495357
875846837
496425880
930915202
463076794
282582758
902922043
774052453
662609280
15917013
455471435
783253943
276991163
731228566
46046016
224521501
529641269
801414887
321466376
145319051
767951961
414337563
185931443
215833460
573679610
573078882
873993727
432926877
327250635
383308371
284073830
350210621
112171978
690592101
282780319
233663932
578994792
209021886
665928859
144650713
674440987
898454217
542375435
380850843
593633120
366060222
233552290
762012252
727189317
400993085
167518108
217906802
331968488
658478232
2279255
861516963
795505715
765252883
302571719
26743713
151712043
617507567
615765397
654188630
672421762
534895806
730386423
873886127
669262539
809213894
590215990
225046105
962372795
815638789
350867253
335782035
207486718
63899329
601031580
668862289
321992521
338067650
872275353
816298382
413523217
601799510
834979431
480956383
268946103
494115870
323774161
694739519
108595592
959691961
755971893
416148187
441357905
232540579
279577454
850674780
225445534
257541688
875943765
628458702
9676104
801190881
507704769
589497607
284112353
797709112
921926467
703018043
143862406
796806833
955403721
265255707
980846387
276110953
589551143
557313419
876756352
358781961
210142706
459536544
296841694
731284822
597463723
988792637
340872879
541749693
969440905
554313487
730177610
777417859
177468987
22629345
117933768
305059822
916380613
948114599
948069722
615146780
465528
640767652
776747826
822361814
987016617
688133153
856801759
895243948
562396486
871317402
333867210
537415801
598932925
371242975
986193352
380511396
920175496
58758857
369193144
995048949
277917141
232178941
171428999
335564908
940327713
30540137
763672183
461515281
62214439
266767948
413143099
579364301
219349470
234043167
549194599
988886214
918807143
186383373
792362907
355245174
431912352
598095046
535908758
154472302
984870227
814254452
322425023
128303075
257527576
834096393
859681386
859456946
734496937
774768504
189932100
618246143
188339720
612439179
69727466
98623911
576027242
822159148
266340617
662428476
851186905
183671185
822721104
983927691
31061904
82153778
501607135
612441133
502469012
779072588
115169942
954409856
493925774
5135992
317435663
662100234
405728664
134037393
315379891
97781627
812563379
639416714
591122743
990944011
608479904
128717695
585649839
351167726
389836790
131797051
694749016
789788764
119486716
113645028
666183316
153569512
892860256
973881941
451504488
483578694
56476534
568565501
305694225
405793660
845260947
926017209
519516114
931190922
801529253
380311843
689030512
521779774
908811835
109146596
159344279
131810070
185231457
504319309
957908650
407583660
605063584
842903484
257058872
392507186
264680762
285975072
551748151
938303478
264989336
222541500
702784988
581847147
996856136
929528599
777210743
221867992
17432234
573434310
676789972
577503486
214698637
790990117
62718502
545374914
742493354
294835665
664401915
77312148
636567294
799876357
995910552
353630740
863786598
133966433
331436285
997052233
37507478
105149344
790769119
128328653
595913946
891711145
374749450
665756473
388913930
597174268
495098743
945813703
287034099
997641301
703538934
315325262
941826306
576139530
800953037
661724907
151067467
391878252
103936442
72696335
596097012
428039071
815843055
437313513
166546326
906888944
861251488
864278204
630204916
171474622
846950184
961486091
600523961
569061661
426395537
395387112
372983962
246763472
940652467
419931131
108254200
286130591
179475131
540662585
854122566
832083226
560101585
179439416
200064901
3325747
649982186
136844414
424356209
595319590
20412397
665557143
610866540
23160596
477689094
33239827
770052826
983454480
215465902
539630268
13202850
960550772
563448133
661956765
366733945
417625330
234039702
449363100
603090396
208916905
757519912
904294527
476130737
141462351
679659958
984297749
57472777
233331781
919076944
252642172
980227852
622501722
479400108
218370743
7358913
87237766
4670864
956661657
883240831
426309607
800017538
255703007
452572308
511460119
122241345
649926130
431674602
155323309
819285676
61385054
137829568
366267424
46737387
885219151
222369238
448785116
951852045
842052992
926827036
203312079
632424141
347854229
123047713
590965608
83776745
670997627
178754342
584276849
645052330
291021676
206048531
457717637
831377697
138232914
644180440
986368769
612607772
223544385
290768891
565466664
370754752
574057916
765409005
972643030
415171442
228157011
925119547
742138507
68740865
471143071
766401157
718904223
482667877
605765410
463679518
580504733
34113442
388329491
873349936
270540020
966029799
839220413
10323584
416199272
236639058
284650782
190831085
857810397
797228553
515760367
779284233
626112424
41687996
211640519
437404019
810507219
30173597
146144496
120349208
109993217
19450114
758375682
575266554
584866703
710787577
336236635
827824232
481620193
281128907
435619151
947630584
253355187
541364032
134995319
232664968
350378307
711630578
524463121
4862162
587754782
526998880
740293856
624967371
343266560
341511757
774638457
23748592
867850681
538092634
984327611
927390247
395076053
849723724
733380221
431175891
129156094
215769599
402011311
537721536
8627966
825730777
309952865
375265807
974560643
727987417
496423004
553930075
174045676
65571468
279266755
760064941
229624088
258712624
364661548
482996469
472252419
459440559
262804054
384176366
190274176
13338249
166849758
629982787
876480120
86994535
79876583
445650357
403833080
304927127
233146188
592921285
804033765
144078390
235311213
672026198
424850321
281244811
915058321
381442497
326452713
578346322
297860492
152758007
38063337
893643073
206428299
445771663
254688576
881864654
415094163
675445047
70813452
55120129
281754563
717027442
248935805
823929750
340327382
252865047
898656431
824572730
685442709
913197053
27858375
66703045
450870448
425993930
26269402
821356290
516006059
839085405
98786246
57091213
340348165
434158370
253406686
746604196
90392263
869422539
84821308
253828935
114837830
715782838
851274737
307529714
555011339
205723152
719367504
860456719
987067533
340965150
620940665
551141795
512420832
322501326
578906587
610800008
175455608
491661921
648160547
617102235
986756305
395966122
732612378
324291125
200663388
192314109
181287999
264432058
856390918
915738367
878972796
977634372
313614528
153838668
292849996
144124195
392520848
147681145
965492418
396554913
415923376
86671101
773352723
1550466
175259407
669539104
152665404
204263676
639026740
279087725
680629729
103570113
421137911
388436329
828882037
768108316
847289074
817140957
974115215
457809390
510822103
504292158
996178168
619792490
753872408
263041587
73516700
462416769
590407670
657492612
245687914
231215813
185148604
203821954
686149207
820110191
841806889
173310947
295556071
531469707
475446544
492171325
558443095
271472166
528773377
828401214
983518830
575471259
245809977
618247356
160702960
688878014
573720344
634979244
391025636
360801908
300230946
420506822
469650829
341382023
287547172
42967520
882074925
863217568
927811101
71827867
349690326
930370301
314603333
670105946
230084181
176500160
412642435
37294641
531807057
803806222
520489657
109530924
259817682
205535948
662865216
110710158
871645424
78665337
992924584
205106916
902371145
487557244
921557575
904306215
684552108
800826747
339580282
930119409
107138647
283757100
434539795
826429953
892209395
916012366
278659673
230002895
397986768
440462176
230762580
836631047
720186938
799308416
667981901
200576127
582735376
426365164
246489317
13763538
21150182
814771973
48892860
697594457
282593954
830408779
406927292
838274891
278798186
934008267
338230549
726183368
615396371
20824142
453197001
487174839
847114115
526664324
715376704
117886000
38837900
838230380
368659071
642744697
61423005
774151414
225775829
870692329
966740176
632444167
407126554
439413368
783935403
398123766
46801132
697636845
992163623
301148570
812862967
728383785
372268473
302006797
633062343
661609081
982876803
339756801
58616903
912430349
432603589
635643828
905393300
917389369
685511292
789968079
156221816
461197145
169278969
86893921
531849042
628777286
148700239
802908430
897377732
495839263
768934829
479005739
688809353
758380525
15744435
611875472
144023479
332675504
692186202
633548285
67839151
770265382
488208474
987750498
850235034
807838018
108778750
247652232
119404697
854697189
200544322
335035682
197570954
122882950
17536217
388952658
563220762
750835531
781450908
888157502
790801491
245734191
40381886
802149246
714004238
632320551
912348669
496545810
946764874
709634210
907763504
612794015
484674158
504722943
575317016
880332050
480607561
45821462
682418897
223496163
598825648
111804942
155995511
793144018
409320401
453842463
556623182
663032788
880318208
254707271
729643047
661910853
390428809
43629648
88108433
9047465
957744650
24511855
160436264
103189175
661675948
250914458
899704136
333907481
260555495
315354157
55749661
18114164
312430692
433879208
199541277
593380684
915468702
920444649
485512230
312186453
100492479
960124630
264909337
188550983
336616098
530686130
790439514
385043405
792241479
951306482
291612333
368339141
888062519
160506293
610964890
468721490
142563548
517170304
770229846
828699785
733898722
962576934
388230647
718543432
858991578
451988294
344238742
985530573
819730049
391813305
386522512
272659575
146959303
165970281
249139367
856534244
660438183
472629968
837868051
905030091
22042519
762938034
765608092
51991905
797651853
275453621
776299338
558691379
527147990
520839571
898067077
536302805
650493147
459794293
318692016
732774495
266455976
920203426
318037149
816904189
228700
746835693
103953098
984179053
133903097
619846551
609981764
465282493
448521140
366201139
937716601
756496368
902671716
762572386
851656926
279958424
795245720
690619966
361620581
786652429
639059532
494936542
137435773
561975286
108542966
273248249
627808820
205104934
295711731
20123644
297457122
824028717
146706678
850483640
70710653
483088843
135926120
316422955
508062109
574333508
510005552
756869408
821338261
679041778
937842738
662228711
630785443
564000401
19088290
886793221
218456632
595028436
39389642
984733311
211245144
775309876
212883632
70960323
943414040
269830986
510482691
256351542
292868183
270055525
420659263
827320554
129347675
976175240
320796220
204304887
110291998
18778299
795773919
453345196
876386925
688037412
711615302
378356693
24923946
670211722
907145325
932381324
364760721
579762061
952888411
412100107
605436553
456023602
34871412
19393673
339224156
428532148
72091782
699064387
306585233
746542486
488543460
334732506
437675964
976442693
784200161
674194668
520913980
714764876
352050212
381833046
870894867
748346558
6992985
111605475
229797847
319193642
100220841
636175176
298181053
439775677
262891878
407176239
561309433
155175083
152585715
411333243
416786689
711095795
792034766
310183987
496091296
785805361
650804018
810882420
314987409
95319930
336361607
470025999
987266009
617331989
410407830
517597098
326475655
670201127
745318365
518541292
214532840
74045780
816346262
290139051
160873173
215646234
218058192
947683560
525830745
293551770
883806526
763187144
25802083
710003763
631413522
605511020
939124589
691403187
127359798
306886632
648427214
387919216
9646451
107052399
857018643
977800006
523655901
583453004
975382871
171446799
943191370
38295624
266988046
591400810
198265639
87452766
609123583
83018100
896856358
494505308
971066908
943689702
327771549
164256223
37036526
83239559
240585259
22321134
454096426
318614366
482873067
270925802
740999172
576748722
195012513
117850813
240465335
963163188
717541510
40173964
197099621
539429477
139352645
136498234
573368087
367272055
133273241
307517267
567184788
481739367
107155826
868844004
26956652
948088143
222879927
378275512
843473035
666309237
979890914
320983040
834103321
584308314
318669336
414939992
76367631
122146939
922747997
901738301
191337009
138781830
819034306
700593076
749789753
605557990
318313701
348979517
113199057
6280201
957021447
187459489
103198471
653222896
499708865
317228235
230653633
132908201
887366803
762552204
806879087
823599561
918014792
390919509
721509014
454865006
45408966
573418264
542499467
807933582
378132939
407257088
39984761
215579507
570539504
658643803
765356346
647166302
990206030
953312416
336377105
615666900
244214289
408794432
718312573
598769776
242498159
411929611
280987969
588790547
874845600
942206348
997678453
509945005
321586881
463404260
673573909
532516212
255996121
6091228
10925809
952448474
188873139
312627103
802944208
451589507
554143684
233527490
120079652
34323782
503271071
378618948
888925575
573776317
381394290
520675060
759189480
858710007
738516127
61677266
944700259
54111148
218632413
785101216
136277450
569084347
84096852
983564492
32297517
779497388
293742035
442048663
588930486
431766825
491521262
909649882
316411146
766374498
672120834
101811830
293062162
637892549
65642891
793239758
99093282
328481753
693348052
445329460
298839814
107337068
991200863
189956828
406195918
557245334
863633286
654386476
182359542
199932911
819032947
877881221
862446520
366498844
457267655
214590985
641212682
251767555
498653928
930865757
702998167
936001316
637394797
837770458
115386316
883074492
609841623
642018063
779083290
676490047
801315356
133335901
427522539
840254202
598354617
838404359
171901014
922383199
564072880
548846872
336829836
780368819
594767029
510895342
985205717
442157164
129139895
314697912
557184302
816299498
248762662
150958726
459077630
942006235
85787813
308623473
249025646
158371565
988164901
678626506
174255770
288349405
436643481
382338386
567657790
118046128
610089181
454399626
60574108
629422382
991362441
540495759
598902099
178416716
278668930
729260607
252822178
918214203
806864387
244921279
433584949
141666152
292083922
847083378
246646578
887398332
595085384
267758504
215699085
435816993
811659265
21075723
863168793
199628011
606897418
530959526
120429161
463484947
678267700
974563854
700385492
317009787
7915399
333007683
505526755
69532071
276565125
286948887
744908161
402797574
424965063
99269204
763903260
775988697
740769732
936453929
618679289
112450390
62600548
795125994
305228297
546902248
363340348
707808134
666946874
120971203
685355460
653533726
70446121
612938416
507539289
547100164
357390415
767392820
332064983
428283705
329084191
254014233
438628716
231799222
975241720
794404956
261232035
812225987
398209403
93937538
464383997
56993396
667674557
286469923
604793069
802539407
371529890
594081731
670346067
631757978
115512653
530458749
209642202
727793694
274376620
176846000
471475223
433756126
749195468
80190499
882282074
357918314
911094571
697569331
373216501
71508079
119512453
232620067
162184067
240064066
978200621
712737747
572656815
311622764
287319464
958137276
587781524
35519773
474248864
514189854
234592983
253830508
133571549
742585944
987257914
458145153
632179291
373634419
416486768
700756835
870535874
121764194
116380258
830895074
932096269
611669835
891714273
173725801
598110127
541930037
815731578
462813876
886245102
93700031
548280617
344403100
319211049
263455332
703495344
835712561
525803047
528461722
529000872
990704943
647708950
297148209
701501654
483969531
446684504
492601179
654848948
90269538
176345580
133427239
856608670
159497226
254854578
515258007
750532674
470820116
401934540
938930368
327681428
392092606
783302650
701288599
67510962
872643894
707519418
429402137
50865743
407622289
856331589
165337108
68182629
379579409
232105940
939938863
300045516
414757484
525316210
19129665
879986589
832489241
496774934
28832534
888860602
410384637
850729794
707664289
859485425
771885464
339065405
296748633
374246263
34481130
359079392
954150750
387537489
190036993
213609234
190665927
553102381
192079336
610591763
628027574
994549846
471161141
197755481
616196275
406158598
704458805
66490778
966480890
235684078
763502944
28997531
756575737
2788848
588117142
884162815
180606242
736416686
419422975
307268099
236311092
257196999
155140656
11327209
771468376
205394193
781752546
936124564
205032650
595190043
498359594
547676919
653856471
752575235
628234979
928981805
754254829
367020116
573647907
300961104
109044112
930870234
959431368
909259793
902066033
88698134
294541580
623105436
875969071
988669965
386316120
238706905
249829218
634590189
271158914
614436629
728899811
930871157
960392969
879588585
716537603
18511029
234911430
389857153
937303804
459882276
537269535
937921556
441207307
361191900
824273348
179793574
314459279
692512480
254875533
864796042
244697328
90266515
70680113
736504983
41081526
306109674
199513018
841649337
864739178
551146214
364007964
559640013
856819559
393894514
523488353
899462514
433934698
14971291
101051892
475428390
6055439
744661963
352081427
296184686
365900517
379477205
804897731
895185576
210612889
423249878
423564463
290636784
381071006
729802479
12882473
500630041
888622182
878054563
616227502
661057711
188050959
940470243
51827791
224079716
858866410
115426242
338057926
334717946
16007050
757823063
968431814
887878170
659114747
454834294
209853691
758464014
991218314
825110339
446770857
112916081
936340724
858544267
487390575
827832927
333130438
112016435
323786473
18193582
245603766
919944177
365407590
622971472
112166997
281297405
368662895
924508026
978947158
9454051
353863715
669098545
82342170
747359161
706282703
903291012
991729215
594287134
826244812
622938590
135736442
362249557
1420422
205940348
670939351
682315172
909716357
531278500
389862556
971906059
508771930
247620606
904589725
791792023
396547392
565934680
734726665
821794464
815582518
320190712
959184642
522626606
978739332
84579265
761204945
406148364
153875047
546538317
341095920
204015017
878382802
169918865
900653374
305967146
129494451
906643667
998070688
505797120
674436901
269714603
731419722
51783229
889899479
852490702
237308875
385390422
530014798
107986922
888194180
40463646
328503474
322344852
751903171
617497972
605935797
997716826
684894017
37338824
887794156
823512844
634833572
448723750
113796185
91530779
214325552
282119558
621612458
972491973
267535644
422214296
537160093
479153860
760651335
773516716
582169178
109249028
201089273
609484579
631959143
715941927
269858289
113477158
579478550
893118897
41436989
622338552
658482536
76152980
272080429
298543070
610167498
169031935
152436404
383739979
186473366
38394249
351480277
514347147
587045176
668808464
364621708
640314316
446527243
214798048
766158538
539906312
929527822
318157142
606445690
763448906
599462781
799277371
423312876
550372467
268132378
620907237
139635882
625236033
696795836
253342241
307495392
811156634
350477495
140618186
968544582
981509518
150823973
710255041
113498359
937760006
282955633
769344286
7721777
592218688
15404814
311958449
871408636
5959317
714170784
433649098
695892005
331291089
598464821
922790078
227137583
689379050
592797047
52415256
465765673
828448525
805582209
968511599
224213680
209311910
727701494
472229296
642279971
312587867
665675510
42256904
208858407
267599897
191650966
166663148
500689388
820489866
907126503
904341910
873177526
190870795
402304891
213929983
365526330
39278305
792544312
876190231
228024714
666034799
565962548
719822471
18439967
876537238
733120700
402809972
650531994
40026209
217710910
972934344
313838194
665830592
500040518
82546869
129097640
136246741
310759001
726193716
713133224
715565132
7599529
131355802
284889191
378215788
489332671
754097509
120755644
110354000
240182186
746119037
157239025
392961183
180037824
776560808
752099519
4057511
531323515
346960254
102684503
927711403
447718641
583602575
780387255
547801543
506770958
152199977
324895719
37726792
352715500
80557890
865794454
805047639
296376898
852954883
800029979
883270226
233811578
369828983
479749318
344259459
840457973
949756540
422521683
728632603
322356636
928777822
779754515
174157962
955359958
114982033
724119897
359095448
909942944
877960192
267976884
763707995
720609010
45790543
459625839
673374022
305445602
530159055
617195254
723393826
332905588
599577774
111665846
545200792
439852519
56423368
198514891
574652393
601772977
302213566
542800239
419892912
243367183
673412308
779902913
557490934
214670235
358703447
205036475
388237308
962255178
665958140
171302288
463818822
609994815
486629449
495379112
237697198
249464813
2610798
720500071
87435918
711534826
100152122
672556672
285941819
881176925
886447726
962758911
98861397
626914586
519148329
960930638
733953609
486283594
155343490
713056799
652394251
71100879
17980271
135421401
317850750
878147483
317520042
328528337
518592860
231317225
283990099
714791115
874036918
256275423
638741429
557075744
956800917
373489785
739865092
118016574
478615803
322045715
304799839
50094886
18185220
417369890
638534721
166973326
217799363
527048048
628974704
451094091
471360638
742033882
7483605
141804733
139673599
546443428
754815354
415273801
620706630
757617349
509610828
352977229
408555238
202123434
557991618
297181189
111478177
35210433
828379808
884729136
494538353
196741420
810199807
690772419
16166156
191274
654171494
9626179
362880659
502964778
563632163
24468916
400244689
366188375
90492762
476423847
387194846
805430483
904575627
288097463
732525018
633927319
903973708
258686839
71223190
512867076
936884055
572886728
534788050
393057920
65054459
532327036
587090321
72970312
649995492
821053732
554683660
566138417
67596315
390482375
41425754
223564163
348594324
812177044
272626086
198362623
105155175
645491136
549393631
523704709
713403167
511875967
85510616
960205571
634457418
444402658
820103095
402476723
243872103
645187486
260117259
679479507
641290163
356617413
766390692
289300822
439183383
620451341
419234150
518896360
333016122
104068824
168374977
118073725
334500883
1399209
35050753
698991369
355722246
424485402
305383990
238975161
654338648
254643395
822633299
569728601
24368872
916830854
916057048
87164595
842367393
438480810
886998155
674270577
337529125
425335427
612788946
703702787
110515257
929473451
174672488
823468351
367457924
526021355
752969459
516421824
499536580
82280807
938214182
104797875
581190074
360659692
764398089
77575974
107967963
389720490
303866448
661182067
291897193
571526955
229108164
512615703
716774839
177221708
704119984
977274813
8547624
214830997
716091352
219556991
963814371
38086842
739155664
65272734
429675442
591523207
58560846
309847578
457188656
182575199
201377705
825051058
817151384
923033896
702720911
482354034
974447415
138779549
26441878
245443428
589498282
495857716
987543591
514166431
557562557
164119522
882759630
678738151
459536271
304910547
260268755
848209835
709452971
437709274
846686844
890948169
96122821
756826831
501592013
740778902
317637430
462848285
352578701
768864789
707488629
831468305
947166769
281476601
50064088
198733453
175331847
23386563
241298665
401385823
526241401
113189624
210641168
165792736
129214662
59687070
305559875
516784381
741329447
696968037
522042097
88428691
371238865
656892212
390463690
127657207
31403550
145893409
13426641
456498212
348023149
848460
853913814
804690252
935848613
472023808
805660281
331698221
261142844
123750580
348749139
46514757
494401067
629162261
555320177
316747042
513141777
962772129
10417338
122137083
775851378
784615258
302376560
101874437
170346119
863964179
955652821
317502857
553837299
272830925
335613644
970551266
853028117
134402242
726013868
654211119
626555286
374556665
711981946
48581506
953076760
455521028
582814727
556283812
111416860
132412049
137966622
265634097
451486064
311503185
699837446
640117976
847100285
631364293
355021640
207305160
499500580
299242973
958628420
5513497
866306314
827848514
105194211
689436592
147664372
559981523
478895116
810249742
459812414
839979010
172236547
964517940
809628014
455682179
103731826
604101627
850912026
149370818
225915231
248099764
991254582
670377509
122726659
544315275
764301618
55156791
402513546
475036661
505508970
762202491
753397631
545540247
152060778
685840254
179028400
161787446
562113637
442136132
527437737
905228277
186236623
428233921
352710463
22991825
59442087
320435102
487230294
924660983
586567459
348532825
759818725
770519193
777186564
995444598
270928887
259490012
729934797
641730634
580111904
984322298
758791871
524504560
267236294
213628733
55514266
954457768
105636840
845493361
386608907
241466820
960673562
621383510
97141338
17348295
680979296
184125532
555618825
545571777
603070022
329869886
595479900
945511111
462538361
371102167
45819744
309532741
26391873
478108565
662985669
474890443
125338091
782672730
416967577
957731457
690598384
639272397
513148554
179670141
451458380
99127358
965216926
726889061
655681894
898807456
487498330
574299155
329150686
311363666
919412829
561258080
411118108
988728916
620027890
38167048
600040266
670466943
468680608
941176640
224477156
206235359
296405315
75852000
427188272
883532405
132171773
510981575
624846068
713952868
41401674
989099679
284560789
632585012
455501422
798770053
724416391
327161578
917926711
353147727
696301452
989454138
715638361
414842196
904083582
855298553
752755959
147240971
252362381
79151034
991881272
4050205
900084121
195360617
72811237
260532896
248135790
629176063
976594882
373267201
832432787
140208373
365316580
744793541
587498818
836044084
948979067
28619995
634668676
747686497
350170778
253001521
59443643
870818184
166349534
487739585
499070416
419033811
475241963
964478212
469059179
228372580
795598032
316385834
905024552
356452409
769323754
382743436
371003233
450445717
266358122
935684373
209659032
989114930
857022297
952035129
749020488
157319826
655824695
902754023
920107084
69355081
945309699
523017028
394974270
427732200
503262508
932345537
425086286
858148055
867890561
933105939
522366112
774729817
695821567
377730258
187720905
256018650
35809142
215803036
970198770
917221468
459591427
422926395
187203721
505412876
203285363
211384723
179223732
293532645
71945967
259227091
54749012
75595517
407791952
15389930
396322858
105831395
561747133
690881092
758348410
535159078
911591687
828338648
780864296
10998621
484976930
304383267
201669458
967452717
565618589
24816356
860653159
274619921
422849549
45021924
722341125
169358495
917321959
102210235
965035671
785547558
820799325
622877923
772921849
650643262
723889374
282886978
255549168
849661848
226335423
800177771
778196203
654107430
983386051
846194840
636719193
60496226
336841414
638717491
720876256
553154149
204496417
979381648
569406810
477715255
319094282
670617671
483808253
732967391
211643108
216042250
682171874
98491710
483919505
596614420
123852755
370376712
10675501
628441600
595782974
21639784
860531413
6873182
478402821
607114986
580799628
325242272
354028369
207327611
783607091
288548467
74079984
46102265
561541463
14834207
970235565
753625682
475203900
912247924
658056689
943101737
571818572
495189740
438920292
891928631
118969157
144329003
790458542
230964334
255899029
633197357
389031649
328814138
312434217
767712931
858480546
270712636
942696954
565041345
951233811
683085424
47088528
410123954
581108792
403898192
543829889
290789506
446003364
694684680
128026231
531266880
92775374
828613197
822652664
532864154
895348690
978588886
824493287
848018968
367780275
791852224
463679892
519754769
85361331
451436683
175514323
38916882
650041266
63961811
596641468
364756164
966175138
970159044
911927282
227334335
955904904
165028829
668635092
305639484
695925307
566853024
390671776
702063341
872355105
693983128
186675968
833870592
898413782
315885197
503080700
992777187
462590158
6208851
417161319
601200958
160405844
66264072
40786264
591502823
234704502
65426222
464292933
877060088
39036003
460972669
347812755
517728075
432550126
317453929
178057110
515204478
308104636
511269894
956674965
299626478
887522377
160429350
172721614
476986525
151754319
933357857
646076907
936860601
931638764
539508191
79329941
49838420
194462817
484413137
111274703
803329344
673388813
741619175
754329834
717263802
553276626
762740869
606145556
153049168
205722230
755078883
978035835
312784925
715692329
703065164
662379326
274567716
83949592
287614795
396853649
437836066
674088413
977521636
658343117
745159343
871590703
174188575
223948161
102767089
172117051
994273571
188086614
324179549
500589894
487311867
664436945
815981125
699202865
710135068
64008464
39088707
408195314
119083249
472637465
983290797
439618747
48595710
783854600
469671681
227199932
622439095
55668670
200850327
243581635
199246528
863347187
26036795
60434022
780017418
757680245
821711767
870193231
665090458
841005881
202824207
422815403
658892324
877851180
958360032
840617828
13095981
625601721
675286717
610636678
619134454
244732928
77552438
908034929
399711010
460942525
82334895
340590014
603562288
697058478
129056280
709799174
95359699
327300871
635805071
552980932
661494942
534656338
789018139
866749820
16805701
743907074
653884861
72827581
309286286
334558429
755790311
506651108
259401023
854843903
979023943
826248822
352828467
384729336
585292898
727897204
304709885
765588514
647984083
819341545
966016042
871116130
363726940
447533087
310462098
380411556
223318327
365444793
10557738
749152456
11438612
108206615
801367422
83132964
392548177
873157849
654078731
554404391
568077111
498014239
235638662
534507917
898960216
455104932
484380032
809432889
143914614
659430169
374566858
365092728
166509870
896842561
955268012
222623229
813497469
425380549
561807215
898053967
763651511
656572665
448948601
609710435
125613932
9866994
744706568
130204788
82479016
37375290
251935931
831418489
219618923
62059560
189932464
905948947
135494481
883961005
699100313
715434717
303123943
713714802
534684748
974738048
726826362
114043825
385527594
490478210
299734697
151594950
68292136
311383258
256604480
778614160
181264454
184864719
547698921
324451068
569852827
117352131
520661823
75398726
763696094
584118154
554333562
299094577
701815820
78808606
279573885
701128220
854876488
365469060
95183237
193391272
633815604
720915800
737964425
133026416
381497632
669937790
994891440
291337923
13475006
657589766
219426016
982444587
839700709
333165971
269553002
42709677
235236398
250668978
959563002
910874679
404951543
674809294
4655266
717242442
458830660
766623610
768603557
746851819
562679449
804934667
397011642
709752856
146129666
584927775
775927462
70632932
942008387
861428128
119410609
302059504
778451862
928544669
267671620
308903057
930629490
113590170
518165121
963705091
563834836
533052811
813223827
768566360
342613755
935607458
723289273
66928971
501120128
929726780
659989123
815779224
153735847
212172721
476572533
919872448
587553898
131585655
293232374
865382821
793575178
103756384
848971207
294057841
380729875
168773251
414787465
175705033
603881166
312662187
666904940
787974305
243422909
846486650
564078036
620554462
698480880
831779722
301571377
304194211
221572426
375009800
258436998
673873783
39700354
30094495
355023683
392265142
416130992
461983837
590151561
528933487
951064659
195944192
899968594
435724527
432919094
591483485
224328704
8634475
721770490
822423730
83655133
712050245
185983558
401753190
726889602
572314070
546985748
433775567
649825666
719517606
908238277
171372532
593646665
248018600
743089667
437975687
486264914
254142092
362319328
778587689
54254784
948727380
956495105
311672004
97944827
641853135
434939789
329182533
16630912
617733454
40195566
772068793
790603198
422642461
939342259
551049386
569732232
600036817
881370347
542831016
239947499
505841713
587677605
945848387
620899445
592268353
380484044
914163703
909480842
969532964
342900746
504896613
809896981
327670167
380236056
460479376
517569450
477293057
886774415
972523044
461682730
396579658
629481938
328252800
669683741
348930904
742250106
842642954
609906444
784115665
577754351
45940101
766350162
887727303
502025053
206909515
895914455
89406296
30383252
864538954
462104719
97103948
340112271
571582500
201181843
56874746
884110688
320316998
785042339
379280697
311579841
571783708
153796005
771105510
187108860
359067764
817281093
465634070
550679928
746847095
599199665
286763986
190442759
907569075
329306638
195205239
859416973
431988571
387673876
464868455
777543673
426304332
256802689
32086424
988391814
403527853
134420432
862200703
669448583
723947524
245046637
10227417
144976008
95853946
169274134
131624343
955305900
200934647
775163030
915843461
424638366
359356505
309490842
160355448
579600598
599663610
298516640
778044335
598608910
272659307
224758762
690362704
357609591
697851696
840054775
329028979
977352622
966587728
834868484
408715256
516470214
356691592
138555583
4069363
125620642
114040338
939111276
796858138
312763409
906589051
142062113
235505032
490680211
324091809
639813054
903842231
785610324
348867120
818729852
325857673
606347128
535986083
736355080
188817650
128223996
365591540
11661534
548866173
288507844
174473112
175844565
553741574
75708674
527961078
82313720
513588394
610572153
591353990
343107850
633007449
453064049
823326378
615997570
599295132
729794127
595267262
136596327
313817791
444504769
466416720
875229153
608668673
755741946
91135835
597535070
754098377
962979897
997587949
781128514
181197082
890146646
516926973
263271180
46027553
965733923
947194680
650164064
336931762
896868886
709281220
648162925
521710656
392631488
205488912
467608746
371233006
546401477
785835596
645250106
568718001
46033220
767074105
688418533
682661369
224964321
981811216
453967254
778279018
628475904
419763258
451791563
251632657
485420108
268329250
512222874
753273866
946893087
177070726
461582918
78258431
890688130
790548221
618067861
13293620
597483689
182641281
366400338
787893924
305115465
409544876
630132603
721733729
541906623
665239650
895327181
765844735
757499138
937355199
145710793
99898559
351328105
221898848
910215143
707140101
119824020
328448598
888490887
597935491
244063395
930882550
5807583
239663252
736294906
638846376
8560180
755456031
362783299
945560874
349432144
509257937
771323956
445332800
610283055
258103884
603653123
92166223
300479379
301822167
964966507
262021594
436270370
969333231
481109084
771011751
815340050
499428062
198609496
393277000
768381184
741245774
158273538
873471679
852419649
867537950
933226380
532595301
25475370
628707186
363895326
273910169
554734879
45230530
550861119
363539868
108546980
581974686
749587853
121552919
874509635
383127361
197779714
691276895
505602585
9820671
794956078
764972124
636985257
791551241
699938270
340197197
654623201
610667485
380280055
731171139
99638524
25576657
205960295
450014105
367178446
157382465
672649735
955649165
984611875
944230758
687912870
547438187
466581025
112552310
139363964
116365751
798324149
653271106
238042101
84291414
81248452
587594631
99947612
453373429
171483235
953688719
370719988
945689549
168732234
250170454
966886422
325200750
915902357
414894890
583483184
697701689
824554269
380436407
348376601
823099162
355751541
673685010
824264139
547318961
442343705
598144519
549365290
591848806
124976590
100974794
899006961
689875699
660795771
837644860
780536962
575510583
909008928
829769469
690823568
175886084
480098436
760323280
315845827
943024565
940621094
386444779
764726363
941399848
153709067
351270591
822143018
655381805
23178430
743743041
628736537
770836179
571445561
524635006
903984926
268042625
251930530
429064957
845471212
519233983
462207547
25954246
967504821
965800545
328736892
201224742
348374129
940905247
562908330
610283794
616087587
816247940
415254638
734054118
887066820
723419921
922277491
200885229
450896831
381426932
405210734
129840905
291864823
117078670
413242210
19723051
178986807
571277399
746574060
306008364
943402490
547463691
523483244
618305370
941302807
418348175
261066597
577875440
471277052
848325158
811408262
646534566
972014105
696638869
958012064
296547410
837491664
696672363
542988563
318665909
711707224
132031837
190272892
223976482
493624301
384593144
273945440
797674219
102313529
644939662
217692274
175760714
255826329
51567196
584853348
944542097
286925862
83513119
370931021
552930030
822655959
341310798
447199761
228190099
5447877
298544586
396259250
182053917
128842045
848732759
832894749
25035029
763840616
969284033
683444050
56296429
100408842
634265443
745348149
316070947
387741325
636553141
149024459
961350860
708746770
802239793
809356042
890111532
997627885
245541909
967843723
944893995
728084285
774679053
959009155
163719993
958618571
523752267
894385414
322570739
88567503
291644075
41269303
159517968
893636826
65786076
598724097
398991898
353881664
569124400
675944566
271119012
589149892
216487906
762495156
134648899
727340710
741885698
55402622
288885646
214108617
754833501
23579704
453156669
576505056
372980140
555918512
647719672
648855232
739352909
929761135
189997779
860180952
233349727
330628482
853479330
779578947
497221266
649737946
735021553
411341941
244982762
150061269
176860628
958704069
184788648
983556704
322196822
852001424
240902284
925767508
742528189
120050242
501373163
652371875
190398953
37106351
518587778
709201413
866699497
894562326
928293249
208327516
605472084
353193605
131915496
97690499
146526978
192693850
36427390
722101730
674574051
754704674
328703960
288200304
218684144
377127981
683459432
651128666
941095022
995234012
716691127
574377457
656286356
43270937
962603118
164149810
112600792
775809058
438749651
125757498
315224914
667057245
598458371
874526237
788149506
84301179
830258032
175207237
379662643
388886364
918643421
64690872
897019388
110836424
691227539
927313694
53949465
603707975
628188749
672217337
204052238
694522471
438503641
539307406
866995098
638181569
450193506
749087629
440313086
116177688
506007128
396710146
97829713
632813164
577455913
248914291
39331914
81477607
36082615
4397044
763125273
819225688
169733726
523794458
465644925
726172279
696499120
46632353
473207877
454761326
166833754
385554076
226981493
129080699
520862741
433103861
180706980
96174939
952885574
70912506
378354749
490880663
671992925
843141369
768003589
400231064
132125237
663241042
202521871
230374683
476104723
80569518
906495063
669892563
506455512
358446771
850231120
700879135
29594819
349450462
250194794
439712746
717167874
90667484
655447601
44995012
491200840
805484024
806169407
692054490
978435770
486403819
520668513
792487724
165171469
882929515
425940507
453236010
184055607
773717710
437727166
824376988
665485595
42187629
480147865
675937207
374553731
867263261
132813311
249098622
990113042
455203082
456864038
622652271
197647501
234149210
348269455
388064379
403550513
472240318
966017758
679043738
25191274
314270347
134339723
100383721
435323470
480935706
959339610
691925176
504592012
556904125
736754412
450789875
705124997
976951724
835258615
704375374
313943049
777577268
752721999
889833206
772199389
784650048
101032893
310731
450979146
387617073
501377310
594718462
789288564
894197791
560682598
379483347
812985739
10682500
126896499
763932062
632054797
319864241
500057824
865792974
188185926
421462817
646601145
3213360
640134772
859137604
590524780
500995256
182737304
101982336
908778590
356172993
519548477
783279116
57679863
541840617
249360236
216762895
102949
827989359
948675480
136703962
468179179
844041653
62850659
183706504
849950621
717779635
18508883
965222660
695640216
508489475
753915421
944462789
498347553
456877331
687442310
837782668
425088444
777135041
161532062
278566874
62484110
15864441
955765545
748822272
348619483
508010913
476924233
443176754
905538250
878534735
772292480
546383019
858703748
317959221
867805505
163175308
248247371
24570130
157686168
772500075
439339992
243962044
727390510
286993699
428196546
626373952
274396671
80704010
787773818
195016332
127882462
160281574
175434831
236497985
155092095
798381565
326241024
500126969
633709361
679171377
215217630
155617089
330041788
115672303
668864541
634840295
43101751
375373063
756953078
972995280
788816763
695029855
461831226
123290928
728236256
455016416
739135906
662595141
91020292
945266695
133201519
440141506
721872667
57421677
561678638
576338838
230410838
748152756
935034973
294438094
826260075
169586059
942832879
595213960
133408973
706021300
597442072
380307134
47758823
283385581
385810471
378342101
774935366
775322017
272102873
771081576
599061925
362346525
744559093
550873584
838163561
664035468
199378608
653242344
5320526
702929494
269454744
842303910
315074956
826162651
75719107
62979043
907191290
596700594
216282828
38632192
1489481
563712151
623198890
981002453
329526085
534559823
173376288
878311902
453585595
28323640
500772981
991574522
682808744
204404557
41199531
6785187
833056774
692945228
536342254
863289900
678610591
246304210
608434188
159426580
782940556
167200967
960024761
931284668
545539246
2625382
409610088
714442360
344891109
975575121
934264058
989322206
526592130
338425370
477896725
319685428
389054477
164362042
146190082
172383434
127348397
503979233
927267669
675190663
458249130
481076342
397141341
932691484
852176655
217861129
518450956
867908770
195399187
613278998
612001788
785089915
917204677
784681466
723808121
359467503
173826812
167597137
910241128
607923354
487709891
210483735
26912033
913370577
71866472
247200421
74144658
383995392
761285672
290060705
921149550
68299529
914599381
94253976
926068095
84079286
646442569
467434449
629160517
669389762
780268107
78590434
612832055
526218274
868019214
785162596
514030409
522404214
386276561
164377207
422233662
904783181
375835970
504554836
32134172
54663015
472840452
874215731
395546728
873380804
434093678
821610884
272107627
544198982
836060208
500334075
945473796
465364556
362419183
773715426
441867742
207566366
170314198
185268349
404124922
286065425
355849169
808556848
556579740
380412101
394846975
651547764
177968312
819284703
623333794
229642409
217803404
667753161
484329728
214619143
730649291
787480344
352925876
160129286
355494704
521411469
273852272
652043815
168919137
423334188
857795868
193223862
858346803
187335385
570086699
496563142
580893359
650029792
191672769
120801098
890913982
990353065
726429098
986431499
596331659
18743772
740020048
827637896
39464681
69147207
840435932
155492009
899772214
525049425
582500423
825055502
479925231
22835140
223659661
947214357
184270314
875890402
646474745
340503972
560503305
593981502
86938407
621059949
701073269
717730368
707982914
314150253
158435763
887241921
460026983
581374839
645403806
780985838
554413215
190584928
375202925
160407654
531461086
474239027
708581227
20250774
204051191
868224111
162572613
957733425
939993822
378671200
795415176
338289809
492206262
935756331
154310128
482137447
268406741
384255336
319180390
12900082
704008294
929434554
882996758
660500006
653643323
712373961
311978628
873449454
312227686
305362875
803193580
210695106
121115653
720754400
395314296
934435058
850427576
367308186
141452933
473294286
776588307
575023593
199257810
894666832
693055533
672443772
449534446
740136775
969370616
913516688
369908408
61213623
685806143
305790826
987306950
540263769
660555896
914587450
446662881
471989805
749096654
759317062
179000363
541802490
175240467
69176762
544156334
391924538
146072391
228868262
185916705
327703522
729148476
93079648
44456061
289293700
99568871
378154334
377347516
978856829
687781865
535363348
735312173
43170881
128680914
309358104
156632262
800263366
193512681
987569142
314927644
284609957
506490521
709869585
224237354
969300754
896603065
38721986
756504773
621399221
279142185
855282200
366151687
265323942
50044880
277404244
609202017
860804746
120627971
188799469
533893278
138815869
795054987
791451901
170352262
578876849
836600964
695162021
970744886
303950261
336369885
664166270
496489914
823682776
996262169
14150358
2666110
444449156
139534179
706627515
220361757
558621673
984938870
148376351
343671009
806722227
324312055
285382880
383282899
314679056
584998500
605419572
174173620
706223300
393529095
30524872
33415712
715037146
578485216
762803297
972500691
456719730
450432500
958912413
16594707
282247631
874320579
639148793
198097537
450325847
293854783
355314117
689487950
359680046
521188895
13230455
793568524
323332822
515159396
125221534
833906564
357017577
203509142
89292461
378015332
369267971
662911494
932572111
759146753
399798042
184135483
21737557
588350791
536880294
290440218
623026571
164697091
540236556
963977478
758188955
611207092
63136668
536664974
239236285
549177822
533116363
167235573
436750135
657636827
459467154
335589070
536276742
633625023
727185885
132567569
153236164
94308272
238618115
712387455
487535651
996734357
452673932
728070306
836436938
747306987
159384275
260726070
437404587
461656985
22085736
92140683
975558447
32047824
105643340
110079093
719138467
185925791
592784918
386314734
281735895
936609653
278803069
936159978
78547057
199877866
857660003
424261012
767260756
157370846
91094369
951652127
941851975
82075857
633705520
886622220
55249653
193405800
274937447
13776231
564073996
546843687
515126386
408242321
973893536
914820447
33399908
364358331
381100612
449200639
713400220
491541493
540794707
910512778
423448941
281302370
727993776
161021151
763186786
87088219
379372109
973793345
583530004
317908959
684616801
88337049
536236460
753164847
912909812
481316191
301862798
167390825
896895381
455001182
429574142
390101067
175801673
223191784
884347708
972730454
687364745
328742816
34087875
724762230
220579402
561405706
43893585
895903974
331633366
855145597
506185776
765738873
370441903
407352525
916059478
166915651
275002176
23594082
560814272
424581516
119474920
967534105
654988261
389320968
350492114
684971815
22134352
418685861
222655235
301386167
966800177
115589627
963215370
394404469
1173748
758341674
906828695
171123957
246912928
343476824
883212466
995157125
284947548
826744074
287802531
507967498
429387629
925475712
478757203
528066
906618124
708393196
613736724
378716141
786274707
790862929
238554953
191775814
537827456
529742410
320544100
260911809
911750105
615268071
661861372
194714953
147352991
435205810
871740848
610240676
948436680
402525077
284953594
465175712
201336473
219450578
771393559
487076971
246319293
710950911
464575127
499337083
214325047
401285675
166844680
599568545
508664583
69972553
558110821
448751105
966945307
128682649
12944747
396599413
238974070
509470425
343948380
154488100
22282222
854632851
46691269
314949322
193521842
828675571
36541798
434372820
64615742
729304130
913358766
538968118
743052826
730167685
675253650
794016673
137481133
653068746
240771552
497172759
552152123
197332665
662063781
157513242
235118730
292205814
741418531
127133738
634644885
273628097
914247772
781265430
255559896
645841114
856355720
569055803
121439996
415744237
737789356
288326973
950503971
457119795
470743169
83647125
357412197
627797127
866787469
114349631
555120100
743619218
329436387
243748696
629087011
171990976
18736240
901882101
237384587
133725479
864380359
114723592
286458025
342862027
510150834
942972699
369060814
517755732
527026798
884598926
409651916
151986385
445071209
784860243
332894856
2457130
178988954
547107403
812825673
947753560
235432711
444699964
597036727
91087110
846207763
173530536
910938260
982157561
61499649
414156843
411175571
967445090
830843582
517644887
719137518
502374801
323983803
647291294
966381050
982294026
385721544
245020087
113940124
328725936
800389966
28832564
759554958
777849987
56349073
797398973
614243440
158491819
244317211
268280905
60047723
354979144
579964312
795237131
530458468
49077470
584304492
839963468
677386182
209068938
667082551
273500411
542100496
731011795
762012032
914293450
530302302
794199350
352833870
949440250
226853477
36296659
804316868
260553154
877414740
74762821
27404738
695571877
580456452
135761513
355229243
594910766
744487513
407217179
342412151
938026885
210659506
364442425
555684692
420298684
748766948
698331244
751913833
266273838
614649105
818282564
618340115
209217968
200834360
624594960
123728110
972091884
586437231
587082141
110408901
775985721
407054245
123427036
495062198
710007358
955229732
685698691
406275004
245092213
613323940
61766690
8540797
659121973
570824219
150838736
14621408
596660386
154301270
432466780
750134075
356569357
387438562
882232997
711379212
77105647
443928886
729494334
915400572
796356825
534281642
128880723
375865702
345075791
625913604
370122927
308204983
431272558
857051661
881510768
884547704
839509682
129551496
396713695
632662651
321183155
5041510
922318327
684370901
724351637
503999250
179457169
984431491
181969514
370812739
23832035
355122346
92965656
722834583
444879731
216881059
155681441
282673541
296291672
225339729
309801660
940574954
745276454
503826595
904078404
461909106
125647108
648382054
725911893
317406464
124874091
402843275
161332408
694087607
879361017
517268043
588658280
524745477
531383276
862810494
634944657
899727270
366235723
405554955
714457768
948268380
90890111
603911997
824841479
681024327
615569113
153313618
74737274
147912430
87366450
483961070
867884525
77557183
329111866
907084235
330344634
303272
882003888
57466629
481354104
144085639
700309334
667593779
168069085
974321573
985026263
92160806
925471195
448858735
186799470
407331550
108645384
531236156
937125410
162078965
186240572
951354567
136843937
619367597
97814129
393105359
899234616
571537385
977780016
260028053
378284401
806574068
815023178
846236319
761038714
206330607
774762892
947291660
103831483
253228184
32927445
942326613
407767690
79818000
195329835
650977901
339977700
876522988
16746862
575116764
200543105
617749109
587517526
91438024
687086097
546746019
444092147
589605584
545677191
391838081
415927172
659804773
435384947
597555098
845666801
448524621
959041351
184609150
463040624
795270836
63194944
788015592
375179817
317118808
550510506
697447050
398601911
845911067
639612397
446415542
246854
858768207
121437982
305032528
49630497
385226023
728600358
111825575
913173196
465051833
189549661
317502085
551298247
130430143
25999540
833023952
402702660
274904454
596087443
702616062
166491088
938935761
923041509
711579443
21615506
464587502
31636906
526313261
535197650
314051083
453131017
234933922
915676704
516117426
48144224
435409651
829023889
583715374
813731670
168679642
448379202
641024716
760585570
846881994
767077000
972653441
41134264
155779743
860335383
887169019
584716307
863685549
358871858
173433058
653663986
997409594
892940908
811970365
898264957
376997653
18070097
861694698
9495070
383234269
45794067
894346193
693047665
342988464
264779272
777631646
807612269
561002713
396590424
881088140
134752886
152204980
687177363
415178158
166070985
305157293
102307202
866645028
755531293
860520265
269411095
52986988
182015930
49955885
645936090
967166444
775213116
261065183
281733495
696537189
390489673
30815258
277753331
514338606
526774729
112618730
344667985
664956983
967927141
78828796
915156847
138151577
291508771
930602433
410895605
252663337
482168462
669142351
656441982
393183884
161136167
85433820
741495945
119130141
659785883
377995660
883425720
774076894
60781682
415947571
17017487
530069866
693492819
801406798
542354406
461732448
593063159
314420421
591842993
531324851
937233547
887114997
517075169
979538113
902032933
790442611
233250386
397693434
925159710
904011438
398679791
182922556
874268411
397411879
161588862
156804689
970511092
515189958
117109356
338842939
324643274
523431931
700313171
609632767
170451877
846106921
381600861
851767981
173039575
911238980
50706800
220021208
948745046
122022344
33699730
388576287
219275356
506219474
825665479
862380156
985142360
128234293
212937486
844110278
544541627
540162717
195234761
960248392
951230389
242832539
800350830
294246736
444175752
632216116
705562201
303681306
754052452
225530482
76849237
472526182
100459271
764562914
607548723
496308823
45412862
296662940
793637485
250486318
820844177
828347846
709947577
717082736
390404862
690638482
555882715
433877165
573540718
910910646
188289689
469577353
860405014
98374130
995215885
399741498
661343144
171479612
771175219
768253269
883803059
880449434
410198753
357241420
10915997
315985255
287819103
696006391
236273001
901727491
588386249
873359448
152147748
422232885
910655639
262955278
955322167
323555407
167404434
899499172
983082957
877001350
395916664
174847599
408738989
533855829
147305296
951351478
417357437
318850377
124331652
644288211
812821748
918240156
184594616
543933550
914240025
772222407
846190418
630611179
975593689
87589973
660074969
344082914
408121596
918105610
342667740
695248193
167035520
93612840
255795488
47027167
168589097
242559607
40035496
645452948
131059844
605169921
792362893
19044501
987770452
262353696
445534458
103105155
403145597
282858246
625386216
592696929
331050098
136737586
85705423
73670239
363663900
657386590
207454269
639964602
304787435
534420211
176670842
590943120
979123359
294928161
495937592
742080468
341783503
247780197
683177828
467706992
163521532
119903063
829903639
393812668
126616944
45665176
22979858
786543680
931954873
741410005
325560420
413102841
518980430
202188539
463627016
53503170
423020158
988632823
791036690
126827747
735577181
3339473
952691065
454533268
689642563
659048949
290431082
561194848
373798319
509098181
250322445
687912335
947320355
677844846
104244976
392124951
552604803
199624876
610539521
64572854
499467639
835932083
736903545
479167380
836036460
835103121
501252608
216472788
376976178
187735273
320207214
809986576
541823147
948104042
75607488
348716872
357617971
495199381
61384813
263046955
428647904
963964688
499012902
112735936
285423277
149150321
808773371
365619563
415543301
442943877
813136463
119954602
244158291
384972983
229252278
141240551
744868397
536514565
221011645
164108299
310807236
544305591
464271759
995790014
970931189
868802279
127034266
943076617
485072186
360974681
135533563
660265368
845022649
980964587
109547449
61526138
10094137
221349764
898967870
777034695
432863408
79983852
240323246
733658783
305327318
236118891
395889626
892670701
561352520
169477515
940062424
163608630
623950877
691492611
185985958
840961239
286159919
216444963
597739125
275547584
854890101
988345866
27618366
468495053
935937906
851926070
79694373
789100647
755443528
199479846
323003323
650867438
153158756
678833691
444142058
721983588
641813176
249019925
666686887
301397661
771998468
358864301
147505929
82688341
232137295
171104564
426550093
76578175
428848077
466214777
107236885
738533724
596591548
930513642
333012203
527646896
326978799
247800286
574382246
46361824
873484037
761146905
770407886
513118352
517025324
207870814
14652417
574319572
454145777
974667663
596136440
993954338
363775278
384209632
301083819
995449004
377051334
901711060
942515412
229021194
127809779
319198096
919505948
891105287
575679787
674828545
95495718
650709471
580235779
259653552
600562085
29714070
229038882
191557911
864147435
754232900
458631949
535761861
948896626
725082853
209262948
770273163
834260262
237627563
289737310
371502019
572905650
36261742
660552231
722812881
920269985
798664978
810115218
937369259
901029812
904774037
911896219
599186213
38477257
219460055
738521536
846635879
243595314
527348267
607003403
51960340
750500448
651264279
537501772
342182084
416519899
457031446
674617034
932862733
108291789
89931905
334176508
905047412
653140380
299307093
237836755
523939691
420566643
97521195
287384084
257082882
494658705
911209360
472768480
548448680
91600032
658835695
746968896
370415486
948804746
433988688
504158545
521955648
284506135
79384306
479699519
551924164
968898203
398315294
153745067
4249833
768058831
154613056
223357483
457130812
491042633
889301673
115739336
978808539
99708086
975689230
263887533
282653372
764275215
160252268
910542411
356350983
759078759
926912730
585782043
37778258
256060682
564338832
608750938
350406054
176422530
3180845
793238422
900772509
355093485
804285175
664318301
133396770
738736264
485492402
736431265
458684091
780520526
30051586
117080787
449237578
471131719
895676160
322257109
251693104
192197718
45964913
25489446
606695871
494256524
362871337
205675439
50499832
939660881
590164050
19838212
730034073
698972541
441704887
858773521
837171333
727170062
843384879
567398923
863575501
889071537
853052704
432832949
841140216
116411332
665324270
213909421
582157338
354935957
210864927
613835324
659502568
9830502
665539979
944144360
888214580
242364887
516057693
855251096
417886231
35787905
176874145
392931134
89230588
789747899
767518786
324223035
175879250
3119321
95337070
495707540
97200603
673093710
154076326
277520257
27159469
919658272
286764204
720940489
154547807
948642634
936920637
506611534
615881888
864819641
638021876
641553388
367363599
791649511
519733740
661834761
761439553
418581097
863186031
620960323
229721281
874002823
240396449
288186991
356338912
458426191
179645638
369656208
927949188
191431932
26698262
408190793
778937379
376328390
363930822
348005152
876318653
526404023
690398827
60975759
889918388
188248123
489427764
962552598
865711738
874838648
830874110
313168130
34055339
172944245
844077510
319528479
150264376
292039606
655221731
781642811
906674919
966791110
893320358
912730450
930787453
464061097
111267646
262621150
283109003
590277045
398161401
265130127
653176349
828461893
561041724
379494734
265346599
495489106
807666661
341646133
187535186
101890996
524130056
663985746
557920691
609507911
501898944
940390953
245591633
672401706
659252208
202806563
383443602
181996459
849344387
403407621
833729879
386592795
670349050
624477357
952960973
42358189
78551204
236011071
602836826
208889647
292213476
556780659
334892670
492903477
863804836
216979514
882196533
386546986
524917422
257129723
634668713
138647407
387288586
434243561
632969836
194398567
445516688
722723632
660463502
810444442
580393359
204498340
859285487
968396845
619136439
325265994
801364787
753073725
179700386
280865972
555193255
800820613
946898141
907715361
25597946
919659100
18309224
240345468
759235239
206597432
363013603
635898948
317958195
623788873
532661939
771806948
224517283
481587675
256196389
972307372
256997005
272014491
212193834
511849495
2245260
331196307
12941889
533547855
651327863
103550684
295214098
45116017
150281404
220467908
437346383
104422922
420930720
49271101
30177992
580118286
426984324
480973208
610088072
654666764
338503009
234671622
244504402
212296928
93793277
293685081
226999073
833378478
424806514
302525614
732392530
668838982
906502133
910149262
102690599
362072156
388186369
366735716
983753588
307100106
777883936
71481691
562603544
981621341
832568650
519194261
517494665
942078534
209857626
461554718
663369710
436807629
897908773
320806515
8023946
174039238
406096890
370499482
655756795
659313628
768938161
984146054
516216466
964696277
412084194
811810937
474833221
137234126
648558495
83408136
4070159
626043987
675262977
918595615
844870223
600826732
811998040
412101636
837180852
359641584
238148140
379472774
813926582
84630131
732886281
552469368
389544830
192601906
80479159
343672954
476078233
662225902
246098384
525753509
648188354
685999440
346320806
407813653
502369006
937092537
625768639
441728981
145948705
456168410
894974621
346650800
603950195
534230353
984505614
12087711
95097209
773014570
787605262
115730787
453853501
294241806
380986155
925720638
798697474
679987893
778079550
627039062
768892606
445961734
984122894
230419707
704299872
704496369
612764606
616098370
240761196
183130461
577848078
268153305
574238315
467905803
833403797
66273749
965827346
242689272
15065842
866627791
257826557
890062813
546664234
632404129
521735952
738778004
789576659
5097431
23908546
535614184
42112176
770575850
792902804
87503321
452443395
779315499
290135358
191182068
548033005
97154691
273876354
43625053
317312864
58823716
425607287
497873233
430834249
968861100
86726638
770543023
894750348
529394608
330321446
707412127
696719132
768838423
675520851
376232445
257875544
480861998
14112183
555797660
903334011
409072167
690426338
82076008
668323273
229132460
112838714
487859288
121126973
861346353
4078163
544149276
717222396
918131725
312134371
862906314
101216277
946314173
433277602
908831470
546049273
622728641
421538714
36373540
544972652
152748811
406491994
904113812
179509911
555391346
481608846
344048724
157571983
119444772
635411021
187896447
252798231
739439316
846078386
149286838
227597879
972863257
49599880
166926858
317484993
471426036
19069976
470602810
759294573
848966790
321458948
794784090
512896987
759144076
596245627
155250468
995893441
152311784
756680620
640474592
728712941
375804721
388255601
327180033
44176326
655252976
188398260
197946402
653840784
237195924
386428201
809424363
774845292
685386068
138984602
810405811
903349602
103620260
661201187
929945393
497285654
534479407
43236320
400131502
976773309
179105126
276536665
387704297
227691675
967093438
835617684
650690882
79150787
207015193
341179771
64746405
848306063
712279327
777150280
225601683
765147705
331437902
265095816
123728289
514297001
783612278
607333480
456624980
125350955
668162999
502403778
36792707
260476509
64851191
374342320
331122956
603726229
455702943
118330639
107535504
275676022
447135649
705424185
719943100
979897304
478276275
226801897
613707650
742079765
110902780
49280788
680568011
988406840
823981026
360158117
872165471
833997553
201523934
121700028
168396300
673224494
318352563
705739446
11303560
107039057
575420409
689849589
696496022
922155391
624216399
313557112
539651376
846168558
36044347
745623826
196828923
803403484
628658484
743336636
429475940
228072536
917694923
45475907
105062822
108044649
253837258
1198805
749409381
23675673
97516403
844782240
837537782
50274402
553760363
775643467
87665527
255243598
352470466
919540247
568265777
896770885
169683911
654993893
326309081
587920857
731288055
722198704
588322145
751190703
22970895
12799718
176418011
783004523
127059516
32791979
240514960
857022151
844322251
441141523
654229985
952058590
827733946
681509892
795821577
566680164
513603548
343081490
954465751
809317905
389587543
75898355
63358820
669777441
979100366
416422514
106335413
187575758
269225408
664037101
564392376
847112385
549621081
996735337
966806956
934261029
445191673
263740370
822818298
480507045
149911629
866236216
42699050
182903836
599346397
380647070
584320749
404470629
657202854
463456696
416647556
486967113
562313782
441402002
511185884
666771016
883038194
607143028
231357369
813617553
418126745
336564154
953842383
301354886
376391089
615140033
558297605
51328870
268546909
108418641
264549761
780276148
242284726
467074811
902856919
676735789
502654733
555730100
351501073
40485136
885077594
603037036
195675551
913815777
353134652
923608058
724404469
416283813
177972884
585497102
280138456
94493441
9434870
907199283
606225903
463776623
194011795
581829027
921221939
393089384
364905216
314003333
978317399
536265199
716605929
873217331
642372927
177495431
373578128
909433551
450265654
368671579
763747129
908017476
305745311
817874308
963823156
880839531
247820792
741796374
116041958
112442755
509220380
523714916
294137938
490576762
4902569
592615361
13982309
861096102
815939693
980085371
219139329
366632912
290573827
926549681
911558038
735389450
77160036
529765776
27493254
252942165
540704433
218087419
158100167
66607671
353761460
450577425
742049620
467291895
26983094
337143179
965524685
472649075
30083461
697263307
444984510
469011126
489061886
44767276
11103364
479154676
577661985
824770543
82000556
122464374
102099850
226398458
470620427
804811429
830116690
581447557
337478846
241474152
631103559
497042899
474758659
518811679
159005352
135505816
966056388
383031219
585585975
589408793
469290663
510178381
780242519
298844511
367556445
915375596
266298992
455506999
358742127
650418991
194135600
92004409
459342812
375019703
289525726
70374532
294870831
239658842
760820997
846671496
577710749
241241668
567492862
472811146
391551945
639499150
188761795
563645150
396903618
30172854
269276402
893753119
579863800
271591017
157808060
976977909
992422605
164940807
853807348
402470245
269877723
54092743
209517183
972073804
499271835
941112701
518990453
395664423
434982553
414509332
486836804
650653099
529677821
583874497
645824561
571294613
615013914
50358077
317138559
950997192
720917863
749372798
674337703
668417922
678080698
509668122
796085594
599604679
687771949
384268626
301472833
203509575
983353844
383710244
4915704
541224352
384527161
222310968
483459393
979953686
831277349
362613857
595412039
677975
102549093
707461486
674699237
86430334
592495199
900169347
880363125
58247046
840509886
903827997
398422965
870219645
331244337
506665584
744066479
589130841
311850411
525416733
458886448
994717863
481493145
843576786
979551566
780102659
823148894
896777309
381133226
295437402
751103696
974529468
832241404
39755178
891361958
35339537
725181139
395084907
473418000
435975879
674554043
759560397
781255271
568411900
751786807
259235022
406010879
536649497
181617161
408352988
128987595
593239678
758391614
374321240
883943172
940231460
939997277
65246652
991033137
1751928
570215071
863362278
851364504
175106839
191425169
883088686
957994894
539119125
885940755
368282684
721269257
398720476
39488433
406388590
250200268
747246805
229782732
816855373
299092723
805698851
654699000
841242504
703678614
903796264
364028142
705704778
598411946
1418573
640229958
250821934
845213012
630624567
352641894
89020263
35124950
310394522
624410344
360787800
252125730
418805295
520143634
528486081
214332572
888748096
353557045
796704729
985729521
186406205
706861567
714194285
98243170
425271784
664493246
776598854
28568260
53963569
229362870
806535415
912953200
948182621
697197937
966805232
811418772
430961782
824826823
308409777
432163184
169093574
878903308
607821060
742422073
368238319
597466265
776157200
159560426
480623013
955096232
543430236
809966343
535616646
523020575
753492600
306435135
948989933
129181065
723569786
928351866
426173703
802114185
102083103
415145098
834217912
357618015
505382806
68104993
6352595
152622797
641419723
909362263
448423661
60245558
90602800
537511335
564305627
234998052
632877748
317726290
106960727
554582226
481468904
822404381
211428480
34515385
654503554
748328432
659614689
152039132
854078694
183686916
456008044
49126058
720736953
351322885
811974795
830414444
296063274
42400100
19869312
22866677
836841654
992459830
950526948
892008791
362810939
669683866
316754927
475788039
662431378
730025672
256115292
748316225
994482578
127745919
195544036
223604555
192424808
387938421
458246033
262441152
421242960
902082691
275164668
292478273
130557004
627480646
915516995
597190203
573654081
964754135
444750580
411347661
972715021
849888036
762112530
909527127
289167123
527389712
160383301
148021443
829206377
547318966
347584038
526012291
992972924
773619928
931432700
499738874
139456719
556290916
995091583
152809338
986703036
202791099
688223786
836342798
987046383
504290259
732053020
715657532
591810783
301229876
280871503
784690982
346158531
298690856
571983736
743629337
41511085
558015886
739390155
505606675
394261457
964254030
524470497
30632787
510880200
628553127
912975868
590106109
412928380
95621744
308132965
755058511
743162510
950869095
998161468
414346733
642033839
91149425
670599771
474613904
470005685
54959693
979830821
82562228
893995701
707410683
11911922
807799152
803963380
225282364
403161374
778034756
502722334
135957534
693159169
36734457
162934452
389330471
575610857
616800607
100269418
383231647
868950713
210038414
52669162
738930152
963915086
872362111
197213256
756475640
132431601
972629288
776926701
267817800
513739737
481570508
345456621
253250953
919229761
298483834
63938013
985394109
978694406
294486582
703125268
91283173
441465625
973220244
205721494
982959501
355200022
791732166
643716586
42586865
758560101
293805585
925319226
767871267
840436287
386349402
665660305
244014678
935680136
929149766
660443405
186512849
582185918
77449393
898814941
58704577
608331028
253452160
578119207
640976635
463310549
620915931
336128308
177801527
10011500
324055601
11054801
67960099
648586755
273156963
983956221
257662539
945367692
703980361
352949531
820667958
868466430
414755409
810359869
235628880
73433088
450075012
911597217
516513146
165179747
567883090
384436141
748615906
217859905
558264728
727052756
84285878
65987042
216013872
533785282
166549500
68557787
967532586
454402195
193715430
59128070
511554514
914951356
882206629
286431440
527523386
442206814
908817676
961909460
424489968
547318595
783049906
522348140
966075228
819041558
140431957
68486810
82354413
930892443
919848436
723804160
473005380
842730632
318151430
323797152
109812748
584970297
311421557
654914639
840734922
584434608
957808639
454143184
78862061
87607702
857558158
334743073
451805514
293477325
77228486
900994954
736364597
967340034
317866668
225812216
854901430
36736049
904324084
646019761
287162943
518424410
143279041
190683475
847525099
181863923
819288693
491490464
300531100
150830445
610602220
116818425
939495411
234198503
556615523
104260108
517056163
402886687
271653315
66672270
328420383
819463383
284916291
289054140
427415423
842469094
874839736
934840224
678077637
954585215
494723614
404498461
33802247
118123072
709627858
190172655
565037981
473068362
244702410
24429201
108162747
18264117
39559401
402153222
806096427
838820952
179976730
944319765
322693422
76860844
141449394
173832716
154762495
788467389
216166439
843844417
989087788
645896273
607619736
739909890
32612209
640693960
602507788
209555326
840732760
876568099
784834449
595816167
840788491
359680635
209367133
595236498
131984279
238270563
514584264
752893964
972770269
139750837
25364008
996368815
931503970
87636707
626426894
816400707
132365187
635284088
971589534
790891952
962852279
889621371
276074849
713975105
527800618
213128410
916167283
522147030
255543980
503415401
219794849
389114984
959132496
616515034
219929217
826378665
30893754
489214723
623861664
844726150
871948188
267485118
272757535
143323292
186621183
978408561
983688722
169971890
758384555
985040115
897373114
290040757
86532704
507678751
457229048
555594636
428163683
723336557
333004033
400300290
254516994
251500655
982236259
692376466
285897024
692134714
184110297
157284144
493073531
206841622
905084552
115096913
265294686
101963125
217154848
221572562
505880175
381954717
983923242
223092227
744572123
136641892
345569438
170417791
894846501
532067342
527424392
698091932
5989405
700976807
935257346
579026240
753945478
828646216
542224074
333364630
579052369
411618646
441236809
513217135
964558994
610322256
746817734
852729039
181696059
45232311
888129933
615292946
286353925
97535758
268429821
882632547
700804493
629038643
420126586
777286202
659980220
842057196
156689375
44805528
573702498
520903652
415574224
971547851
983736585
883151031
157639968
412571897
915882557
814706751
251971492
66867596
822203123
946725779
245493950
540085241
244062475
681135991
448644984
757491798
565036261
317142851
429943361
153481686
346155949
909017211
631739504
481893126
219472529
926370778
843505734
269450908
135495750
331403361
883318579
488285629
830423243
939191488
275983169
555518395
141459421
13790722
483655518
288478015
217852140
63044679
64801536
283439466
914411865
849859263
729506049
933998203
283294315
992257057
127621384
531067132
55397771
47824077
348552050
356592614
463464084
724172354
78303894
775601995
491544567
919225238
225379103
225237960
27243427
179454649
675514275
364288439
240979899
952184981
520678487
906366642
639462458
832628828
9001976
642921053
489682424
759803520
858604827
51383679
542687364
600247436
69291024
752142648
411257679
607812093
285117061
664857070
990266061
75051437
567581244
937896979
618748149
144347296
228485580
485762555
775265161
541872839
733790052
558170313
238526812
862583021
833888928
417771633
203391035
247831024
848382444
642143012
269804068
294741039
908807839
404021016
61414529
703736008
559523082
681417149
637309932
59460469
982114474
60794331
290299451
268056610
81304379
473751759
96461743
112136318
618313953
5064580
611955843
979869911
893445692
361846698
284893251
503806923
677475508
317803214
823741159
913343933
304371734
696942615
548314996
948872283
577129865
589947170
370623490
637387825
614461821
903946000
574163598
915801938
973385446
699214118
368417653
783627902
418946485
278452365
202860682
732391669
528978116
138199162
604208171
245663301
12379216
30034286
88795187
183594881
21242785
475601922
42487031
437132094
933617175
24788823
462281446
591193364
919297195
218500432
453145926
26596138
971453922
784738171
180184907
958742586
200388731
906586517
826519618
577746227
165598423
511356952
897217972
263257408
544556126
515973876
970135695
470753214
208161746
540804535
875264122
945242383
792243076
210933932
94754361
190886670
398457356
420706733
568603621
488632177
733469336
589091242
405434142
477884201
816701896
88798926
549405223
165703791
263112331
898709443
582987578
458135240
303887052
606661494
584468796
6098574
66347574
844351251
722652582
461876125
222135258
958451980
970343890
902564001
986152269
557156337
506577099
245895453
584246430
76735258
923130048
324912963
276098023
114168161
18209397
188352356
478127703
55601596
867595574
114118790
928659636
47058565
320777189
133419145
459046793
557483992
452732737
847781059
746879025
151453396
636745064
608894865
533897583
416252118
682820929
77585007
149452201
665686174
712864504
649536239
730450430
536221761
865570241
489464389
17830075
612162637
8875984
214225484
291456808
126152752
138159583
233153047
577147747
944211872
685810906
362454812
867053929
510180125
33025677
109734123
630006163
98885878
574601484
572168401
754283180
616811620
423452755
228350620
214877827
846953880
550726653
953404403
286087879
202636474
153189343
358223158
681747661
125745823
596326678
563272941
533274128
52181482
64769877
919014577
173146002
191755286
624214088
95135683
519405692
68887997
819587348
956893498
988306184
672531181
958931383
937156172
700776901
303279672
50014651
492734690
929785390
507766662
126018797
32892831
528434012
711580009
218776198
178697985
657760820
838664213
366758182
146949714
294858952
129240093
183690304
60421999
468751123
209518124
366538822
178435054
870261572
516943180
760474630
795063406
540781855
372477514
340200860
486762895
414360793
504676728
422175126
306860858
180387064
309613375
895509354
774516620
34822560
312867089
774951950
720354208
414579098
734752996
456795054
155853773
786169429
854736385
276782805
552511825
616095705
228856556
395180727
677119661
950552551
98180636
761761560
216638848
844246127
300800188
718572270
830363146
956091996
281083425
955307307
606704698
597161223
778624824
531427491
943681811
189924159
734964419
716636770
194785858
682593642
106703395
299773976
874913425
551577100
815737350
31871152
702509141
241625205
573143295
951776364
848161942
773048021
166474203
667983071
218980017
877263792
411500652
235235175
397174042
934632681
822918627
450999194
567572754
807424639
330102813
363400959
650907707
340078655
868756693
768578230
954763587
6029997
22805942
498235070
145021953
607928606
868495207
88317111
319575073
985499419
65483538
437164673
400145942
709618151
420777098
354708671
669672307
812771121
326848751
816399605
313911392
214460433
338522415
906047566
33560541
480305552
120188574
384445768
253363491
559320968
17407739
325860150
967342752
482805576
874257243
214949683
626033122
312278742
94503567
154944548
128849864
419629665
461695695
768920572
834530462
481091342
361124568
543969266
323056502
303628981
17067452
500295297
43972646
119974446
110556721
633528341
390235932
514859999
414069322
423246546
653665359
729428758
827852075
263196614
472547901
547106559
698311571
855694345
227153316
873243440
570539616
946518947
257289205
25369077
862657363
975707130
148811548
972739723
359320732
224266313
158902471
359770731
13274666
82462545
137114950
529939217
275341990
658711301
386860398
14077536
574827766
274556702
866831260
207722226
394008104
791545344
229801876
461220700
796222534
90815464
779690086
284432979
249644233
809916914
260313048
693404891
82335131
271593388
656536688
215415816
578202770
541967374
593391029
225080907
903513672
714814729
163726889
808584221
122393472
656414125
327126020
689195710
481734958
720777876
47167566
35243218
110797235
996338325
249979149
226704580
38800888
863877484
123697872
646554092
591497917
485767905
543235279
824165809
459474984
819150106
452708444
323087299
442781993
446673155
161582380
648894593
988635771
82437933
974555728
493076876
176145958
687889491
40097327
83400284
522187912
125971119
439260439
292258696
193119355
211095406
91804067
757052124
153472208
68067344
693356037
845812312
824780422
107699582
391553763
853747646
696626537
530714698
810583720
570170923
706093464
268652958
105954832
788305734
476060427
581811664
801379480
582766394
590650257
218507377
814611821
375957075
74472201
864691091
633070322
55039478
809652472
934984024
595488932
283104924
285569623
801554876
348909057
894715818
75366001
611818801
759421821
157866495
902697115
730835024
714064298
532918137
586460898
519565241
657283579
950097412
763184052
195292682
353561561
31855789
299584046
776724891
527457857
486348064
237136020
365105486
202963549
946638898
523377094
59827151
642911804
190863238
7578581
913807820
188948833
165386599
788797653
835904251
73051746
7215851
39775914
813327314
590427322
950443132
650530561
938968734
873014169
601083230
753963930
150541568
769222464
647305772
992655635
693073588
412353086
875029941
988054465
63988414
996827546
292939332
690390616
389807277
913983102
242793473
819387628
724616112
391598806
289706559
202141807
811710509
625995466
674340132
566587426
913324116
834574151
622318308
160742522
927054871
44310889
524384388
444326461
237808950
751272868
22874772
785682978
331951538
456510981
551545114
178728633
494455731
387389090
612827055
379975216
174919135
925274040
147611076
688650555
724508878
484506367
341200980
427850400
411739176
301085321
262298554
329570643
666094103
874474199
21621249
180913710
122868211
100373359
342748580
973506732
161320988
188713369
956510341
948833671
269254047
193910701
617422235
21634734
982216601
581187
955629022
34647433
117526186
775640609
453431394
978019344
51217203
59657943
401297982
816076818
775004228
291438131
786220666
949089285
599073866
685620233
381466357
394630991
98550382
710798230
525636148
740640617
673339800
507510980
69286107
863383698
733033411
457481602
513210841
471994130
413970669
427362817
765938035
400346847
983931764
819072222
369508808
447143542
813144727
199735584
889381457
426703995
638053622
580105690
720026212
831862543
270973823
573722433
440114700
206321506
129442247
907301778
333293169
187215051
876062227
844174770
787661981
609851759
863808342
616118379
102623125
283734549
227590703
748862871
920757946
685486272
606597328
221818737
635111521
695582558
137154215
787360404
184372743
201201100
391038018
207534743
19351687
629621556
673167834
468592732
979065608
382189996
760211249
877721554
215073130
984586330
672018081
133470673
413889121
323702368
834031315
113768183
949980718
206383633
245528533
272030835
436009340
619495512
54410061
789694634
681719201
962726437
854511424
116943112
277855855
513824781
456503855
117924429
605987091
208755666
561060620
269371849
568041775
752374409
544835540
809975593
840733215
427671222
462598262
726268459
249730942
586327931
123233455
709396908
613623438
671258197
591676016
626396590
493732064
697179672
639306401
305677416
206197518
356756448
595279440
966353805
415434858
327967408
345024621
590140483
12549581
910138774
754690552
59198535
717818507
925025875
11664019
144683946
274247939
965047825
767206242
951844860
233578725
402284416
562587288
485786536
989789371
779394771
21878014
763737068
294664527
447533290
189744094
61779854
389504096
677598762
905044880
795653730
52521353
896030908
961895778
825934260
546027046
824881764
234582312
563215226
875353408
819100428
259372027
204891226
706179971
762565876
671558077
534191224
108913921
834533019
790820621
972445676
285075117
329530482
125982227
956798408
307626500
597330824
190045621
347201220
791416070
179085865
16292939
279007072
596051232
472297128
445175836
550780264
206632651
6809470
667125829
97574295
458159794
21092749
112662458
418014913
708897737
544902917
138564862
228783285
795422681
258937782
481686973
981893059
718431818
167403674
387536791
181188106
422686856
719585232
10650604
538580614
641255403
167707675
98949759
723366538
930587310
397667720
785103046
50389033
139818106
138235868
282306230
837116464
135751154
526726215
516716957
800037408
344078361
39732292
939762808
328371505
268665951
834201190
545994853
586709150
146884027
117620054
559409647
695135181
687374457
139263543
578270484
411735622
695874630
862067396
384001901
517590600
583686072
107441307
72480385
541711009
714691669
658546319
220891368
122201825
494478910
402516799
835850949
942126250
308758571
534420429
724223790
841730259
558849423
399882613
810543154
79013414
510123135
813567923
427208127
322121421
950621130
982187775
453693255
948795260
657422735
950066793
361066177
444604097
955842159
301451472
300734086
435074802
592011215
199395066
127204098
139280128
80325936
355226132
781177677
678557218
802694922
591310579
28076571
138920387
907493060
866353542
977585357
737516317
986091677
686694930
813935183
900513295
62708900
832197249
529883322
200209823
695875813
26204726
208947729
986544949
360779691
309540617
906696792
941673457
808947250
648414448
231728829
464179154
682895537
686264519
395171448
324438451
731545790
256553951
13489252
576619163
726343570
451424689
181048002
834781723
269422295
971847291
521372135
520131222
173196813
912006680
237919721
603136604
551536312
258527700
991215858
252541481
349908444
738356206
332941118
527047448
324181160
42536824
8889914
745089780
71225840
380228653
591466972
70694194
97053221
831075614
671974302
521335375
389800458
516870715
60477829
417790293
53781342
307009813
804980667
841713821
236690758
842738109
487959932
306988660
711548846
339770273
942528009
992509067
466873721
421208933
184545240
783859543
20430935
279396156
786825889
622496215
381147587
181965448
116590137
756339427
430421817
802492971
591117487
912317446
984530253
96062930
22901886
479426543
568473227
774583731
541589713
666818245
517593007
551454921
134650130
979561775
680774484
516109697
747990751
623204069
592445615
955765611
68810834
682368167
633986902
964012460
721865813
472714132
456238257
654527055
109591315
660469838
164257690
783353809
227979801
790630556
828612894
19805943
633890744
34598524
710086882
842507210
418226484
542172748
733478138
624304118
118943382
691726398
174899467
280779843
951484102
490131783
367269951
956402236
759657253
856961478
266209326
890948773
840603670
495946348
586549814
243252236
943300848
40227495
957080462
334468839
466423799
653964120
788038530
959743467
99921134
525428025
331754455
673627939
596424107
234010385
192525596
844845226
477790157
16242182
290854237
856796601
56766029
321816946
418296657
164810777
314476139
211336730
61562429
140462127
320615604
26189599
309576802
249999040
390394014
670186003
287944627
895793759
26379292
370521406
526090680
33072651
975986183
232149202
34034908
96328091
601061890
397379982
701500585
54538379
846001442
901223026
126455073
888963972
566380387
210863299
189546680
661981852
524334255
714547965
468610883
902715000
443857750
819935817
427768304
321116690
552766328
430424151
615104209
447972256
383140209
928986773
186595075
595744139
493386038
960448284
374124723
399186800
764463436
64909936
490942564
732473444
56561170
569205420
353417759
126577671
18722399
536286628
87423166
251713120
43761392
617738753
946238396
50271561
175495544
292649922
957566441
900031876
702521612
151603565
251049049
442374987
245754064
795440890
211349128
833934299
508350220
502554479
39748624
109913578
258956352
214542436
701979384
710365233
527518109
840882661
376403437
23178853
470099412
77432911
679433988
512904101
444589051
650142437
337177301
579221654
498874499
758514286
441738165
989555667
272209124
566081323
865629951
427531166
284305616
211613685
910413144
515922975
649037016
46726726
58439031
412340014
961808284
449453511
76285139
371238080
979917963
363275168
502515485
954194664
116726393
51622735
340213968
400915670
531376354
524902741
300481783
18623912
7971843
104793654
475092781
254075340
408181007
763047674
541799268
267101006
884090258
814458391
835489692
48927387
780455892
532643685
448728255
333486314
152168420
76181687
812630129
19796539
243276006
467327413
913971037
961270894
772881181
83386523
34072337
608626882
440234140
261309793
450252874
159554794
661570926
872804462
659805881
920717482
36078972
522041340
704819000
480965618
523015921
533267500
7831667
15645684
328451279
27717117
2345721
641853026
893939390
535042837
183981186
958576587
432234432
541783115
639657965
233747080
15825764
98626005
317351569
8161319
350152253
97940329
296750725
529819686
631612651
759856642
207784556
636442060
53559604
626947512
216301045
585017397
226912048
7381184
644678235
363879490
719794801
445954548
614918977
497062791
337410673
177579573
952577520
588033297
718513821
488892810
923522382
635649928
14763346
131443894
870842783
352732400
390693367
432138978
157280863
769687224
305110917
570436577
639336442
764147911
636885233
893554810
347373756
463915455
655211391
820165012
59380940
25835586
10507480
515712333
903646149
86165724
915685215
171075210
284556468
967920559
182699482
500876488
109857516
280738045
99570108
921552902
44922740
889669146
860442713
230127718
794020393
571607695
301060418
546456460
101881179
687587021
249575161
574687617
814869786
935934530
799493582
620311669
333783066
573178149
929732257
238646616
233611712
412807292
936987712
439361124
10867884
102540466
63343865
672170375
860108559
496379628
125769981
248262136
311690928
365491807
784384072
807952761
491573491
869167091
743356351
239900817
644380720
537926068
90590579
723201509
153077672
58368539
903916037
442436970
545485753
391714676
743637982
248354357
411772887
132068864
777664029
396538721
491394845
849537938
527898
392824422
812449531
995237669
443185316
968085938
883584898
382538983
316464475
615931350
143160278
92423091
114709546
686753699
96468360
432994517
537852352
471269268
549482134
72559770
392415566
992636551
161803739
769541560
594471572
602954632
746478989
299122919
766299481
643960077
998094790
738168472
468696543
481653640
456431390
814492006
528923629
571126688
597230078
467290015
182232311
2049031
136270473
879994093
612054404
844196218
240436221
780722855
329044147
85883807
634631840
971791460
286461009
100147090
561679506
413936062
882895211
450170526
813576833
243271209
113290748
336744018
526897268
713405928
511705035
626914973
958573110
50790318
337689122
763367543
735366503
627853063
658937271
683295062
96662844
820039705
988245740
401131832
44102351
599118417
798661844
406603543
84031853
113060046
597170
732612801
168538790
518364593
485165295
442746637
884225547
471301761
720968921
537952212
847651158
681663488
212435747
229983044
875282437
206520252
78048536
690791277
418633005
568227526
373656428
378172110
112778122
742329445
644199577
584951411
137323544
105615718
444855369
829442734
702016614
933136457
801292785
699538457
550445116
658039135
414408437
738624901
148914604
43294822
419744608
318202306
32338556
451307737
560750111
947376940
119377493
641325475
161908664
979322069
386081165
123336590
16339698
195803198
326974529
560292655
956275526
835474813
344929424
343111365
256204407
197133828
12622692
992545848
548221378
695150317
324964738
246342892
859587587
504898214
398464683
286859062
51921116
223405794
817317236
145459939
90728574
87914574
262028788
399373360
531892403
486291428
990799049
122315548
983863399
814179423
408183042
324637788
12800552
72350111
75837666
117775253
267850711
251765888
950488268
299994308
372064422
179807570
427976078
210235279
318014159
80975049
959416225
272051462
450643710
403715366
856426656
367892117
249741380
296752113
31692596
505641718
706889580
443302494
887924095
970961488
444353260
74257162
361627505
704027050
427836818
23539394
965907551
938688204
525253717
372055470
587057055
387495684
535785752
412183796
467281542
253520384
785869568
529180543
645762627
404045360
718321719
913906063
197749448
723172041
193352783
402734555
326594239
378685286
808444173
441026384
659497074
45616808
447106797
453455542
940003156
647647208
569883203
367098245
673420076
534721313
846567962
917660968
443102045
80966041
583929011
921992676
400024532
877131755
322932035
677761934
835467677
210707567
441368617
668534698
926770
441954222
683480006
714717145
195769825
32416035
228579780
630409385
845655215
817803458
501562316
143564300
12124761
50297581
655437621
544167027
315151564
217551476
251946490
871696083
968828305
818789403
103372714
498167651
213969079
512930427
88392994
308886709
130081143
659630049
689260529
871915303
983215691
340741830
839801967
113194407
466270108
958477086
49971478
297549768
713664469
318921550
462080535
472307143
752645751
3919335
180354542
73711820
658311170
228988607
927516338
697720152
905782742
483162530
6638530
578471367
789762104
654354390
246245268
823501942
484409688
155827680
44974314
560514510
260180008
406199099
726882102
612519565
984790696
49441644
743079659
520980313
547755918
92841517
791832622
518740753
541926966
138578500
443258397
81490721
243954665
23134891
780885499
971183222
686681837
315914238
38127978
103593529
340242497
463403335
635406841
327167370
576442705
698176282
307481531
174599592
24090415
100755978
632144594
852844525
861988848
478667812
366337381
761416026
470998812
546590186
833504040
877139249
109552202
259463566
862471777
8617544
859988891
990691109
547204673
248225374
363022087
789698769
892414184
651944317
927758557
631064270
173589505
477703843
391727169
238579790
448927378
477470421
925762839
934052821
871564680
46986077
350421161
157247049
131376125
558487426
102665299
259625996
802649398
885762310
985660007
894131351
52930982
91717848
162052699
864174431
678377523
725092541
529103342
386605515
102682465
12426542
408595725
71805933
840054246
572695766
948471261
994026393
748529647
528320393
79247566
857896426
781656182
822672903
580256774
702314223
863589291
492820528
545268240
124488894
236316395
459060250
776693658
273058065
666065091
114443938
567667785
801911031
112643987
507250515
229927044
677470769
198039838
997476056
842066558
809578591
304707539
194286923
600262848
775596142
939018976
31138837
442668945
415814301
850670943
649256177
452364505
275369959
601621606
58460633
332002533
382986173
758373663
959910656
687438249
729255737
234615718
71945399
662622011
771112871
158128178
453143397
960005624
384945211
450716271
35595639
644252678
838407851
945770451
820203498
330309548
510777924
109319510
511572055
960738841
867315323
871839956
142907063
548574818
24387744
145747234
184587997
199290516
849961263
677592145
269662916
102712937
895074802
62324242
1895238
582803525
66048418
453359233
624114570
250529272
785025709
395057586
429498270
785910057
382490990
397997984
216020314
631925557
207812362
707367852
173850257
788372085
816161629
318228373
71968068
317994121
522340395
65548163
938562160
909637850
412021531
81398559
7639699
794925184
872216371
276600907
474519615
715207486
294563827
560580909
784163734
226053388
119115405
346283194
806303129
385226911
628837954
19041572
156547930
968304148
775105344
331914607
234655346
951308491
533917127
558751463
94116205
802649353
912635971
341986190
104055313
671258638
715665435
765903989
632330148
324010122
380235914
841156783
899970118
437786907
281910014
330811294
866350266
728865222
473820647
925034203
461778332
118944036
524666516
168690927
363395884
22983100
410208233
177223934
528056036
418137291
851111988
716909932
509613972
124854817
573806896
776209931
880515664
851040908
725724388
86518757
873997619
786345106
699759309
316867052
164500780
482509818
159635821
715698754
996511580
195071636
464871116
749215348
154089949
792195167
519089754
944242382
274018088
65806244
904433966
552386821
915004013
305860980
457679792
697391427
866807091
147769132
150335187
595460249
569545357
10530688
912855768
253135379
214582060
573359955
34578766
932686404
17309726
761131754
986594908
197057975
730138574
523494113
38333696
734092021
7054807
83673697
853801475
136139381
243981417
352444866
275536380
759437550
599067181
115445927
174312809
486022594
990080432
410557892
431405920
284299498
779187966
203607827
297860188
344496684
297831893
741479235
323942367
533403207
463047502
627553828
214082663
430435493
356401590
286596522
881729433
956003660
823770369
560942885
309633559
583572612
210151098
629625281
37610411
540012173
706396075
166485059
954436649
48526160
838074706
180940102
310158034
988148264
736117056
276097743
304157438
316009206
295294708
72066821
314295620
764946391
951005571
916465465
105363909
176931665
219841886
418412042
79942517
925413463
773114953
320595728
137100159
884675206
752033188
355409335
994301635
271104455
325544070
658993697
179966154
725164593
110274611
105887663
99633830
608826403
455661983
785763981
440767763
829133630
432675786
405439954
99152507
568085681
728530168
237231321
606928086
214725894
744795312
797820191
409320072
16389315
848785658
689699747
917078134
46389582
956456770
680760904
722114902
621451927
346394392
825287388
41597688
281790654
549350490
656240954
217886922
504357517
596842222
636798531
402903259
327394460
595562770
713654974
116795417
413243204
16526094
261498265
891604111
499036258
710014454
419517949
189455754
786449362
447954621
36034961
94882809
687930094
715344051
284368163
190661450
223715818
654360864
938118065
910046800
359344601
71467574
369570367
175946520
494409850
280321319
159475870
36863685
674198055
413962791
428946968
9908439
619216187
59234298
522071313
569012322
802412644
412284459
763944742
91357929
851124184
989383178
826620468
309030969
456960777
820472657
333807188
768039999
665558537
202296426
384764639
179295435
422350569
521866549
960243282
264466449
453099328
414381096
615611134
319718944
538606409
662053188
89119370
334113433
236714190
756490081
114477770
391998832
591721646
624744697
305290064
652310243
724957559
397010977
856794724
815660465
504988083
111211716
659994083
645524599
760335416
845722850
695008337
560567909
535660191
538091787
687701771
285694110
8051522
867344534
590061973
869220201
92928130
352420430
503234408
327222046
701947342
794004321
992094910
22743989
69486678
802200081
164513756
166766799
239266389
800392382
488064826
618123124
797451408
491286711
705899127
31147307
397135053
372837930
604846350
758437089
479005698
795479013
24967148
92543896
376106636
992317937
825597410
715419506
475471054
160657799
794452324
194363121
905600215
273877145
941773880
522396356
246646661
520509428
222855525
814324627
228083564
354214542
752091128
894711194
112596847
670915192
926761392
624513175
66508714
699413141
334252066
512402570
109561484
701516912
424714988
53416430
299514794
482330025
740727118
970723657
739175442
186422375
27145463
218406605
802428137
960945067
35617557
793860541
32007638
127515160
78296573
390054211
656264355
984102792
431489314
667998726
948446481
352795704
615782715
168051948
670532155
16320531
972152063
971046656
518757701
214169410
738096015
916259003
824457551
244496651
831654711
542509291
510562045
832197125
743438374
918158218
37364652
464430218
47470009
588196565
267325274
737922712
703766010
184594594
186404966
365808541
952310965
578170875
576909789
302962647
408144615
491534272
454352355
48514261
106263338
877447270
622704058
271836410
790221647
651652262
317477069
452208233
800026585
56122266
928029951
389503857
534091333
543110975
554113019
409789324
39136961
948246459
449288204
382865743
785764994
626481210
90660494
866374572
390717200
327676725
439338945
631136933
793516966
934735582
144464868
324342131
274836925
210128058
178803539
164460228
409670016
44655627
201107404
504912410
213833206
822855173
97669762
578512687
224998418
670875879
909451303
511929669
794299801
728305168
204404961
637723612
175649123
234868384
256553964
921446305
227939487
338453049
216692559
827029609
694383518
870419279
161754973
606507617
284599691
584012698
307085692
757789940
873199188
745060573
731487779
793929297
29284056
969096016
942415071
15147337
49023071
204849021
210539961
643106861
732427235
530050263
768883126
591331784
304064722
555548525
965112246
976392377
496252839
639277447
963307744
246001838
284932056
694068936
554821416
552214467
908679105
301722191
676987929
695898852
421053959
281782576
639765067
1238954
707639842
356294440
761311782
571128565
646388796
383199829
203085077
565679089
410748208
741862263
473249594
544015750
713928713
835905299
557706904
933942965
819925815
967532972
982522042
947688028
201709673
129744990
439424626
430993706
32355621
373903552
428710600
725468605
413432718
357412422
554652164
267659911
7491536
848178127
375750614
838640781
280586866
925600635
796303398
314370883
197598872
769540133
463094469
204154848
946954119
201617080
65170168
385949226
407097085
380783437
46762974
864954382
703817217
909725359
580943872
120313894
419948292
986695917
866645583
637983907
67863447
965888771
177663253
476640482
547432591
270982195
216436030
921315330
114807315
447190980
994586078
35105415
811246446
263540313
981140727
561186957
258465102
279142222
263510861
326227550
845614860
377356650
506085927
943618040
938617166
372941727
909193939
721060439
533251627
94289859
430041195
335930139
615852424
442225003
364494260
84348771
794287604
293196327
495136051
642041973
426524651
540302278
30598892
843833324
260784586
43321353
740108423
514185043
325442319
925474521
880063817
213154046
880083651
918052843
169923770
448063271
294908007
616474302
764417759
256438444
396137112
270359617
435269889
232769385
373470256
543067830
673052972
620854840
944606443
813615752
786704241
397212750
172439698
892237612
723725927
4145389
146138951
343714487
409575334
859339032
148619206
257548089
803286148
261427502
518023274
626249516
925746714
141517926
46712324
369405800
250250298
20575501
658703539
521116473
62949893
537924957
769019870
135890482
732831628
50068437
639874563
521140569
591539754
936713830
342917821
897193185
763092371
434392989
801008351
217121693
885726251
864127269
82794068
869358111
844190962
300076253
105455251
808052240
836379087
297879498
161591887
708791435
314148035
136090513
177818790
271724932
23324331
263011728
360718536
202717000
822972774
459668608
29021465
48109888
61488799
853349874
419848452
51312865
971526618
709680208
947842995
246428439
376415220
863449472
648467547
893260784
869125895
947560436
802261319
332142086
949136623
884429285
603590986
993750075
543718661
207900872
246959293
821255039
268823481
104062616
49073718
402241629
52905276
196804761
604532126
456023640
956912592
615490400
652478061
596748551
535299077
600307666
394184452
615079326
228655713
448428415
232919440
664112201
482699617
901819545
42410659
181408669
506110165
822674433
407105217
184061330
76657966
921169310
50062658
470919127
923293526
793906908
121950484
573447587
108425702
69008106
652072657
168704480
486898801
387086396
73882178
253116703
368001784
75114264
570482193
15122264
371119700
604029680
369522446
978829516
560956856
664156217
474052268
713465115
336491905
758364190
178027025
740437353
935186937
578076815
425501982
939557685
630723048
681877977
164416739
534798001
491965944
815496217
85038885
441932989
559350308
749000356
225258754
629070050
217349046
135812345
533613996
664058614
449523344
430552010
24405323
949946563
114372946
839131595
815095709
915164256
922221587
10866195
537111488
161973142
910017080
153121419
257141715
503346604
468910820
583148348
784495699
734421821
899286652
784673530
361023483
421216649
190129293
741612523
284635309
324974115
119994996
161957134
394320183
656523247
152776964
594286639
904363972
546653138
108325100
397331839
290657760
579463754
766127001
779135323
457986392
625257050
548122066
794406828
117095626
925322819
53926304
24052774
230928415
840156864
438912288
635222371
737244521
307406005
31415240
823829080
198509088
942806076
258182536
377106333
542133236
251226823
866076244
577516373
987462230
113993055
18529555
67977683
687469650
77800968
224191777
944939146
734891485
954854351
678353787
145340574
296628679
372692721
414053838
193474617
456356792
145518225
728474298
131284889
958840918
856541714
253745351
225991913
524823636
468942742
779099004
907596091
349194234
143827384
304427377
848224411
76307470
208052639
324256996
361496454
967105380
28027035
509556206
295670307
91660154
557253011
852529949
20666893
430152396
68514241
786343345
831648919
61179891
36234653
606370762
911971608
393791344
755922676
813847054
509797939
311980258
421554370
748687436
245922061
411315092
841667552
12440142
51296912
261905148
120613194
665109409
80111564
541882318
941554844
636052204
315884739
541624590
77153950
38397906
389493844
101169321
185782192
814105907
786769613
137252146
454794734
26280506
609416497
288482905
529671138
911448300
908933886
537034206
720753097
227698508
449614944
286153616
372690985
106501245
78808693
44822055
657880773
51011096
531562616
478639289
76319388
822007685
71187815
37619538
824019000
735194060
616471414
713815098
632466867
621560409
723827343
83741790
441408892
294402234
908435117
150043553
905777871
121607613
575857811
323634816
216220315
622172455
49517231
947912103
840194314
23923306
386671194
204557846
618817054
158238810
307999604
775579244
100293113
159846007
449305665
501400051
942963659
226291508
480691712
490010749
329941948
699678375
342880840
741261993
564825860
881180941
959066033
890600701
847688030
582605617
457081622
37878465
944430740
156880387
46657863
850200464
970443324
417187311
623315197
140219443
341341302
906430880
941254458
647857968
943173810
37735652
849642288
390705768
375652132
809674108
263983274
145089454
34693628
599165503
41756373
4992123
835863745
916187420
5332181
303726443
931840922
200441274
632932677
604984435
799860483
671185663
32362582
105260003
733471301
6241998
165105483
418601180
184321912
392722985
165600096
894389079
440555780
168220021
877236937
911043500
800885628
80821605
970006543
839294856
99713810
441217797
424463224
164782986
196549431
710553532
177169132
50019415
965788265
709984502
144741495
413724259
269118038
433789961
728676621
77496337
433608124
823242717
407440375
580877332
272845272
699394989
948122102
506789479
534928719
72558116
828735514
448143576
422267974
107529842
539295457
206552401
525171791
399864791
637730847
8335738
771684503
228665053
800956608
901785115
853829882
444392766
769721422
351078660
669760830
853351357
867353955
41544894
948709024
328947819
864149109
963972279
539766626
966990655
127034329
376217821
135949948
30811319
796429908
51486889
661076173
407715519
783745497
894503282
890575191
796247651
30969602
742451636
646293575
146329691
578361105
101514448
711239139
3461097
560830153
743133310
841131429
803504862
725368131
459559834
461043335
870504528
136299021
400216749
141058238
454939263
97125691
610763077
550867891
13618260
535009467
466741591
511592891
716498784
53338305
1589733
830969485
981055444
671342025
961836606
601250974
730454592
797463704
48182387
279374582
652386413
381825366
532484874
768631711
897960609
461533816
595970822
447661250
436668154
476400603
325834496
114570689
851357303
541638045
923276823
753457665
496086798
227806882
897257861
806375715
965718013
465652986
325844951
391466844
536266191
166018435
168161103
205115487
196888468
2202695
39799234
872035008
231703722
296359200
615989350
515051011
919454466
14500819
892047760
586522433
320721772
701902607
254086510
333545529
304309801
716302417
362251886
83114932
649004636
654712288
486082909
616622287
298430926
408455797
200118044
526629415
283943284
320486177
158840120
663121354
524851800
545028385
785801046
591643612
737132716
99779680
537607710
176436733
8951346
759371905
187263239
168543740
53168602
318327226
120264049
605367428
825399445
474191881
912937871
627752849
44045570
787027429
990891900
766087230
533261129
177057599
560342442
730939037
273042939
573713019
783015888
390125371
63303922
935623351
398512136
673206405
659685566
235550073
253038082
183236423
956205232
263218876
37305601
661470549
665810927
594538522
959478737
419426726
514772456
948898928
390476004
267674697
993387254
868532547
181355555
550473911
413622988
104973343
374350910
864856076
735584218
853349446
551018540
842251510
516228532
151616033
853875288
480042714
918921513
167992492
830612664
347287719
77253695
922687870
645988193
266419744
571452896
896348754
508484129
5923705
574534597
921470364
482074798
294399077
601465412
458110583
419723278
377816714
527730978
959781489
939279217
199221626
313597970
812910307
976953204
204421427
10494379
840702061
410950357
41117384
166458003
424160659
398366273
450277355
183485739
848559580
477615360
979104260
819941264
893595318
793891735
280567290
288367616
240888703
159009122
886115097
879500707
427875515
458241734
340734985
714964176
321675154
431819401
73660920
570737233
806499733
578962546
260078767
616238675
238894697
361639865
314372804
5954739
65484882
882297903
385286708
681855935
34218091
579114123
146636473
516350513
367023645
902295789
630684881
331567892
212368534
499376949
603147303
832728271
106481768
156951771
680795858
707956514
303702576
906494954
213691477
570247597
928075895
928736204
153903747
156901529
822457651
648405003
186275183
202105194
990876770
67665198
220800496
386310114
906771521
781410364
481943385
628951603
183596501
751236830
409383568
934421491
23797830
761835290
265319010
221184788
532268247
608918977
100051994
972021940
461986606
606055280
683358440
821894223
281128169
487928960
744138309
448988905
738956836
75267734
291098779
136670551
56839810
843511053
63766549
324122507
264775211
568092558
146644330
810205454
686200118
534004706
994865176
345271347
40656641
390170662
225018022
520061406
453656908
976325242
302858713
796278046
700441596
385375181
176239271
949462897
45358054
95907881
514503535
918016295
299918834
862531386
312898276
29220839
901978609
821763603
788531989
956202262
67760649
851875876
776659084
838399645
8595262
831656254
978186570
712875625
902188558
455193846
391776927
521081192
426275481
130548576
197291438
908998075
610718828
231370357
110159069
104864863
249351719
88012740
237674063
768325860
340265572
459165873
96730996
740569627
398047634
78646663
979631944
782882489
658428337
809151255
80560101
793990728
455274774
385778493
449981220
155503074
125516301
600775621
505992140
424617262
650568451
757667848
318598582
879268957
894005656
501988943
73558050
702417765
614317287
681105218
70902733
769607929
265043567
929848602
487403532
428733999
383520717
481400726
937494369
580899687
357702261
596992870
638716005
522800580
974941725
516652574
981111678
498101553
825758682
688369175
962494987
760727479
478761181
320406707
790169379
185354581
414876252
873906915
959330140
21448150
169407786
503348378
462529063
932011659
657555146
541359862
389880458
644483988
206109349
517010273
884969888
712710177
457649652
629315952
993461445
583190827
171030543
578244990
80784678
312233877
588566166
825050024
204087254
723292434
275275722
889216187
580854216
358833757
811597321
730601763
164497940
296464352
624938308
748334645
324248685
840574850
507892009
204485631
536653847
731011599
515935486
320810515
190830848
74738479
94528362
307714805
599059027
671349384
827348348
462166614
992024597
653319887
236051313
175195187
206889909
554662636
926193758
573370365
764814674
487227607
228990024
528749548
539396257
906396765
369467024
601937264
216602485
490363492
963882509
978729662
460463913
218415510
816880804
800115744
726779466
451573178
400696236
400802813
465858049
212125595
340883013
336549746
157010467
893773205
655675860
304143975
786217290
484529294
730310001
211445287
965860879
525911250
543281116
754942256
534806071
841286915
148154931
718428449
374074482
468967064
811670113
74772310
122128038
213619264
187268585
140938040
790693702
330672767
254384186
841964617
84051132
806173548
710979923
411831279
413528379
479666853
658122148
9292043
194095069
281265825
830246253
541027918
962982197
242943239
678327321
703950976
762512652
205756637
966366325
433059622
851112037
508304178
154711334
464578178
711879379
496363371
883358993
979470436
504966676
372348744
649139852
495998333
16818478
146782780
960725649
161061160
392637497
350081097
954450188
659396682
860712386
302893235
136084936
80235038
813636179
563835668
688232827
921741004
358200221
258838783
854738177
560047339
280253625
867822306
78101251
504953701
529593018
906297800
11181591
920625333
647590731
431371554
747959260
160956773
968469949
993716833
197491432
91082663
92721055
403629918
611330564
491855056
467864712
91840937
759713115
655251369
639552360
928848095
852380145
744743178
948399204
23547876
467583695
199763664
247605820
966548030
885335132
37107219
893593411
951219718
431648185
332208212
885854784
171248797
932893194
363633545
50888130
857985205
112505019
477412359
226974047
652869770
146908266
977915873
251647961
104067896
685587396
765458485
877976301
863322300
144297426
369398170
48896123
301089927
939622260
289756975
773954459
704886499
936486501
895265261
209138932
41529120
709420155
749040175
388971113
762571219
435197596
835083173
162784451
858860231
812776670
702167250
983310622
28056179
852721435
89361563
358188203
92109661
22408246
400384993
385794502
43406167
994077429
2463712
221526977
136387752
116216074
841117272
79996572
236552636
111248549
832198117
546413446
781346008
572515005
676552239
553276379
689115913
937394133
205131096
692438708
879576762
783106913
44661758
624333661
94217352
405394180
58745882
833262208
392959450
687824450
733257432
431245400
863695013
536534247
335141524
471611390
503776145
170087630
326206012
850591870
195360307
676896699
842852629
666656129
385852589
537745125
207950936
551117207
141204529
599374348
952921660
968409564
928874850
412344339
23080909
929180572
307852769
786207164
101471114
896363643
731560025
624183884
177325896
488719046
222479510
209258212
42387937
475420169
559964713
237409065
85004078
759787598
987735822
983350134
822165137
103542642
202472356
834068249
183707995
615613426
732181112
152743514
528974178
602072452
889833046
864858653
481746540
678187608
519615920
641602102
757422612
60390343
193860560
582042824
700461196
912482599
889884891
638298941
555367323
568176901
177668230
39222778
767837756
579623616
497906024
933346487
202683205
585824389
191190628
948764979
485605370
793969960
794816190
285547657
354394367
823176597
961473830
198248185
855259187
298918123
137154989
501650348
739559745
408472545
338755131
869528964
163007103
929549688
946588446
865700989
577655232
425340930
209468610
793042317
789727685
45264858
116790000
655395782
626258663
411439965
178415122
952598580
23495310
614348463
528579990
448273981
778199077
128167905
355747762
189541492
797760088
162171136
48535740
133236075
135014953
418893274
756486832
94792952
661539385
616905897
498638494
308795853
172962113
62426452
875449740
768544270
202778958
271235500
393592363
805913156
967621479
104232686
496579990
979351344
240705199
879095541
964095349
881609510
256327353
352128764
624680114
713911328
263794125
476294063
709397481
450715205
823427632
321356434
355115349
593427128
731033358
168530611
646447263
908213768
804510108
68431743
287814948
110179476
770494555
619397957
534578078
481338278
839179892
450664848
239904985
766340789
82689462
881785141
488658632
715774747
451049985
314098917
192020545
200076946
150810859
714806249
25453463
890774319
326685498
948098112
251407316
25834421
418483363
12110255
202879592
664509548
203787748
950280220
204340990
319009102
175171894
401110371
953465080
796978919
172256215
868686453
201935115
273226050
946579456
6772802
994193870
626060159
914172755
262168380
588941705
494336522
156764140
853016027
904619225
974378479
45980951
731699758
872418475
388268011
472161618
160223255
799020315
691691823
66297706
368281702
950297331
750371075
697110707
403099927
312517547
598694567
56296311
32713493
679896270
431599992
511358357
289172487
202927265
451324281
361840582
868778861
712345946
526767957
12722694
531073695
834377563
450435183
60561520
798841448
945115903
45998640
80652564
686449379
969080180
363159029
367839866
773960674
356400570
291006786
727837913
46561842
832288988
760324409
672196466
179436201
338181593
461204721
304537948
594064181
590483084
22673152
648077115
769928472
131114753
353119986
871266139
349446091
955554536
886082577
926397350
243865116
447108781
577333152
115172040
417880101
563164256
320180355
359842749
147870234
496475896
777096952
881294744
880376988
14778498
629880822
514863034
467319410
372461613
772689516
361737744
187631337
561054387
754053190
3612154
142691689
550042945
173628838
921931706
876064406
895377927
328882209
423989714
243030835
937518339
782871066
685005690
972001833
878690416
681250360
594233796
67329970
232508033
613409004
347853274
580443573
901518079
725348448
759064682
76320978
881464814
566280586
35479973
729929274
712984804
222645275
309664771
174188157
176878233
64676056
878174050
892527978
160884063
924129616
1400309
43145061
345525990
491393691
29721000
988516281
404197182
891489522
387834710
88576623
516134267
926405247
446508155
564445416
826376866
229843079
393249508
414225801
889774322
608808232
616019295
784160004
372177614
628455840
844574267
380675593
587086271
619883914
22628037
587305714
763904668
460931923
376182776
646072731
110488068
476265183
688515892
851337284
577985915
577647645
679236645
154409228
740884933
752519242
948342183
257137206
105565650
133073784
936918000
983335585
954764004
877420932
629271751
563082954
367813807
203520394
7239259
768567262
83905831
455423969
507480688
242197015
133675176
919899949
809776660
78504189
435205240
618942375
343230969
428652079
85466533
278192117
39375476
416320129
242947006
737305279
197350856
364512477
984296992
774885525
513753520
913018937
54899126
399083112
708764909
682208997
387438725
34375583
806346974
191472122
98732273
707217830
585353053
167496519
93006787
819864608
53488267
322909383
177977695
52282170
5334206
800976650
514076312
840604199
785935153
67113246
783216207
192480606
488148048
438709921
413059483
795838278
704399744
88244160
379777862
650554252
9992929
6030481
413919119
412120821
454089090
349771889
374261154
137215233
217516512
25810537
677075262
225912986
888705890
644250154
174508611
980227451
322679137
512185780
771447654
359359101
691258031
780963754
880633372
727836576
971836883
126477133
965673478
644186308
478647544
773003866
695855479
481155621
528946016
648868344
922361802
513992341
302610240
155083196
605893809
286052526
833062320
505774049
126542158
571226795
101075705
299763277
578984583
164230639
139579973
311256125
691672436
727381474
366862739
242604611
71338729
105702148
252574065
303521639
31148951
469141104
222838666
264431151
13138369
552449930
225749481
902349229
689677908
879415596
49319398
350446592
654548194
43332605
587475712
414963806
259276738
983512332
214935805
656773012
498331404
480166818
496447321
535559372
385293755
230459619
936231845
839738398
661928938
312316893
882640904
532395383
570792729
438663084
64196424
452173305
644762601
308100545
924299016
504194979
812992892
95215177
5827713
916221370
67919574
389822872
946383083
456100238
836986714
619859176
655332824
755109990
989026012
340047952
40932134
4696138
59546276
263170599
944907931
749745110
747887204
823179352
664426650
261025965
100490963
549560093
33366598
926393234
126931221
9202669
716707981
759711824
105935924
809891517
29653895
601891474
375104320
429989555
763871054
970630036
598459181
110016536
326441536
443916900
963495739
376090929
452009918
171230963
520250384
396421399
978425588
578554668
364350650
42122212
520744528
711467294
862864231
387222944
362977602
340390599
367523658
418015895
599323793
550814675
711980209
795561677
20125186
597878916
885594143
62948300
932051105
472397818
443105922
39100745
686316758
720690875
402865843
173797810
683237301
388736618
676468090
292472143
399691447
544052362
169925355
200485253
271829855
588691491
592038467
864829661
844816998
470171073
171479908
541070273
716537141
126749174
234845456
284064029
938882132
735847948
54302133
586157701
413733821
256093452
370408893
877658604
225823740
917500154
728150547
821678548
528332976
667854471
355149295
723261024
712607360
189754281
106421415
595646953
27016266
237417992
220941233
652806494
319980702
401212119
421140230
859590550
630996789
298538913
205262909
905900493
923086315
981433122
590946947
144916252
322139251
848944916
579620080
915471702
467857660
514314409
114299117
133768407
762413327
768859740
860213435
27034453
486062611
537497825
312976374
438593123
374609232
333413055
253259248
268018054
958040134
86875907
305087184
722333273
913860909
470069247
421685367
718381362
859848382
157326592
646140134
626118228
969555562
825277030
980202109
366016313
959258543
149173774
799163321
270777546
166914069
551971940
42707015
461430969
38886409
3755056
606040270
13763889
155712339
16270927
87850733
840486654
702214417
192179016
478744458
625767191
283462140
863435596
718123112
727262642
737682869
319035758
960122524
87514674
793382357
281846879
499563581
974860704
354788643
806377255
987525056
785182093
836484071
897081115
419675205
633012281
590324391
149789698
658384376
747763064
117377844
207245636
859845005
444060640
859166135
911024023
717514920
887487132
640604360
926155909
467718474
21506846
994381993
807832527
516039901
632116691
248845814
373309808
276117851
670163461
97149266
160582490
933711877
761124685
874518553
527183178
711373407
488293406
550693527
264230837
74004724
681678944
953419889
122528757
420227528
405414411
876983411
32201983
394504143
565880824
889475628
169249742
333069583
973312559
367544115
26587626
448634298
178632897
819110993
547674695
768106741
229835645
379657301
959919114
227788966
913280931
68312517
395833405
438094446
298360767
86370143
709679455
988752032
698077307
613118041
126583354
385695619
179447634
897232815
786934652
493791690
758744664
173015752
607222267
674056627
67343115
457300819
495594255
577796968
279043842
456664960
305040577
57818260
422010734
104824744
8348754
703163293
560271634
103632781
272392792
393697638
572742679
298657544
458674254
380993903
922556872
98165009
949140499
339476438
892461553
6828464
861409680
506892338
345797747
50328901
229207293
772600069
102069082
765383658
206545328
898597626
967626257
925053291
778226762
193482690
974298580
75056694
724113688
680408343
131417643
991110282
336466547
150232730
976173740
594300397
486316405
451615466
5079298
136597197
431157201
877163206
48949084
371317353
941055260
866364822
800235907
106515058
962992638
430779659
476369920
953089669
665816973
740147224
410893790
294574506
71023206
952458816
600046338
384151020
18940525
232534142
858182588
31216479
825421662
389593332
441923559
276513810
266218401
106791106
255204656
533967187
67298943
676268825
24808851
997168913
246320887
53479285
984010248
732337303
829893951
768716894
908414899
415462170
23708681
527803221
187517802
736349060
940433868
534119134
579295810
546475100
949128048
764093144
229850384
243878372
960693403
361150525
428404485
264995199
120136171
233449676
461633185
876872119
848918018
237244704
669971175
407992837
180758112
876540885
120400741
796843388
621416795
764501486
69529963
665698480
680217953
946965108
518547133
947419401
874334048
819337990
774379502
439221631
648526807
961340213
191181022
116187752
139466789
287652356
894289622
764827767
686445568
544380305
7087812
357593521
318743467
338086693
494618668
634880918
883037157
965660792
692102214
124526830
425254530
336872007
430209094
699112846
373499079
979443019
659680181
968480621
171108348
792769998
800278175
518824825
528830529
670436785
104988266
119635889
265978040
290047247
518444925
526720555
53114358
890456635
970786051
226009771
986233770
424534298
52636732
352479277
136986974
669258445
919174116
928863609
320842835
74521840
697874298
945826484
621679635
353250066
886714324
113324162
493705740
524691382
456994167
641346411
43744229
265185280
927732764
516417306
25925679
916719214
10689664
545777455
228053226
901431325
2502575
294189072
632142144
947040821
354478264
328094633
820913680
474870875
263311133
775051073
238881300
309841588
608725681
1512529
925315402
276012733
807650303
423657863
11259924
479640260
262125282
808933884
787645179
252333618
666459057
747985054
163154264
815556424
902632426
924528679
586089111
445507247
603918888
130367528
134482700
297706395
242441740
820338306
978210645
160443850
486498540
45283626
741011629
417224013
577526617
793242588
8276842
665145688
58769603
81174685
8665558
693891316
876172768
748642179
605308691
544489694
681859205
122303770
301588908
275893660
4171501
602640615
140520413
507106186
447959933
980971332
920068760
130047945
685900846
965160842
935009316
438281905
56590886
927555973
83057763
720403275
844081805
147703116
147502844
357094443
531676595
302136749
305055045
421552057
54329105
126609981
959242222
174088037
752093451
276194694
150589398
125740169
563094289
112100339
503595855
311855611
929432229
993903770
170633555
453148798
243831613
947324146
840270341
733368440
727697745
746577375
162927679
446468185
188496487
856974555
366093823
845518412
359498199
811345631
321808104
9361167
502455480
601205408
508797620
31238466
983268681
509911209
849070501
26656964
803364444
138242120
701155149
203377807
621556300
239765422
556001597
618771073
376132257
713221284
952895253
472497583
217231807
915943442
414707059
861440260
947643251
779694320
581522809
726035587
654932925
73673274
465483217
177498994
807549656
900709990
401096943
866861141
510263165
741042909
813691083
518930830
483977088
122944159
307525012
536267509
19157783
161923509
888645117
210079680
314204306
645299821
439698413
393737001
274063904
599001114
761504303
683293994
58894945
519136451
286181440
678609664
420186423
796785148
763256598
356743645
480439939
247944092
442315719
3598495
691420940
130396091
711472090
989279122
532738973
515888475
12505913
87337370
41251346
414514746
255214136
373785072
283573940
975728140
916255415
250918202
269729436
875356112
860729684
378317228
598651328
757508735
386487057
494537474
365364071
974064757
731912342
260975678
136250813
456403794
675349743
421212218
843044957
199654291
696957349
354523739
348796216
853050881
218366859
129520557
798051272
871094487
213944476
737943803
993246900
486658940
249367299
840559424
419811292
199952360
107324665
12618338
843769075
580816278
89844772
754820970
258404790
636762715
484737619
504584616
923790412
92044540
918194189
718880942
322520782
601688802
314222204
259065365
206805184
403855404
389490331
365177016
451527595
353299027
226417844
200396211
513418669
282441612
511692600
877939739
638380238
805588424
807445068
62664686
870595112
404914679
801873849
690469915
193066852
498041013
143015044
258658076
754855893
377164307
809977419
536998938
458820094
435519527
27529800
972036249
654723841
103104933
91609571
311947797
689308088
475554208
331107078
86218072
135232168
764234334
35970544
976735305
581842289
659055828
245242013
376185245
442643706
948954503
497469210
693898774
534510522
684969173
131820075
1215882
720368511
367908236
166541225
449917219
382637533
557392213
632598958
597463629
125603612
956474872
507288181
938108533
158479770
990293557
432300646
812891677
913187127
935447776
92715232
977491392
388763600
461409750
735657782
404695297
193999176
794993176
665265701
455768360
162022572
810895957
958283178
738139005
986219200
210520233
297288203
276045867
244010846
164151300
545731022
983204453
355638210
417424654
269529522
358499333
601638423
601233640
328484227
676144377
611976051
630736296
770940089
481091486
735318176
84997617
220358003
217232554
637489617
13438591
579487488
283725487
483678354
825129573
80743676
659596371
618180627
30088075
924544291
589994376
835285200
190781005
580613727
739982281
562972582
124393844
269304131
247544830
169715324
939331687
741668431
233767120
115550489
854323903
58287440
278622071
88963278
233207516
927054111
470079690
189943208
255188666
948267351
643207103
897291401
581112535
373633075
871741784
921860603
23171212
688605084
30950135
406870274
584878838
258386879
32849892
868095108
659810369
428812315
751182644
146196059
571839848
704298751
485990810
848519389
361221267
367486110
944980048
963041391
204584098
598129723
600752732
885843696
13563701
599302611
612678707
253512813
702195680
245934434
379878852
387257016
2094483
98575967
841395582
244373864
797833389
328875292
189770166
875872998
446490309
692524434
210304822
362366051
715921096
817398871
996249884
652662127
765799569
644884753
272441249
594260727
40738309
570608236
175265066
308107155
847433016
762705253
401955323
523236146
677848656
823853057
236260471
292299586
854125031
718923940
709224021
556482936
366218504
399558932
825295482
667282875
366561220
992871393
162629693
776664243
212836766
526395973
972486176
700296129
185794254
710504985
871186202
929371471
670624287
711111721
269445947
536846636
756780270
789099097
573556248
878332058
824345342
61741116
464329388
578511607
81739720
691180044
19519714
83430559
441969038
741968599
762682172
159567662
699971979
315017203
223015238
355193594
337106706
407761214
445382961
739702777
855153087
396916219
344268738
123680176
907383998
751397312
166878990
81952217
796325841
475300889
290425049
536652841
223175905
677501550
203851985
736325596
590629245
557072662
797461087
327008953
478911450
938755353
449316880
856256481
557254525
657721035
99736852
320449369
948082449
467000963
744164079
619628569
763987984
58255727
257447315
784216628
347734403
505468058
171975931
745077325
306668108
15483511
787796253
143469608
554741539
758456492
49542408
164385273
336509015
635598826
802069597
458259982
621689968
803376090
22818298
401739942
857451098
121566407
381464233
952407101
567289407
341818396
124305958
884280586
888953485
585382825
339923970
305685315
326114311
227667531
82725330
608906639
226848471
715476750
949723911
535413608
839486874
115128567
300023059
411249767
478346835
705335564
451082385
320910163
898026299
893565550
69619088
275561111
969830871
648805904
11569150
257660146
584645647
622666386
314000525
757775004
702263763
280869318
278931887
579561717
898109016
905564808
476154523
360993663
132447895
131286654
460217309
886689710
57061077
699032850
644383765
66349659
215798054
910220164
932911218
576033369
306143077
297589969
798810741
901351538
831020976
850379298
406171670
739048513
415362724
815035968
280358142
492948229
725158887
325773533
94766821
437361822
10081828
848497458
263607694
767180198
753882338
534381578
887764730
10061715
177780616
354672228
991426349
428246922
521518359
607386840
847765636
706561555
149434655
432640436
307498688
334960278
679436598
562372096
909286246
208203762
325411561
777392528
333410567
319899619
123992512
277416702
381123203
288126022
950421306
491219606
966419773
81389145
476500008
682998115
39624833
858381184
3930444
837843262
252648209
259854430
688256848
119149303
573652585
313754196
806999800
539071926
275659131
314493070
70244620
456086658
245704945
638063631
349846446
611189384
46510990
701197441
788384234
533911285
391908112
141307819
513047262
993117849
661443529
259400141
883713392
971543332
227135430
95739734
964247999
143427332
147907043
949869407
522505221
945251488
546353710
706622552
706778001
869344646
135058786
441926858
129390688
520480679
822826625
426506191
249357373
54970601
940350306
810434505
203011805
42513407
260876783
479351204
397743577
763495678
93873728
426597571
678867848
104653019
911170396
760928608
752875262
729494713
274004916
713192117
105491847
598550586
780500258
793932418
722474799
909663291
630146225
709123282
806915678
966890841
481431276
162227985
25444458
761914654
921924667
160172982
130246314
569623714
283863668
124275635
693486634
434546434
892646830
726857814
631120130
705251611
104525765
342973938
298799243
187776341
674715315
146694444
27321095
619730465
318195699
740345383
128523767
314095250
153005203
665893070
46330835
849004355
906751291
847236280
170923915
564391380
464432639
467328777
760490729
883053164
489306291
767208774
191561205
224832520
485111476
454213132
393894791
825193556
690747071
667593794
385929690
45573197
817032459
550629757
640085709
434758357
103471935
703946537
683614312
521765235
360864260
753386407
629590263
8139740
401596946
666657379
458310469
419088485
344372080
675447739
155430429
657113729
679058532
575037530
834279911
55651576
343557746
974437698
26539980
297995077
149750821
473121153
921560634
642379297
992001876
743324154
228579995
837020420
732710602
965909691
71813600
527507041
648101994
313311398
830586377
839144043
627542215
851469730
797756496
835513366
719238883
14438679
961477723
694366727
257585005
879344698
609606847
806027976
684194774
700375470
73781741
847680931
605301963
833241705
289660738
943041004
757868834
215410710
268469386
108785813
827951353
451576533
622839517
936712802
527309379
607770383
502790048
98602438
495778038
894129996
13285179
224761886
204103225
984188853
116977416
36882788
96828640
752387978
120390470
535254629
803511119
610929061
589681708
191638842
76799836
606382686
477075068
980603964
631386937
707051920
852087933
895403942
227356763
610419787
747494676
558796971
944169286
684686311
228954293
489738760
854473351
314700420
181696223
445139432
285556805
122426835
716060560
774725472
37695110
299080452
747631391
356682746
473098869
15767794
315861005
476187909
879393405
864036621
919991280
967744027
750950594
904117452
345775515
954670288
530506622
797464929
123903229
90935003
394876235
148750659
155409173
504898578
14820647
221001144
26602242
322521476
529306195
912910260
510491741
782178185
197990286
863134851
462110058
473340596
855890315
578852717
514710697
921610148
780877645
40710592
676447552
121025559
539357731
579108864
439841665
444892729
559528157
121351325
436360520
234564962
961230344
968460217
3862225
95974912
460580124
10200102
497794576
608339207
186840284
58809578
551913557
904624563
756532107
567625408
913059918
185749472
326807857
625462282
350412139
624079212
745186899
450731751
212628467
615724803
997907573
476077237
881350948
14459302
842898422
947839859
252768841
437116505
186929469
151271812
748203168
11779198
972892779
544995591
105545947
639496293
870758443
887398796
256884070
401327561
772148054
284151609
445727141
234062771
363304665
517928345
242444999
579905208
144433379
668257736
836742422
395612266
248588814
319867709
678005040
420533986
114567897
303219019
754732638
590957723
163520867
937728130
851277540
814589939
494287773
91800816
661543397
287472852
551735360
139095971
872778641
950728314
203552538
487290328
707723307
657165699
892999844
655876234
457079185
985792174
215210874
199321536
232038854
832775813
29646511
167044915
833400555
221231856
711536050
248114649
207394428
500412273
150498464
929659645
223676918
375817638
219494707
608524716
660619687
661038618
16438875
946709599
11159016
327431196
500124181
125463794
529424187
350086111
619198656
820998282
611587635
483251770
564271667
828069972
885810398
893044292
557054150
469737930
245487320
764431785
248381540
652093722
638569529
63696668
311926695
620269247
494859368
657968492
976697310
170488105
281839841
724207644
760359577
160139765
475270141
684952768
293085569
391171268
110865386
397819802
978666404
96169448
422643196
581484931
388690241
980403625
511141250
110438921
721844958
375796528
354851352
24610735
245077498
427408985
900172749
930768616
572384268
252028417
147828515
196973057
86069106
219084561
665482221
647500013
363064766
652929688
332448663
441007005
69346272
563531588
854418549
312348942
878000176
555297325
824843453
111654912
841018231
319654886
961216839
714782986
305355327
301203798
441782777
505793484
710395569
196400954
941907357
738030652
938845827
642062018
985295701
307677904
180658660
33905554
461354663
256805045
298748223
629585106
684413813
355178821
265171711
526691747
951595066
819170514
174132535
875360873
454908397
470727061
958654779
433373795
585239114
949246132
268477455
930790624
91242723
656380969
367499629
57068006
359763755
855743721
630678293
727135305
834122245
234612
357967631
472112901
606440669
203981794
244027147
130444714
939533484
993022416
531863691
151647007
12859786
465840077
240464611
173214810
234321278
224541208
777686358
56819790
87076057
187599468
490086817
716818286
504636589
124711419
307073283
165905253
243473288
266877642
502069230
715626629
419257045
361208879
992107312
232965661
958569621
533026891
496145047
115939001
279728822
622928381
961084618
277045072
712304304
200383349
261807933
588201693
333936317
343188739
221612582
987235471
464500882
752480214
97194516
574477646
57964995
593911012
352868820
325986585
474898293
916610636
39787430
629270085
486174328
625969739
900835184
125145085
91012158
170240312
855833112
494295492
290770960
785251007
2806280
118461447
857463563
520506987
461171251
479264839
959520863
427778191
467984983
430883095
618030700
90473472
376372249
909643127
556586635
870752373
435646490
494445863
776311059
232516306
524202345
17035913
689625366
198304098
619067870
71726802
680178127
789305916
400917034
724394382
706598735
923498188
987681837
62727497
710366346
377046606
401668264
215015611
745382570
749201489
523800489
386777923
724063306
85442456
426335623
964320737
342207502
210911133
548380340
322415525
299814925
542667117
65645589
827018846
311595034
726839832
955688103
243470659
185778332
967547943
860293113
404593268
196641886
718736097
596989026
260252020
33161319
800633312
659585819
478071563
63608392
791849443
838309644
320336705
103235535
700049037
692561716
962362174
843706879
465600946
84649546
552977562
120790656
914460991
767772030
391621952
806919317
693049885
137972378
177102917
629756609
660297077
569752773
327191969
9120375
139582899
996632983
386878338
327103003
595598517
667662361
333053558
383911460
263642956
606935476
169543562
230774928
111538863
242917796
160925069
287042084
440440169
818121345
946039306
704786789
193947599
965809671
731501839
971889164
809339623
618016623
571770883
30968338
663415945
495074210
855420890
188217443
76412445
165521039
826151855
308226124
327217010
506222339
198833003
460232594
102331839
85495007
894089649
424713428
719112652
1275375
895011413
563551725
1736006
844771867
267389396
42562444
239632098
992392077
607922943
13824926
294024994
277155218
524993758
731322304
493787108
481096316
959431433
874540121
361709579
164912812
108160096
487302647
822521793
615660387
6095298
721668039
979013687
361293200
678223410
971661182
868721263
207150782
234986467
922478892
556358490
442282466
846229792
332858419
462591067
125794455
149120806
217404452
984723953
176052376
386429786
627359443
708057708
275553864
291130138
892899433
705458376
46870057
419680122
800891995
686325429
937665971
664863611
688189249
902294402
510417315
116953679
42266739
856175292
50054341
248698785
365015008
978392652
149117683
262029825
462540605
869315169
953583633
324484976
536061619
260167588
790052527
916973858
305605850
678191269
305187877
178799825
669183965
110620780
156424977
718507816
732395031
559513132
258643204
331294808
339147063
447389204
530934886
356395269
763883438
178217750
293736281
509772869
445143559
519521744
509504657
91091193
172607105
527631284
508979417
659522019
674137480
308230203
659631173
683117469
573421452
738956421
712039169
361056290
740340725
456437710
226457805
484946753
20608641
644502268
438996955
755540517
709574819
299181656
267913133
435375528
856766118
741791635
83337524
579731165
607073682
185299545
678036755
395313807
444669359
4036541
383773864
558398987
767284164
799405032
987871023
331399339
34797785
836402988
902519780
473540220
66305490
777854980
608042720
787867371
85535036
31488033
252420268
88600821
954483692
466413162
193136710
129139550
213719931
466267584
803231447
253067404
417542701
871258264
801495523
816293649
435162155
697291225
840127049
471952466
562561965
113283346
253747440
632255325
877011040
14875028
157659034
64099241
984691796
677509931
398204311
596932570
978252219
758255865
164732409
819137497
293946207
714588474
876374928
494802704
410300563
556155
781817249
2558527
664260583
542093527
102379790
468784661
307375065
94298146
154331685
651534262
971560753
601571334
487696261
178512796
481381085
455363539
679732402
150905577
330448127
123602716
597894538
544705662
991679716
545393880
961799087
608633468
225710685
773260416
296035100
345129245
502615156
921638462
662902520
208604562
870513349
770243705
348941038
593767528
281919805
121178684
420982824
325233380
733520562
143639240
269205217
766297158
384005358
974116014
59272825
578211269
405420808
159069724
122939734
282592328
341042662
133866768
680287505
358443838
782941272
706513198
547895862
58575646
16739119
307319917
112594300
216434799
836404190
727263090
175599018
606718675
78726063
458864573
207379952
626666016
861044888
719139020
411140950
216693278
92764254
302185673
273318801
898224102
803302810
615044931
859986890
947431955
160314906
709720014
961708211
802747527
364880213
359133089
868995708
620656368
442309099
767902746
139476418
738996088
878417156
891093580
600354572
474295138
627162769
203104682
727674262
241607765
913705773
502692966
311943962
307162696
604371601
448750744
629765449
500450920
204792377
397113266
610187968
963984066
972979811
700245205
898897699
500894330
558548383
102861550
974890813
70078552
831085171
523403570
578460889
561144231
440924238
96246145
739522874
642090321
75455463
207262508
567821173
771412792
482261689
397506554
657304174
628705651
781617260
305228636
646709774
140686909
812778580
855301043
391659255
842998282
769258517
286440078
54012366
661298055
566991019
198184396
373520034
914318314
622942876
205123862
993214542
401518181
775032795
993939266
793801403
502600959
776986145
933937514
499845300
279340070
269162308
199682195
187340632
192422939
642734376
723538258
703030812
736271582
92674575
846362332
265895763
447106067
31813658
611135661
291626868
655778226
544136856
372102541
756580393
535226003
383800113
497869083
232429808
589115949
727403892
848066974
303171141
198109127
394422378
56873459
250415197
10381397
869872127
52514497
796414838
930473822
866731579
91930567
422352880
271917437
624254306
40044686
466995255
535937427
147714708
317270800
33550251
771123141
342572708
250266951
697759633
119659412
650133869
988416400
519537717
53328611
434116433
551983258
97286592
362396736
342941455
856750419
35439000
551730392
5664936
818849897
73324360
361036547
464273420
817659034
648637870
511025969
31064650
36793236
299397125
804467715
343074511
983231114
890050626
573086547
372627655
71960376
37551405
834538654
87210581
163589215
310756958
845758737
270030038
414753412
394979868
659266243
691214211
342290322
903018508
765078211
277965034
931012636
481611581
676809948
560129071
164159676
925198050
328927500
192327070
452723690
319458299
338086348
884613416
136481540
592682239
911284362
409364272
901823024
555586139
873521939
731138279
846100369
933450014
112071243
402874600
753983419
88516151
733004709
744973941
628505687
716181394
861308955
35354453
979590203
451746115
604454256
809573316
75677540
724006353
579030267
152176514
839030299
299876523
136040391
701601960
771390125
316967369
757383364
281930747
679473017
240644850
982907917
635406655
83940636
327996697
430028982
404329744
717046258
435608360
724509218
132657452
247429662
970068974
201280746
711707521
420317339
862963221
168656727
990143126
171672558
601825275
727271833
358210489
383772355
444712688
559540596
470064154
667833950
81924449
125082912
592044865
481555988
468413616
372352918
984106880
913680875
16073415
808227778
198006883
526727242
764110719
320865606
381049485
358065152
640868866
156670295
278353753
848509688
569628375
235428385
952927359
56263201
916212472
362013009
752880961
190101736
357875864
377871980
338181041
291744963
100770520
131398570
398771063
805543626
653592857
343836827
986978498
509659667
289749932
199323633
234976799
361403116
911184316
569283386
987799561
907057547
657306936
251188227
40165112
360496479
56400173
742558522
262667135
386498916
343923168
353785097
575282086
385603781
85212427
101101281
770405170
329879246
669611539
861992488
733791043
151359887
641822249
906160919
611150585
180511373
762137068
485825686
599185714
810067020
463389949
384598486
902989751
140709099
583713507
217141805
308677372
334494594
754608254
361392666
206988996
291879134
578192115
660716615
726981192
872352877
476406853
806396900
859801045
263928807
552906070
957101502
527456418
817837240
557095613
8222029
234570143
555351119
168996641
714650000
973265308
520350777
891490847
712034692
967422209
692171515
868750577
273442554
343391854
315220728
464564472
76197540
360229568
222776342
963301884
737466393
651368869
37998560
341388869
806941958
259130434
633686944
859534124
798781260
818846477
456722449
812775171
797141192
976269478
40471694
824062397
862581
786111321
212669759
604504993
533913209
291212291
501183083
737171891
551543610
147105919
894937107
964802027
453675937
173480170
501265066
180773433
753352492
892729036
217726830
202900656
672198528
442208075
779182611
645519123
394186191
976131713
82423025
632135610
498392113
819381347
380771221
272378236
457973288
791435183
720949560
876970242
298792125
482822620
115007232
258063191
908954612
703210439
625902875
58150583
456723150
624711912
917332219
569577982
279295795
248798236
594766032
763676460
912018856
450351239
922940443
805620086
882653992
288052627
234512956
908717640
812650375
932646189
287430291
529686344
524851321
676156345
820785806
43255875
825095534
249202709
446156557
52902111
214787693
994557914
126619205
767357767
598339105
710448460
410170739
721231871
624333717
955655683
924200584
695976816
806061294
490514948
858444208
706969987
643471954
335458837
725638824
739773517
18297404
694959663
305432147
758550522
921860483
703612161
841058857
971942480
939379164
957107716
37347820
582700822
300913125
128953568
599166833
359795604
385154894
469217619
570200992
467036190
445195079
960460927
248176190
923564202
205690873
449412907
454553321
219878795
55485691
358106874
246877196
483835989
905846846
92688593
794195916
642095518
499770754
179575274
271627454
663481353
246857738
40788940
441517258
142027833
673487504
49059210
967889373
671977181
291363652
75217842
541967230
396661383
329093486
871273022
979896596
946835459
837608030
804155044
136900828
765214
2021761
218187646
744708471
195058083
542515846
685487407
991048340
864988842
412929440
624404602
560027588
843972877
840844161
207584013
674621384
676347726
233556541
571163961
190937151
325559740
53320625
689350629
172283487
386388937
531798138
890190085
575867304
895984541
962367592
841542845
111065560
561124286
217577210
347870438
249118985
997616882
696555079
135825626
621006472
564130933
298432405
371669250
778332027
52611395
42857977
315551319
327216845
905728108
198923278
95909133
974021632
258188320
113068805
744810176
497979558
846949591
254394328
245803984
755695985
959769870
801578548
398359619
438988569
597714337
166097092
918293807
10579931
630693678
306100207
531498370
698658012
611763042
111514048
489296365
979755566
61232829
476148662
687545585
917022422
446016811
780211829
395060671
89018935
639132815
187080918
824616698
76009327
700429329
806995710
551806643
485060917
296502551
385484823
248048176
181901881
27775682
432333746
485237009
413812649
341199820
562308784
235041013
31539107
703635574
848122480
570331808
122053718
704352967
193039816
244343239
565526393
875315030
655107751
797092022
759159516
58025994
121742066
982141667
849500739
893723405
68010994
152744554
900081101
903110888
452970640
882851429
633123609
969503553
85376403
161227317
50535187
151951331
631384043
790295733
605724996
736327575
63385248
651783782
735377941
922938353
26036874
459284169
463903322
285799614
541719574
391687280
379542056
40170038
399318490
827560495
630769356
87850397
577249771
32964448
678557752
391498323
758029035
645711737
590585219
984066848
894287178
27474515
211852710
432235151
639953640
622636817
274884758
374843776
916989250
890075703
143183852
452051317
76181476
465209387
829961222
316230296
246673403
378040743
866165695
231111373
983466530
942024069
779662566
215181255
538656359
238038734
539154322
614363869
73392805
362237341
660964588
728060665
383104885
180219264
134213273
602684645
40174012
158833357
730563186
855550910
211208060
785539489
806422744
468892781
296882186
842928365
47950225
585810221
770997248
632797149
889566505
638227785
668080276
914423168
776938415
106618488
773599927
170144320
47089470
810867169
273935226
165615833
893178700
836617475
380573652
495970534
945667014
420004067
257222976
144620224
83884718
307239735
822138482
435887381
536274538
225578559
124905180
803949796
144749516
611182587
293280527
174913487
337857522
969261722
892385876
5455768
884320977
524862398
906327813
569138606
444316775
527263702
659540082
483242002
954498383
774137912
656809107
216309922
56843760
173305490
39729274
494703522
78741915
274598892
388159963
371865433
976668770
248772323
699374457
111178692
274219680
804754595
994877584
704599355
883652856
238802859
141285829
370866004
336400808
774086969
836370323
99804309
92867506
83612211
482858349
545477678
419256526
699360251
592534471
673543620
271658113
620483680
260454553
563256301
323234109
821502758
978035604
129901350
675445388
599559469
513784397
626297712
520818539
291630802
222991413
31483725
223881323
900131580
691754900
145512055
556491894
480908965
327564947
965465564
48787184
971535536
155710144
722429063
191015451
896892378
835205273
8263042
50805191
983576025
815117200
527886005
934999087
596536130
708701995
141951536
975646669
321607326
67901965
452391550
558341419
344608763
944910637
234630167
840128116
253111814
489810535
822339870
505941005
497086353
569744001
728101024
628014844
920631851
165706202
184110336
844954613
223332214
332156192
100233707
733254574
453279018
163835130
680052889
509391599
2096232
713010897
56183363
352229713
182088741
754477507
20591347
746860751
7908192
487165559
804056852
852813544
602695397
689643715
70022411
114990931
238213558
120782551
535584657
948705731
47983493
158991991
804678775
982732202
73325548
161169275
167269013
362857689
462178408
568250892
222721783
560610919
36454235
471854223
231421329
305251386
633218166
677359089
258249511
217099231
660642937
143639442
809424595
412707172
691054209
256189808
635128328
163018621
33744442
857747720
89785193
798232438
918184543
913933324
149714026
780017936
218953349
602849444
716624666
942495679
562161061
617238169
437934202
355995699
190583235
385961623
603679915
438593324
385002629
184760624
173121499
26813506
708113540
766262368
691757035
992167113
44773432
110960328
885249036
908916124
246141257
41347633
168376143
99209163
73848706
212915224
703464329
7123048
614870588
509285639
276949856
403162320
583587145
458406603
975759037
637487248
648482078
969042510
253851371
856578845
568489844
410676451
2232851
862144740
114551014
142502270
821072352
556332118
847996876
307571454
817817429
881784746
198918850
941770990
386538569
735326303
855317011
284314124
21088222
245915733
450820213
99171198
169793301
573560018
223924095
614496176
13691441
952768932
112525917
313973991
579400432
138177779
100607646
922638764
778010685
901955831
803428486
293976049
3007803
644344944
878898261
577742967
975117385
754481046
294450132
265980690
857029919
639097122
44642766
539116274
186574434
485711608
585283089
596674637
531211715
87228370
147500050
362477897
318549682
142479802
98905296
103099633
842259109
687602679
257073335
570065555
80427726
707436188
503844560
468933128
367235645
636359646
313499504
751725246
733078940
419428118
489353780
220092257
917982830
15505374
484449841
636296439
859915349
274483820
205607958
885851766
709383226
968729169
947032417
648841611
746694352
684359279
550511851
381186639
72940335
171381389
283482127
522307148
405488345
642083762
327738826
801564299
642519716
327474405
160315863
955361187
705747630
482069761
807386605
917249097
504835229
977039220
470696052
824741822
686567125
937714919
420121795
728911841
215947003
635927413
237082199
390052721
981763283
872704121
213861930
344308774
518474479
743307138
383824116
707180972
605917990
452820426
845965012
384482574
241023517
308121631
436733903
610764272
576465899
413160126
289404318
626600049
541564545
541273293
153590731
911579868
717237404
683173894
626504019
968914549
50238871
98251602
693712365
359180928
927101939
977172134
519965351
502586959
397621272
308178828
258682817
297800360
733090599
512079445
687527552
892620183
728355289
442857961
237274450
185910747
782187660
319918519
652338328
599781447
177719262
170939362
187219448
826576702
431647485
471658117
180077170
697480279
953803088
68705372
136803351
110333960
131887906
58046134
476931588
446462782
369004324
207143522
653389585
641471357
211150170
987482179
781738787
534513882
67073586
618737736
89849455
729414878
180641009
17347004
593227593
984070013
219673425
478701598
546205498
474030994
15389701
492670951
893141714
652123692
236018400
748276820
852210845
259827558
10241617
105280625
317141684
139934362
379912545
278266489
277627165
424140218
165338042
816092675
740105801
420318836
963767778
162211697
592855225
397486778
535644533
7563488
716750078
854276433
636786667
425036964
71105616
475108048
661395102
664230677
597964543
891017608
541190366
290273011
830701181
52055722
576725370
758747923
33464221
904529830
812397672
446149015
289437695
534493362
328125209
868960207
19907066
869752356
242726147
868539303
565659643
456463598
645189412
923551714
552161039
404037083
714786677
596583522
658719183
415763180
848907394
17345917
796681622
817461404
153033639
703942808
725229587
583078845
294443426
43721568
603047661
858704194
82649312
393405484
460376916
630857661
304736661
903506144
977525875
337515497
671445338
365222482
190584147
983835202
787097345
743957168
110763054
365639575
165616458
51173848
908044820
913420096
462544314
154493898
4638104
41328080
479565788
121235252
464910361
651092394
526077081
944251465
192966109
1212727
380901774
704257248
357694909
254266044
990394497
864573337
119686028
699825302
121413673
386690139
181697382
180411323
284788514
122641434
720445986
887678168
85797099
432884035
292769499
290918389
737253975
605965749
824267867
375370528
398799099
902308091
705357087
541890031
786410220
805066720
636473978
632708690
523785920
688214275
912058871
840977078
108174413
858583301
513158031
638472292
459806133
848829510
551077688
53364850
489235169
204255813
395978405
326907434
572023514
924507987
245101798
510871480
365362360
662240701
598295190
331155759
132148320
679083185
868631466
876498423
578525970
264705047
409971028
491855569
96319996
434820917
523359492
566409871
326401176
934822725
989616315
93160383
454093457
550244074
807469420
739246035
596472275
562894683
157289442
865548548
615541157
338631599
519560579
312274255
108892832
900288839
377202829
352356686
956033789
372750627
533052070
499957680
226097372
27888927
639175468
710356669
840331588
576225780
940019007
316869015
103685101
189745639
255892240
884393695
185308857
729632064
298387983
66018926
825754221
421730067
782702780
680470381
386753570
366568679
982901697
153775104
559342338
515912012
381444772
636385563
625712034
951488672
152988242
217198477
543548457
781224939
960010931
29476778
345846578
786507091
637206662
561589482
655457602
321836929
613582167
841002418
377111146
443832650
820298002
440730456
532338446
809265810
7666675
600947020
491787052
802182997
772836714
157636973
851387737
106611956
4361058
863699868
285400961
800303479
545885103
969101693
934642007
191188856
184278729
157704083
843766542
216676842
662876841
745150204
977312664
334974878
48127663
248039934
73331637
876346228
88778434
969590718
324132788
311249362
277386733
585278215
553904288
709501480
859928623
780468038
615925186
180198984
539911580
592279834
19441112
525870389
305806714
86371748
672938714
441853942
891586163
661725047
122430251
79740311
557698123
273463604
469612659
375384676
219450676
955197451
857339961
478908838
360868961
765519628
613824923
333977791
180414701
930557155
179168766
275052344
911908687
97743515
535339712
79254919
83765032
160170862
521518610
993090268
241413304
162078018
350530363
19889487
182715637
71430195
359368898
67010593
372828187
679575758
741418782
204295817
544698491
950345981
223208612
816955854
72497118
990048557
848796822
599189319
65229105
26126848
826082464
578739607
901063496
864531902
492440306
67629023
910807700
490597529
36074854
208969303
300812968
26098504
883556148
57177787
820613752
572511350
363731792
587343714
822728398
135605779
358225239
869027478
242938045
102386860
827600416
358458225
581334213
165863406
595063125
91382581
107515506
89268884
543099440
515845658
510748801
406402523
638756938
473454554
23858262
840581576
498312152
563387689
587264157
407960107
662926131
468623928
666584219
148953105
153589710
344769512
123286236
212480598
514869930
115833807
656957084
450845311
518350926
767401581
530286415
585341005
306680359
719141136
33526207
396118630
990173107
499106891
516114551
397175744
189910982
203601651
440685576
53716819
130212824
31115550
245444086
729510452
930128525
191577506
754408994
379287869
350442661
725572480
710439237
234088018
369009121
374679479
832697862
83129978
60771107
409779905
619586949
379151306
463639970
604257778
123689863
480623451
892524080
862963854
720072420
800899295
185457083
889665895
18050626
357959615
552583918
515234894
10810857
369318190
525189724
348249381
337639958
397517127
516883453
288883573
708117669
170608863
532529815
333232470
210684890
239382982
171285044
755426173
881221509
908564551
581269573
961715282
347830417
874280172
379064345
89559716
361458063
941251864
365629805
447420756
482391223
814716098
523273573
808611012
257101799
36161138
998186822
387706464
404136962
109353275
750859931
401382270
42477734
217421683
654869183
251686318
209105151
708709581
286530830
848613060
280157639
366109691
793124799
440733254
380703319
128343117
3325223
45721724
241136852
15179695
684492292
734666998
727784667
259106814
491299324
74020606
835182164
673401733
770884443
544016037
621941474
346734268
577009929
401129951
336916195
605184278
838310765
182450499
748412628
990113675
596683969
28838336
343306711
806933189
952634975
518054951
600980330
290365301
155477554
951056996
23979644
790679509
683042976
433658380
536467482
163591126
195637119
352002728
983765454
439166651
451457848
230859434
797052239
334462808
336012129
822615261
682009579
854802288
758865707
656808100
871084650
436164785
1881667
170174272
189555864
77261018
401474251
675940419
961301059
604920709
989360289
76439837
841430529
380398399
359592709
852744462
846755679
401060576
813769532
704712553
290322135
358166127
923571690
541521040
735295095
857009238
861846996
958655558
866207975
247854659
716621708
382885222
992253333
77516424
159346274
533657344
5985485
524331324
948891980
715234540
548974360
442931713
498697197
786039252
219785523
101354131
174621062
950682149
194645508
213804216
410193674
921832265
801325719
285794674
486817525
60264043
702812155
528060991
121094048
112812332
689536453
865686628
816489026
583586989
304027095
311240656
15546298
572547896
572621524
161087935
238655963
870622103
86004158
54838347
920353705
561326844
974110934
258957999
376977374
136760279
758184058
812706529
929002902
838490500
985847949
199249378
531295844
994995449
564327682
198237191
816792247
666782769
496919648
254787178
530973250
298125291
790360935
16804125
250455798
694138182
13743921
824876828
193622968
969679643
20637639
751877587
390487757
801441668
322840141
678080753
575270051
997881862
886303140
660021152
294409643
662364148
955248248
443184967
209250507
804065597
828406110
756844540
843888134
468230441
199710663
900028240
341796174
775113753
219836870
651577410
795189265
219362638
532178791
780270229
568094354
118674044
281439492
75169907
240071149
741275604
537572366
457283704
311169587
846503793
618368578
239796016
48512454
67135597
368283769
815031147
323370136
504707213
848029343
102478810
731506420
245620168
193787578
267687007
40928233
98195582
338651246
275419729
606306774
56097868
369436759
172175710
624297589
122066253
386982460
732162756
878349306
582048837
531872215
543453877
618645983
661271513
152298434
563464973
719536387
555786115
17119472
300923554
450610803
499053890
673904262
338404801
520114173
473534726
977635742
758807183
940581879
314135018
995141457
724630064
890995045
48487058
345462403
473593333
797494660
597070542
270196223
171720991
426947030
173952217
309338607
687450735
921176265
270493355
540057207
628559249
100273144
103985201
778278814
920838514
288682630
478097160
767653985
717799466
441968055
723383614
631275377
962161580
755422508
797294934
269052636
984371812
279735901
528301372
696377780
346140494
923040962
223496317
134082641
962422230
763238322
886810341
271186756
902420161
770976512
451830732
205228750
462214948
868825969
348285323
958079583
242356737
45999362
394032444
712332357
438728606
598873310
461653988
862788653
997082466
319416354
11760206
980857714
127044169
744713534
897011487
642382670
344083353
124525002
892248498
570773349
635882299
311030119
624876545
687196689
303201875
432701356
779464240
218624514
505695520
491600560
512545721
258062526
25151742
665270855
380882461
601983432
948904295
634257146
791953966
524733694
914268306
138950836
753983980
685191950
602149172
64381291
769158130
218399980
750424492
65101128
615279060
982009847
625728675
505036988
789708611
947317096
882216545
198749700
271429268
137670284
582740450
498900975
411770554
748392404
505488821
281064937
244134051
632043935
201658909
805894261
110448943
744492448
781987860
971819059
176743924
121881236
459538252
665582345
859733979
197363994
839188889
48936946
322224695
2727163
824785954
537895228
282719554
639349955
197186262
852536632
159884060
12901845
210079841
606886033
395552471
785132385
387348495
765155592
166082952
910324963
764033054
613211767
729566032
632484941
593860403
623453242
100473032
174095743
321046164
40357717
641246610
358174473
788184182
60082890
755488977
891938220
79008997
216819542
31697028
435184759
795982204
597816906
462084744
523803031
224251687
212256594
336483651
178918399
838690051
910176019
53567525
781816550
175905446
621906313
285829510
83329159
10045086
702677824
583045548
768486201
50295226
339251282
250937858
510694039
167087355
949846730
398679503
130363846
997015103
808786418
546950706
519030312
833406151
670671086
399262492
751685021
965980192
202312858
981768378
190565667
833134440
398490499
779159207
31212860
96593083
306127207
649316672
165665971
702664333
51849787
521771821
160171951
640780805
402589314
12892522
316538478
79643138
63735033
667790648
330693373
160865832
389508508
91530537
267510372
177707992
718524567
291276712
94838030
352670696
523450581
929154921
830253718
493191811
307355501
594774677
860264066
835737931
488251822
367366020
74337931
906259650
73204664
19854196
400405716
738803515
398755097
868964663
289784829
83499147
353223250
921246337
88338437
541497258
988786961
641465720
694241318
979769048
420581928
935130780
224433089
379627974
601564177
833392136
172972906
831716492
753123238
257253792
143290018
84924949
145045942
355884583
919040161
98933502
519239834
860324630
455020015
684865678
902951468
39280474
303915285
992014633
277284529
415708607
646921465
429227820
551942075
524917306
563499525
812493185
975704199
903859650
749719812
74223078
478374937
403356500
996945066
342293982
807292051
348526388
250997135
674581249
863420159
853588657
303802849
417886167
729800208
482050031
538888474
64699717
458002096
711213335
833422960
761474240
886924163
474264009
804307823
672803675
125988436
903228476
576352108
643484810
397234276
729876355
285722055
885959950
563821968
710184979
397953481
448180114
734349401
237812028
459107071
403811723
202394025
770330683
612691409
568984173
298032459
965800666
332338897
95843839
4703773
523691375
480205207
599038954
829280447
224349924
687021174
689741496
753158920
568157965
52205049
504910403
740976954
62696571
279144390
433717410
476337950
550384103
23515355
652679692
44509408
658782090
749381974
427168180
290581997
550424600
349568922
134081462
260910516
978325788
147490174
382905992
413213315
350648847
586763745
906204574
822011807
648543325
828136884
423549899
506484773
712271804
673809406
600158556
383414854
333458582
215651827
829341052
787505893
686306733
92203489
155667698
375068977
863793659
370801785
753054219
355662688
89951991
668073601
929837941
501925448
997574493
514314753
773585826
961664804
76510261
480129933
698264848
912133357
326855512
373650845
4463163
532193922
235894608
605989310
287534350
235754766
600098198
607486042
744773245
27854957
397746679
682762737
185984184
86803874
703228905
375432052
587968553
503396428
897224246
281816456
483079529
369583572
222435646
984338863
656099020
771629729
356748692
775996297
106770602
709820917
278137905
362750661
925412266
870330491
795511020
181240844
696727920
691109173
489439216
904456304
67478654
220306658
757591048
986902036
279205172
24729672
423682338
627586333
445550588
238728835
81913602
850057691
418542836
137656536
417591532
363651509
458214452
717640224
218314107
84039674
493976995
382906017
732529535
813691786
389526397
659261464
926102433
374352318
577833546
602801493
623637997
628187264
237672744
643864539
482709294
463603016
473580182
163620806
709029181
24741642
317991825
717858947
864126078
87313852
975175865
954600431
455924503
529102138
936729654
627604407
397990273
389520251
647328491
101367003
597681737
466308502
92151222
653954987
189077783
368694519
560570106
39389770
517643526
132041883
978624027
903349797
960115741
701190573
158641530
466331656
685218934
685385967
334165291
906991873
791004782
950298835
139866655
146290404
383304142
259533817
822520049
16776176
989346202
351299287
965569806
658693477
110768972
481827495
197300547
162006996
921902363
735271138
669626606
757537316
450722023
466851380
964537763
398227922
265202984
804741395
605995691
626565751
201302033
986089087
390483153
79399559
371052027
599153172
635187722
382524786
736740624
558312577
428414965
48609883
949875384
30732557
256902543
152974138
291375110
865060847
922268722
288541854
841057810
439734967
261321504
735530705
525084758
792255788
505745400
384882675
137722457
980168518
392171806
81422542
55122227
461213869
800030341
37118377
298598031
672334665
706407265
708471123
814028283
505462235
779208456
45893971
615583980
322990897
784806457
424015181
12836893
693743303
517137760
758213513
594010647
348063943
104990221
48077183
870434822
860580986
887345946
193994004
80940078
753823541
901611282
720507998
26484566
686812634
259277514
784083278
416959815
966901558
656910035
590843281
811592839
317329244
413229989
255953989
885437674
573402769
690904757
180647714
656856824
333586361
124901544
458013309
414255290
128526926
204944803
125737374
768162745
507653556
257399050
306619168
473456710
424034475
526430891
292945939
55826813
949170204
572201578
847840252
415817221
891577679
446056336
151892667
136093950
285872814
801414276
411636651
671000418
379920998
660191842
478647075
710520924
681429793
718596258
425162609
415267757
956993223
624415270
905749188
895821782
509399318
174377437
717101748
853732180
917681749
810878193
670239128
609240424
16220627
549216649
790369391
7692967
395369484
248641214
758554382
804959687
546880965
165108461
70913545
917091831
424443931
740179462
667237568
779890169
367900193
650517528
468853523
872281955
186738741
968890226
414510454
7710275
191084860
410765588
290643234
994072531
630621095
745181138
238249165
6214393
259422922
404620172
18798211
829486696
845838598
678408574
896387636
981972815
233384496
969636735
397565425
79070160
437601533
667916489
546093229
349719604
49828851
85854498
594210779
811884826
514367067
41962100
334905393
884310239
949796007
576658238
859547521
952548073
811816141
696067034
878408789
341675329
890794031
207833544
451990993
18040275
613317063
108242207
673158997
984057817
858353655
606451386
761202155
49892188
140427702
441276279
178475242
858883122
426840992
654113153
244780910
664972783
599050152
808328933
212618343
305746155
512426585
18939724
662620062
820708145
944790668
940791954
115704671
789338991
895921445
794140979
304500018
439223540
689434163
521656714
705321626
386409893
897978282
241382631
380955105
690374426
143944440
18202332
765140543
86836166
469354266
565311432
793241323
183981925
652537884
840410267
994040862
34429444
934280271
402195325
483580075
391772577
733595783
68007383
631577623
444427023
112538115
460374834
936106257
783094985
239580520
556743163
941863573
785482690
452297022
369309034
404609112
517360198
611136582
788892107
670778996
465806196
523972704
374229644
796415037
964004319
647162035
676683037
684929307
206654641
616175869
785240113
90393588
618893648
794898518
196461170
820620169
666475947
737566854
782620549
840031010
230805281
55348459
49568900
639423774
408831745
695451336
561219448
814216461
359391174
389128687
190078348
816368854
943225541
341459677
330903547
797662969
394719509
97207347
775971544
501328504
825098301
677494603
506339878
221595739
695214462
217900934
438546936
399275527
695848339
482477383
720449966
765305173
197650635
738028532
294768417
56766484
985562712
937175194
680510028
554080179
788783504
611161751
666354259
320358040
521997758
952431817
586698407
749389255
59604806
884450284
291503903
481476763
974484315
259300495
871362776
160143430
985164670
482198089
994589140
742376469
847635875
865821356
834139908
678645956
910226992
673342618
486406197
464723497
12909896
936892789
722333083
888760103
563559360
158795137
916563981
243598797
402788260
27739738
206924960
609697172
556557503
24946693
96012160
156725915
49426374
5085763
211537002
233249971
867022738
899019211
432099822
362320123
129778944
447350250
108948273
674804495
284074358
72857878
625913879
677786695
769733022
366787052
354694020
982647072
801847646
992560715
794094369
756825297
69034185
437878091
634410967
104682549
604071570
578942982
770251588
159040079
563523506
979972671
565313130
772342013
771175117
101820006
970290980
392879792
635025691
103692190
904172688
22178190
941654584
330343744
397115694
180053982
77717710
312746512
781058660
292517288
706621524
236203528
103992927
723709726
429868003
394593899
872896003
613520092
494709074
485908658
949833087
602175914
90135088
327908998
925852861
100856196
467011917
344728393
907403271
290017492
433411591
775121310
13152684
883360942
473372398
301991671
248492128
169985366
149272914
988349308
96054501
108904793
48657965
756815164
290588971
292034058
278263411
710117450
341951586
221809620
130358869
484674750
545021537
786076343
966076132
212825704
640859207
2363591
49041923
236152177
728853413
517304251
320680564
969382179
991151946
5602168
707196002
526370363
749608884
198912766
699708616
382596638
101633308
316256607
775608077
959830012
563893168
682793763
615966443
676360597
101915992
602531095
920740168
481820864
296585942
556665876
24850985
366109272
141433962
71955866
256599446
975668458
394999663
368312133
146748793
203054614
237645999
729035359
134387251
828505970
47174181
594194622
879571214
748315229
31058175
876799473
29309881
691775642
553118361
992391120
925998445
234480945
509327808
797156386
113871358
236823846
516705198
488197124
651956082
168778567
603846555
213391420
63883340
265441137
684461867
602629852
143415493
615510259
121829848
895031081
834817781
983639898
676862049
559847568
774746715
71192703
143602353
281367701
876866983
474952412
209719741
875793936
647112071
437650927
947762837
293365796
202832256
8495295
346751035
396022440
213883936
862507371
197165681
582729522
108350987
610434143
196358755
571132859
805586891
908423903
905752403
644987231
275209010
629813458
855369128
854846197
731610842
889519318
27923281
101800730
864014259
981558669
764079679
834045652
242337381
805662075
394699788
417062095
181456823
69082716
827944311
401887727
655841781
250095034
401618699
985475208
164402800
898509856
855162940
211130724
987240953
93161745
410756862
277338609
807381862
426280710
845233453
852406312
721160730
690847294
914140067
842747566
202403543
616300660
547650777
470029012
186540699
151102244
960398648
921484489
332941724
689040662
22586684
343462771
880807543
20172712
835027343
670072326
151655019
743087807
595036630
459551025
924468978
520912854
94327205
908005295
505940159
605565655
562833014
504853970
695476226
679741482
479162097
227068392
469432003
981541469
753470323
15911060
948429606
737086598
923143484
240034465
895590954
908470436
126230140
755751767
490341027
722249533
557938962
225724224
144099893
352895406
860479118
231469970
451673666
355560396
645262703
759368530
546295373
123087741
154744420
820734499
57862404
49756967
175324246
820733759
47682514
940919709
594069454
47507415
242934708
103610192
196322783
256157805
452876664
75724474
361617499
814146818
695276109
548337119
833149532
463727359
117854195
817083319
27464301
239683554
571065799
583191903
89041906
541054023
516626016
166617523
779058160
321289346
673094128
156370660
865698297
172138698
435347666
646883521
745656573
810523555
475447096
603718174
992221178
21224115
303309729
911899669
1007703
588581919
771718414
570793564
640532217
409935216
304152715
350474854
200253976
683224245
679670149
501141313
594651917
669516855
465961788
458087251
477923398
804730988
136897171
421892090
436068322
962500612
763595831
65584260
272170395
315790363
917525166
158182102
230014089
63999697
736513319
671003630
566303646
96753483
495636187
332205469
173140175
246576623
953934624
569183280
780864698
23038240
501662724
270520253
906562773
93505297
143704656
82262135
521339477
630838994
382764679
702911976
148904165
157768721
415790627
332037162
940624549
255493783
52007758
66066451
14411774
89588401
136044853
20024887
27221928
24630594
609521363
16882962
322424356
983221996
814213448
370694255
594980247
771607809
369582475
796221169
983952468
142731007
570576745
750602682
750208802
711538962
791895639
104494729
525883641
603507886
394408183
629226355
399184881
693073550
262388469
983944925
167590743
345340307
217927481
174492785
989261447
24881042
211860735
705707904
566106327
51594057
653590245
683215992
390534219
354947365
545031797
12290256
415366255
882865486
156034496
323266449
710560749
564144229
731981703
176364278
730978096
488613171
580118919
426608567
245656071
476786136
711966732
714711882
651073645
573821354
196386075
74564348
636898911
671980621
300444228
465574060
363850515
691159408
424551617
776959134
953768328
226894227
484560422
586833010
474881888
914618156
3366074
776353157
142056476
317019038
617901189
750179978
511372209
824721663
237617283
454135146
723613270
500708646
558203932
32616736
699957548
168990134
713297308
951907685
249217084
168953000
823346948
62091344
862013189
386792498
393018347
411659820
567611513
372743103
5215806
911917372
915968096
278358325
890810402
350529753
126063928
193566214
178165648
356739933
732385847
951399017
407834908
567487688
417375435
311755588
707384506
339550895
892467533
300804933
753865925
17687131
885462699
250720933
57018605
231683056
569855347
640799602
736922401
823144491
806268586
423203498
148071224
866940450
194352598
398969054
847945111
895606302
643892382
792298154
913384182
399397764
247975978
823823647
672716497
146007090
86595828
68904249
393676503
249481111
646105160
307085374
403572618
954949707
266736301
97117593
627726969
571761832
176024619
647696677
651311215
395687750
111281796
536521919
320834197
605971302
8765672
218479507
925127166
479390807
434317760
317956980
239639092
226203728
622259372
917300891
287120128
781233435
512645982
404115136
786025846
931528243
857631483
547716643
990715896
664461765
993882710
941200409
12729226
198342782
205128456
323707983
645459150
50792951
921026879
747626904
329727044
847733961
752985304
503176634
128465497
208848665
720226109
579457618
265908586
933139976
971681357
97907492
712160895
168609360
182167344
790786485
720013156
766464946
103080020
802631103
348359482
222739377
853623295
883926676
700818638
818130944
143147589
515349449
501855539
201917405
616492601
870541923
320563207
850512324
258690787
34013278
761299947
626670845
29242013
19238644
131434173
393571204
954331533
912012890
779935243
893955655
671004581
94287719
84321877
407572381
18412296
920330425
381736470
231902920
439698916
622523324
123452727
145147315
267315965
511929710
711234468
605128935
109556494
44848837
373108903
563974686
168253975
899186907
315124584
17590072
842141560
563617227
910588662
117854141
819215265
588294313
55296673
953778572
42257256
405889405
254844561
240755254
338892564
661587820
215267284
417857271
863385532
430448569
256048241
568646892
668753267
49738377
308678380
915816623
245949437
438008849
52880216
262115008
396983167
628769113
491340497
765439250
383605602
339404523
966375066
11837534
399862294
264796473
886488536
410134850
182781649
196895210
900923243
349976969
510619686
292901756
515085779
128287093
456034145
665600747
413350208
1405903
340845245
60408472
933723658
531591382
548692410
149623271
476629286
706705246
989832617
306301929
876116804
629342202
141069458
974051140
884032912
61763887
749218717
393383579
208164098
578332685
538766958
562569307
132815512
257895970
637415317
102387121
401483298
317291738
941777587
967233437
554913505
167173336
958986215
711208108
296114401
91669990
266285772
157715835
561117591
386158877
53686078
573530980
946250795
649417597
7392893
792869601
91318701
764869188
721931449
753012833
405030659
983494031
930507176
739152470
417608984
888214127
712110808
128811693
178142882
198176271
683906328
405424458
551681827
118544808
101808637
514896493
389723987
351976236
452286165
451892773
130619542
295561495
588652685
724785853
294732320
543358448
947562584
364794271
645632893
22969015
924961456
107060795
674181042
72688945
942674205
326011495
224335881
257303163
190472417
771452141
296495486
925109422
34200860
276130541
599620867
77834847
443006812
174200204
669708936
91492039
803691165
46995220
689099040
618645172
394242013
38230038
149821657
601535559
403070312
201575130
793241860
738484358
648469143
438087414
579195616
758395541
603323340
74529463
300125338
502857087
153922611
841006696
84719494
856512975
905268948
14330232
489581179
625572659
591903584
559102801
819678489
406041348
587849718
559555541
358130688
670436392
270304269
378006716
825181282
661499091
30522462
932535870
846388059
512361266
638208253
697327251
912654917
695150382
183242006
136746633
221388463
987322902
639445949
856504092
854643667
113977436
682980316
57667211
858236851
104014643
632669582
25308261
804106827
161896023
295525905
94538595
702967702
821535419
153096308
989731808
571040551
424942546
639948488
991510400
239868134
989671403
968574237
498174760
48753598
446654273
48319273
703548979
808234073
435521724
499861998
622288540
346420494
802592528
736909052
62718164
105673175
614044695
997359430
171554586
281497645
662795143
321537316
9101945
647506543
280606777
500648876
468049706
536913570
165624611
13730704
405797592
550645641
179310579
634589527
654401203
514494700
859328355
354237055
595916240
254374975
643889952
972319534
926132295
956332509
291135157
474585187
928000900
833703495
567520251
935519908
801993299
107457646
732558115
554985726
828290770
120528735
805850867
596738281
597831877
64781069
174080025
646946899
74396629
228541421
42357041
325792535
712459457
556330256
31534017
130800863
427932766
518580999
267116815
409681056
469185244
646798388
365775844
26865973
590563233
150201351
605071181
302979539
242390766
174563243
549573996
110113057
931752860
680222028
688174700
863491642
383745174
904173980
234079446
217721374
299597176
197112001
322701480
787643851
303791922
99862465
59880811
557979758
95307223
133049333
816236485
203792185
559566795
203112850
667396987
516099481
244960820
644770926
207182030
83193273
558327298
476359670
145430409
652648170
102151939
775838075
461280214
163706551
893838150
60998406
780714796
784909739
338276303
764434034
722928400
964659205
118084847
823658087
917504528
757784905
632211553
762676603
445372202
483429405
764160800
770929210
880223992
649517097
151156696
249838802
348208045
521032730
290692166
812296462
868287136
68329426
850946679
406031277
773357495
448257728
59281370
768282656
494951883
802105267
958141792
977200012
248243566
28351129
643198700
383590531
397019714
88570268
707862524
405042202
46670871
641018546
963354376
300378575
597300985
663793495
867721573
456035455
46217538
838964463
769557278
959265673
628683557
317049874
934296704
147448694
580171482
156601332
34932741
747477980
769601116
930419273
613562298
231466778
328977657
982744638
209432759
149830249
293952182
635638703
600382531
537120239
523061419
64050682
933617298
720442261
513285283
557572289
436592476
715378997
312182652
985326435
189119226
367867649
122401472
695742066
135049037
430570228
797672149
773434554
697343891
30238747
614423697
844777075
10047469
127128140
995016792
551162751
807140171
44547941
649609402
893307810
823854745
582765091
141884529
637738399
205382821
690835412
439801354
716950556
688911922
977901045
872206717
943539960
991461549
335837283
598115284
72871149
232479574
279533684
667694776
731763752
584876251
440980597
637333476
842665963
549529393
269156263
255595872
226592448
271702960
652286251
13941220
799323994
162332825
193101977
42070932
182222754
760109989
557392998
494830087
125499585
398106729
306281494
508519033
392191811
35137603
198469493
831081612
853944565
550915598
257066128
115546576
820278844
30257145
365649862
692216313
349239491
601972668
924674722
524239792
626148445
532602291
634232603
757872284
973810017
717195184
967831044
528416989
395981537
244509473
113664677
892556348
963301684
880716092
886834935
767458131
240886748
264886448
283785100
609585688
356880575
780838633
55301090
543107012
9376914
704093019
941330432
123037414
499179707
556366937
341739580
277665328
796775461
891661387
128853936
833055219
547319234
369792540
863212638
126887958
61340784
581795839
850797515
731948772
206142441
893121954
969073748
604390049
741907790
228837828
327735028
735519800
915283125
708195926
489221323
707521607
798605202
411777001
735674256
153519896
853351198
800636384
283754379
610819571
234626147
610131858
126251044
778489974
214588366
556210662
766277916
148943846
503737096
326881359
561931559
545772997
59203037
476885739
806497350
156267436
559620657
550368272
874811933
54903832
569885241
720228820
763832016
803222145
258851906
514121680
658930235
222982401
356175722
54204330
689009320
959830948
64107088
396868877
224480410
140928156
831491158
771243158
577968463
218854846
274855855
847344446
267416269
223098488
802885223
481982433
197050459
955619987
488963847
195240580
324750704
662624657
643885068
474488260
444434271
761217252
652823692
461703212
435324121
339263334
71235677
82518170
187569671
621126568
521529561
124637470
34700872
229091440
448840297
453428622
474634303
953190877
178422400
567023635
474573766
726107076
441285588
291157683
480488160
493875668
514910922
796044894
480192748
472521817
135284022
581427623
326400446
904745336
950870835
456416690
889672781
794006818
787225941
583661490
424436389
589014273
502728022
798045828
712999267
386789148
646621805
544301285
535231794
210345858
674055961
510239732
199127005
514969070
133094188
439355925
466691537
361434046
530766697
89842632
100695586
862595351
781091625
483209618
640309895
663380526
970707478
794643869
600383270
276100184
485208635
913303375
352141971
930467493
568607747
778518557
910903845
436538410
38260493
465863214
922793681
69178407
540706393
102025411
589501669
449613075
588575807
935049867
893551058
518948755
786567106
296882053
594214532
590899106
912911628
449005817
170565444
488101709
166363134
46066496
903703574
838963670
234790905
292070834
155866111
908896993
18922741
657544867
191967051
42080188
327786548
229841958
427461677
117871904
72671039
883267429
387901056
115952488
291580177
319980014
332584309
595101685
170474153
426274495
165026447
844098521
761977888
394691987
217202183
376331334
926051247
438024330
322554288
753372283
220255134
184275413
665623315
42991222
394731548
219819186
99241286
556656413
154744581
524466268
124248235
336632455
750895391
835927731
613651496
598052867
508250278
499073441
823399891
50440583
964447274
315602279
908942916
356261901
829500924
861120069
931305741
674178622
913638584
244614509
237948624
42286047
25252379
755762661
155207858
454763019
319669541
506957464
577311301
158832120
702728738
381548133
271453480
802637692
926535492
795209860
168434790
440669883
39419053
863311305
885811247
951887187
489189960
962737291
608850853
49714255
321374132
706541520
228039185
838719817
350994648
820674373
215012062
223119176
391460803
716737382
953495849
12756221
544373886
678202504
699111981
42900856
557058801
538522492
476091570
659547836
672902832
90720683
805458946
560175811
800772924
52849888
659578617
321545049
794147865
170862052
557645298
188212020
526707356
542565463
175116699
302528984
399108693
597133384
371460286
156828625
304536721
661007734
853352914
989868785
61403489
853457507
403312404
236902082
120770386
892218570
13564108
354503832
108346311
806054888
109198158
926725039
502894384
306897850
787295160
488856592
460983191
816333996
149368061
978718095
782584227
519000290
951379766
791452804
450749583
323037210
437349930
547977201
775275973
366895151
357717792
305538553
459887769
850620108
426111780
245650687
45308808
18422028
288540776
951996935
257117558
559623290
439958380
991699832
885961405
523661058
864294417
618621682
779224087
242292918
863222678
823449742
157133719
468567944
766477702
358681099
452174581
630580929
219662639
854336171
750131289
829053476
991979521
619670656
274725677
247584085
905779925
82744931
518750546
966879108
474629091
220078951
770405133
280347838
337180402
111238561
692265868
519621425
896191145
501701241
547055667
347281880
832784164
865668003
859074902
714873370
737279782
874680943
157452674
867461860
642246545
286192737
855141665
108390211
861163601
721866745
523390723
66867830
85684862
732342782
696933016
39994371
273878800
569091549
539550886
918430365
470821692
464341522
343328384
533353554
803228607
794877298
794539329
582586826
355202120
80013180
516701180
85317817
409942159
874222161
474150321
845797321
559435360
414109085
863859113
875258018
233916388
319655632
487898143
581047532
296011257
6047189
922741226
249491231
725019729
265886127
653309823
869243255
388653209
176904015
397398159
593701695
673815099
677887254
940661967
707826852
957921944
972389893
238424740
178385138
623622442
734639040
439063189
191510231
469390518
291170336
992893924
908349398
184362048
28942803
365974515
431920010
14761191
203550833
69012063
796858579
974190128
825947455
292210798
473850901
95316429
315234005
368175047
745532676
648616956
687358921
507156371
622243581
935919174
468535065
200966515
2349214
300761821
321399503
611905204
792608846
112696240
918926664
983590849
499714700
610988544
630483226
822178719
401419110
473526051
133161200
932273181
429837537
719934827
549759205
702614621
226089240
592585160
528188982
493946554
513967629
90924091
230122398
993072551
758717071
899375366
76508318
749422571
626616688
610183708
952851457
558973763
917547512
67257769
903587575
371877411
590042897
583246672
938850625
513215200
63030387
253938183
847096060
812210499
813048562
961989427
826258659
109572743
610372463
519942712
366532529
208770330
795720549
301363320
158945311
25371690
735928505
947386631
694289283
977719009
502009224
317511599
743563787
290543725
828860791
528322452
491626612
746957972
970768790
533781095
238197675
96203052
297114660
567232700
343010793
643495262
697349884
696754727
667746511
421103164
384451651
965750931
338140918
359860080
458038199
304376042
778246298
325066845
166870265
164360369
215374828
593886420
764334898
291988858
154260196
359416693
763308664
775629662
183475006
475149945
125376351
577398431
781657079
553174754
46040224
519128872
437959697
450741803
858892580
274324663
681418102
600690629
732009298
186462059
836812675
827035063
209601479
934108831
5615930
107321705
378882245
218817054
753799900
748116322
743736740
601884822
393706661
269233697
142799707
108745179
420666707
435991542
9269307
568437853
331610039
957834497
572912356
533627047
136521661
594599088
217736311
811330273
531895501
658787848
969515475
751234284
320222491
418923187
329355654
416675652
252994418
167262622
277210412
40515458
537237487
51830205
316803282
350702493
572795671
27337468
882985177
238429881
440964833
747749299
764167075
769028819
34908201
619882233
526079040
62107232
118273287
734839288
510926201
315139948
520427202
641509010
17423143
604646012
283336356
292921635
862865712
803690105
496967457
209586258
200380667
345429525
234913180
878339590
901271696
355015434
911905297
178272477
105925123
849149085
58714622
109678902
762565213
941945562
700430284
331520990
369753777
912547501
832255635
647719846
202076091
900361367
480875952
193904007
94508250
610971508
516226301
509479266
455974174
250684923
699906515
539288691
49365578
614710390
247030050
875082195
749257422
28136620
961417046
99938233
676942695
412349066
489378567
679315347
613526593
963875379
469230562
613826855
36918410
141322562
317651804
657373958
982598888
598981975
6522583
601168671
377217606
833504229
749574370
6003869
895393147
920490259
291598040
794221082
698823936
272875110
885879692
987451919
53198177
142343029
806756410
257507667
116090192
841521347
144784341
475203169
904429865
233797038
453809199
957533527
994954264
196525719
633870583
826516909
733148736
337225317
941857189
393291188
964856464
656205159
192372211
793738654
80845521
269614976
771185491
783689174
435022638
883516554
462773591
39807519
380572708
610817697
29797342
893396253
905845847
974410213
905378272
972937000
392923409
144802104
717188505
791024689
507576509
514427651
168145023
914783869
882852011
852511141
410040423
655866654
916560170
611676730
465212616
931627909
714158915
195107478
16967362
23291570
20570462
677068618
519954679
923445875
348235999
735670171
447840076
973235101
451464042
612798795
443727835
687286665
3180502
840693754
70064375
261642074
722041807
944626096
51852716
100124051
40564565
749229015
43886136
503049845
873717593
609301774
503756359
678289269
992930419
183484752
628685712
408459849
892078607
932114145
856150540
430779481
681528767
390372396
539409481
506151240
346988877
860806222
136954043
260867224
792202377
666505227
648159244
404543022
300425793
583501009
266940399
203477201
75584017
432340205
100304251
453067059
115954471
468855295
367942008
363276114
408611808
397484517
662486806
725151108
879433963
54917775
489557586
476579732
921704184
582444719
394678157
682488173
933809880
897369007
201376402
216484495
113179853
235577182
996541279
85895840
786881276
16568308
52551170
792548705
903223870
855734630
564414892
287230102
992762622
516238012
906226536
37667410
292999357
461377353
164276158
290202480
561149946
682565549
96833015
508348049
473960728
698089716
365229806
133747472
990194747
782158131
589340188
758711748
171262766
705271884
881028980
142611062
932706373
568568501
848501739
107543850
89346476
795007952
71170767
977469203
428264462
910296571
887026869
607451441
217715032
336332554
442409051
719647465
536519650
453725500
700042332
413523597
229165660
232942336
854756730
902479670
550697193
667400189
504813372
849659729
794392290
444133639
647086370
135704687
748798409
73888263
625332705
83806991
279181978
359362715
926648561
908084151
747108654
663090629
932394783
476876053
903088937
140541563
263008457
775908301
271437328
410873842
43084578
713798315
350455960
299702423
823029589
387434335
928574214
993690108
86783909
932544466
835187044
212495354
421316631
15614391
247447893
859377115
453459590
507431750
427808848
148383581
971584265
406416959
548686633
949224325
559784605
725659488
223199559
597338369
455238165
894318315
353117590
739754036
701091043
216996465
59865681
450437716
251592156
124718410
847931055
574693592
707193007
587876706
626093912
110625622
700553304
938581284
715847535
130541549
81032408
834594685
648317580
254822730
525782446
569166967
40982915
191885012
330402073
288803084
812245122
191580905
95939249
265538658
382923886
288680194
970675475
878179180
412127077
50772990
309869011
765300478
722228788
87708901
816989904
800502012
953286595
785267804
414050009
103010057
361058513
126160752
296142587
903541599
887052618
953757149
630103534
212629366
512361761
640552144
635115040
808728342
836388392
301911552
329819408
856216022
733700248
54765585
743985061
936685628
585088400
584460257
414320974
909014327
192239286
477717201
967829885
252708120
971448920
953019455
453430922
913998721
490839749
894666735
657920098
702258847
268690516
471029304
764068328
681211467
434325983
130214554
853236747
980684242
581679001
622176894
242699164
422333881
16691388
911439573
890237662
320405840
974461541
409171399
856061014
386699946
32673920
517191291
228008070
729010856
309475488
176009101
970881671
389804480
445483488
717978075
614580054
867848097
585457111
757602723
100764645
259640802
76059233
4900650
138765663
882366382
638521681
439631593
17708813
918926107
542172256
578568832
593073282
190140520
323703636
872212498
362564553
845453631
566573249
325976433
397224606
419799484
872854514
575530828
882161430
702922280
315039844
467488252
260210842
114466582
189029656
514052006
362878572
990949129
812181121
60165225
55701478
409056486
43843933
606158599
599118451
847466817
72777183
709024392
929850062
622981113
221229731
706220109
873515458
419948908
375641363
20287378
315962354
497710811
543765304
860862997
522020089
221756103
372416157
300786682
364076298
767114785
315977669
650457270
608893192
664286984
667424864
625069727
949028771
182661616
614767017
488349111
520595614
419590223
491155776
247782069
917514952
650507935
169404704
677669270
294576384
719940896
952100814
351015378
312608709
817166034
524616866
468487230
381241719
642957374
558771337
740392580
986200205
176404025
218734321
115748602
26753029
706983539
259259771
945592433
498826072
954845848
144860104
109796093
78035208
62654830
67438485
330314061
936429936
508306106
688819063
186076057
371762028
965337836
622559687
933687930
310158366
403529554
371209256
57375979
702215023
255106575
771474220
866145818
611749965
653549564
298688177
492209474
103533849
317082818
261625150
52534948
130558569
397898419
533784469
628763795
280580315
509634873
969634803
462960551
751094051
929474635
899049176
379881724
740448590
694316527
640745094
436677913
699203514
508507517
947644680
764107666
330275659
410619495
995658815
263496621
241692884
101185167
742798691
123934093
386744249
254799024
399161647
273121656
299626468
833228632
825805285
445437388
479404991
432267970
633000935
23269515
128591214
87480933
201855070
708433175
282592135
737946364
830974082
750919696
551009637
936994613
184066830
678271076
410663416
86467098
619925278
459992431
53829026
694237757
571631695
794390012
397167130
22635350
43060945
110513860
456047722
635698555
423499688
378241489
626119019
638996344
399437387
743323658
550705082
242838826
190390083
235048593
124376341
3439977
883638712
181674672
501823814
874916586
284904198
513275129
208933280
115558422
681383705
94932169
983844685
885729107
7044064
987074545
299650727
472013798
815302663
534468127
487003949
928004739
309656583
434854116
877807571
366828570
570883008
909237877
193243161
693574906
418304899
647704582
117417111
491134678
212915516
516750191
445247257
195138968
52902449
750521050
290057295
81674426
462647604
575934400
965546633
829974863
852718478
862762321
134838664
600840507
732294741
968955904
451694364
775544514
366916914
274149161
488770696
183483002
221949217
713965314
892569806
661989929
763399194
499312492
889208738
153728710
450044123
864900446
707269188
72068475
940096591
48109214
544475775
678663688
679137719
316255857
500786410
248131922
438351618
328254974
763315408
10984412
162725641
445535155
114140390
354960861
950042202
539098635
159027070
625113280
478693985
105537013
809888861
808863215
429394459
870604376
149151022
226655878
8363625
550349764
332035567
618613444
983761756
393472676
587812922
123615093
276410895
553181575
389434593
662513349
319387851
586691372
221339606
509212996
594492742
736877053
321944908
610701294
604053978
273116734
283143920
58364531
946318044
17551860
667153288
491639641
943960509
408651012
457470698
338840268
956215508
159448909
585836947
679708275
208872190
387864337
54524893
777583867
388632302
897616715
525462645
615155990
812268126
822051851
877888638
406596310
85849604
37160007
295081906
492951807
211675452
694552364
60100346
320256817
712827807
98766650
132788106
343195848
172165700
793269544
93054426
565399948
618988869
257214421
841611576
820523910
860025904
426181448
539687263
572819543
557471213
59811064
178993499
412937990
490820049
907229117
868187162
819296403
748642112
64359361
616097585
283101941
396404057
108210686
813675658
520177595
276504478
576548286
635900740
94215834
807291376
466351108
770287847
653696488
519820682
310116952
817197321
644507223
419975052
601084855
315083113
677431228
534165102
984729759
488118118
638291516
912512688
68348172
746583325
697898655
21780797
543523609
713652699
531353286
677873067
134954391
124291250
364325058
122244910
865428533
112596264
740276442
552549748
514105601
69905480
965836773
522191486
205223738
714250042
560527261
892771157
4687235
743061415
504308184
278956013
244232506
377991605
40523085
147532008
312408023
795025707
68676453
869809471
296788863
974936082
10030978
164517009
700608745
670777382
155417817
680298682
548572232
120679787
450619542
66763705
879848966
449289852
274962922
670873215
216651574
841590594
942628918
52635551
806844686
76953571
510219877
451258134
148030885
301135097
958538186
203109088
654503647
2685940
85397836
131199349
180884248
982693053
893458200
450852256
637103756
289037179
86199953
125073442
927862896
314194828
561531331
302300900
424886597
137677992
871237067
731201101
630606806
935030234
781545379
732880203
385845856
680695772
933758431
220242061
402314874
31660438
128982752
678920816
532756141
572194593
26737065
229256725
240707774
145192437
399278139
789043954
322666523
251082243
74989311
326718268
875090285
181211925
769076867
938930687
459435413
839273521
728328767
685232396
178192125
880574143
72233962
799039646
700273114
462273305
936119290
269897706
463703590
239091113
655198448
43336283
701903813
344573350
554681381
825167450
24524355
69161963
178128506
597324773
462105218
290329466
850053156
869572747
103266348
507747966
544691665
465917335
117873004
422329407
995908735
660613270
454994257
294909030
350882668
61223393
356005846
754578509
678225926
352637174
499484063
232225398
883208933
435179135
602299686
944928891
235084782
144003238
822825948
172828832
418908280
954517729
102605623
89259846
819296650
917869064
301318476
119199746
821107772
778186681
517693142
819947202
838338367
609825175
176822345
873507088
732883523
874540044
862334445
819602137
925758096
13899608
215425624
94102410
155795665
867890411
900602477
942559239
364812053
902251342
850412521
36409756
258769618
530626080
88025230
178940240
497160146
741935267
924186716
914993753
691560541
773365796
95396282
922975550
13492871
740637251
812433884
803689246
123923267
431106737
894336172
964404914
284337928
987156249
522848797
194961823
817179488
439872862
756567222
409004753
966352299
238655442
633775221
291086540
744834639
933346321
653499579
629430113
14818137
208240030
424616015
350550576
167536019
810341788
901383229
894057941
538005479
518403280
994886339
466043886
681826118
116790481
111617815
19066033
923597698
561175989
496694876
430592183
106091724
576221181
166857839
385716145
739790682
902279531
982287750
934526032
508286755
740933626
742740511
74592555
553096736
472820059
514568908
43893520
951068643
186836393
88117587
171556525
35079630
772730349
933564555
108718434
899199875
991860556
631764076
956834036
495823270
810927544
939028168
580850304
735740742
495646352
264849371
316585420
112204660
388932744
310752451
929839374
666514422
960522069
599730232
347452530
959367202
7578782
780819375
692455258
50864818
379745239
577783665
832786424
329490199
79874184
588525593
274506088
278476145
77997758
683300929
9926390
777805604
363355933
841576684
745152714
86673717
352782230
59014045
574227155
667208827
779526370
512849693
953263967
632632618
723461279
900347570
526485610
234660969
973392759
945555315
739434667
534876333
854724357
531332101
447488842
546399953
876799056
817623285
684983343
808382293
72698332
896607351
317229185
440401347
696034954
772537807
591367803
935849043
776903222
779018851
381348907
643879499
29629889
217440314
58863406
712837164
869918958
883650789
365155002
579632711
597022385
726408482
799510829
699350255
337268213
71334900
322344756
83704165
299811931
309402534
686690651
970500325
408748753
457539315
75260141
844579160
776646935
596978410
281968049
77377129
355196737
451045585
260400378
19570041
721449817
25818385
844135696
40019572
726939852
970155353
54777863
863058958
335921680
125694051
615623280
27726860
600750985
180810899
410064730
84859401
84557156
650393749
26221477
677435643
431786249
967370472
251585484
324972102
76557389
547479792
859329464
308134989
665688478
950863351
405637409
672957967
299155709
950023062
46879017
984762635
900488845
115815104
817348960
384055340
361765453
966330855
758633329
134862110
547052905
298780612
883578988
139308348
260367640
744164605
844705551
472297007
299378585
504658194
494808643
912532172
164701071
134581520
35821133
905633961
991927163
191600886
369942262
758861315
792197563
128753188
88258750
488905419
722216379
482109482
661635061
713828418
63017677
217930272
848202366
101334481
687905488
856105266
366525424
268314125
405014200
750316423
908789910
43574404
615080617
532338045
848208676
104995898
319559809
607089794
963118061
913971199
305788773
344209153
294926268
8279576
634428232
56753977
190580009
440793168
560146809
724490890
648995723
572796362
809799119
985349651
576805966
288030013
966610893
247661223
494787273
565501323
869499972
334322088
470224263
957154770
981368931
180382375
916170582
618424278
785135705
359936041
155837343
607835632
881076333
536414085
253338125
495777292
587906834
953724584
535689057
70105438
221101881
414245463
340133665
419527965
300269419
486453140
983522346
28256612
560420728
532168205
494023019
647079426
886432883
535115106
469913509
233488045
840172901
933336112
940247731
377818469
93988099
187723281
312145065
411194644
678915438
933044189
272794499
764986620
831648997
381987092
95346235
642231488
672330422
497861724
622371352
94620115
341051514
684596648
787709907
326924296
9029006
65172652
797923539
850226789
74497232
421426504
950578694
951354865
224016889
894028215
269659402
83080584
71808961
69987910
69407969
718362821
227042403
372366401
184709789
15127973
866307056
257232888
370814826
863254904
144140559
792816014
975851369
775530684
257498244
462773757
134884246
347163766
161205101
73029881
518478996
416248286
180087387
889069916
18405053
842115048
133789836
310361891
732237398
505625142
96677611
74906452
283140905
559454016
139757028
680147511
608099221
413611178
579671715
548607888
434413050
443449857
489816949
958877072
947577469
292240995
836378504
814238209
882734954
344967289
801383118
654812508
448514518
332963397
769655734
79294617
463777782
9633515
555636715
532136141
626577796
761980727
646822409
786713696
45570560
559855983
406048408
474745042
434714629
70034948
527342275
219222721
367911598
843316838
139627555
108239763
229217736
953531499
572157336
355130080
557528939
211197586
333727127
569814795
933860927
702715044
285197261
683741316
237556767
238470501
288761024
257464355
853611124
274515295
418160597
837704545
280610855
938729874
747793037
46279127
296710343
709573325
722222464
628710444
327326611
954205795
188743808
122316938
718602787
380704525
688475700
671309865
585646651
922914288
150991632
855251382
216878263
730073441
624689918
826254028
826275715
846892457
442718007
212426527
170808601
365041561
404856267
978982926
410988920
123018314
27693759
24316383
214846473
644573831
771148401
923239048
870513037
837970661
843469343
366052961
768048786
525106494
618532332
562837958
749068524
886014
18653446
493593414
939400798
616153645
253974434
971257833
961671392
849035184
133548129
700440795
683047357
793979448
413257465
400703274
823436636
523643458
503461812
393496792
726109391
58491269
501485261
816990588
338193839
233403596
562105020
681780576
577957115
146230165
500212530
518229562
47127140
782024806
731288327
605887350
257507526
61376761
138059297
226862131
832805496
876076216
416528862
209502
53385592
573170956
429440127
392820461
167990529
226624060
243501529
523961966
423341667
867606438
762649114
515211821
945111549
881730684
729783643
266343076
750766456
29253838
605675883
224684451
804147162
367511528
456605891
612813432
697847785
119515815
390104293
2065396
358542313
667059112
763496960
980785417
435655726
220352394
298716636
349561233
557223832
251486842
708850976
1354182
78238265
113506176
280616401
321571009
486890210
805107658
875907721
644507980
152195219
221252487
646198363
137586752
153423743
224253807
32758519
728233479
408412080
304413918
194198315
453850291
218149789
469760902
130874188
535782445
1888367
572873140
254548668
93107
833282654
893948906
313106046
404372252
381150601
41993629
875697590
46895237
721932374
799123408
383466726
963476428
947748097
290279834
417905608
61497493
104661893
669472324
940018092
609370320
866030582
25909509
890074037
621404888
952935314
671267544
111519046
309457557
874343402
182477634
965684077
988306263
30440509
205756356
366670118
471250788
183558647
212771367
552441958
487721473
476207560
558032379
14051302
111479489
949608682
349595647
908262261
11823627
209431814
795524822
295679563
771070252
511908717
770773686
581842789
9592820
717982708
186869905
418779345
608872442
548856076
619234323
235912559
880766899
211998817
937078743
986871401
927045029
227624572
269140585
760260477
209729516
937257041
555239339
296801033
33022000
491118363
317040984
723244627
888860184
938850859
581892909
243606032
728913164
212685931
411260251
429373196
788251458
282388246
637244501
241289883
126168098
399221704
967501590
696613221
702635725
674528166
702425253
78497265
794687699
4681208
347383782
460856299
692014047
546740147
150910415
535730855
284001931
783624568
574762872
760601699
58092416
360287762
267566005
241756442
638157896
843295865
987672524
652116866
130025416
123172041
402131601
144439735
311821068
721314901
193212621
443686527
342076635
981215244
218495361
441129480
399593786
704162840
778488872
374723157
824227745
679011175
308334526
436271730
670858003
840232687
264482000
851998587
565396791
912037471
865966091
496720241
875994471
511838340
788963080
59974064
18712469
257660336
613995937
774572016
649377467
986905094
814413715
891597520
850498987
668070801
675556235
945623841
808823324
164427325
129285947
899918160
334144146
859994175
974682680
181575004
774922146
308545946
719150030
428143877
668092410
785325683
342899743
108518475
347410973
480923831
814557568
299892334
982132820
851822602
969324568
453642667
639296176
945007623
638827601
752587464
376761075
377811142
996230264
347655807
854157919
758543510
824540922
677130134
941289945
808816754
29778462
560514870
350611988
631162495
610626334
76081371
338662769
222936558
487124785
440529304
189972213
931371762
868717736
89964536
437168632
478307352
143605135
485308017
568398054
120012306
462148556
582628537
131430190
20271204
961125573
549327172
952620931
633256259
95919563
198237363
359713429
387955067
689502133
428838249
172945650
632586745
667808822
104916126
617245839
117629707
523117047
43254367
578231238
988418759
658761096
713318711
443650477
541335067
674292974
997417725
37159415
686225715
30800893
977971309
662038635
526852692
521152997
522620876
977002715
42336028
134866708
302895447
28870349
472898598
19511773
13469086
45352276
919805107
806953916
392675117
234007096
882578750
354204437
522444140
93003576
180560141
534412580
936012783
545379393
664900292
592044864
846146990
605220544
651203724
55965250
127158057
330652495
177977269
107503067
980616093
174129123
74240910
170339065
343870766
664445317
607542784
706792337
310068038
77929989
265708061
767311750
281476025
79306057
753581104
313832710
73006615
533984238
729539779
550095608
469958921
338167903
876579381
660635834
853985797
673862862
752969893
888898027
672021473
174572991
214662050
361196822
620381506
283953425
403839203
447547994
255708108
55738149
564692558
765470178
755453702
189185472
612329790
769359015
316493688
495386352
389301600
367169281
519239946
175676778
577893090
731642513
509747347
226705365
865961165
942019804
415659002
633166998
695535586
293705027
117154710
525003735
445661339
655096857
150208065
839135458
849890100
608637675
901364081
976810334
641678477
749343893
312783089
698969860
655910648
258155515
560281685
15171392
543501774
280973110
286765347
701428874
490336283
323619841
592731182
890544594
598594843
37026934
847478627
424669557
502263731
665614926
640225171
446634122
660989105
126381044
611729111
877908010
707890878
138657820
354749284
194237243
510775462
870890590
279838398
370838236
134361211
966644570
608846083
195131604
182369222
806963458
731285495
319873099
826138403
915569493
959568683
510547821
484670618
72812086
514379785
411342105
263445636
213073852
972073423
714873675
656550472
586975334
813994207
249611156
997952759
235878528
753884444
417441286
460074459
458803445
314117952
12295012
517886047
472760660
270187360
805953268
219190166
338251913
850794281
627411223
563153080
103288062
151480314
406884309
480873159
730808493
490779469
300290717
93344111
943010976
538833174
825166120
850465859
547981188
87767682
565364349
731146566
852289314
805100094
400906655
422654642
788037587
969437305
815357928
976103765
679976500
868418409
54082012
859859866
971217281
162691227
673701128
878548906
831850442
497353424
727179811
905342742
22350324
353489572
191952562
461666118
455892113
952447398
360851283
242883274
14113407
734198037
41985507
796659585
380174366
552017494
756266242
539807002
564248911
176971698
410764660
59355437
42900330
339285202
250285617
63466857
331787471
251621836
237198965
544661361
478318446
728776036
326156636
425350248
610051408
478930417
322538619
695238586
278510373
319004953
212113424
342391263
731003706
821725929
381839251
245114443
727764911
830036455
208376075
172637009
900909484
375741352
815386203
295062996
505650019
982675214
93425425
270571467
374083751
539288565
959991735
596629363
88511669
345562360
871770221
984197875
323325989
523547997
285708178
438694866
5521003
58199633
915641169
275205930
374835941
415659179
842473522
361180986
637731398
158416891
374625293
673120424
989525779
715733679
34176220
357762794
679902881
586404672
964666491
694790420
556062676
124770123
602062420
457250091
934872037
901237376
426078741
229789713
826040067
263613960
548952227
499791129
936082923
609749101
843737203
302296312
410771672
764507088
252175659
24219254
123037865
471069649
769033568
730203740
941201438
12945950
125502152
225895308
209366408
483405760
472996722
249595359
570182740
99589631
359897856
634497758
763511335
735024864
285340492
557183525
47006464
489265729
218370515
479970810
567133154
389577428
828224405
277924459
72635593
324546870
606774322
717250218
209667680
914920312
485742867
576993549
976000
846281246
971103588
663220548
577858004
909311220
608653012
559081781
891405063
587719866
145755659
521358918
895900349
768520630
988597272
345525321
235978127
731538903
880311351
157543817
990089170
357912230
581715735
202601704
580552137
927320453
17155247
406975729
428497642
207740164
405914979
667299828
954243400
4879681
256797373
722349674
406643253
189492331
389731871
733587313
845491532
80321046
633168945
233730361
677064747
486311864
114732423
95235114
872450638
94775311
371027762
515965164
188356816
348921592
418703011
246441145
19341413
885710715
843117271
67879114
288718428
41832581
894561864
990887543
141176333
398858561
244954159
421988782
608481509
867948974
561013493
571639992
687991972
822464383
93789586
650779742
731484828
17419618
836891115
962964152
56196314
166069776
269213289
471451560
331433849
959122147
737019176
366917165
504653573
932616220
501278850
843105939
607147434
936181166
795487197
798223328
275995013
485207147
283012062
461823671
791100435
921533821
591550060
356720216
508477285
860748454
920054638
129990066
818736212
763073710
452632122
365531374
692062262
49779666
572350493
423320800
502331907
21259195
843800138
234968705
189103594
490584582
142405803
393787910
930815167
976446506
815606734
605764360
775138368
290384436
923864346
54783677
200692622
797577627
580196604
444579647
44058863
930365386
129022545
441874677
686104935
32890894
314588520
398978031
520317444
983216278
313458639
878174708
424196619
382586994
864938107
139000682
180563762
566525868
977129735
555329780
766353613
851618623
338858440
995511101
143438961
9271593
52993573
938636923
774739732
273430338
151947558
956070943
313172915
850266780
434822560
325850936
211241291
232440134
904046152
889700173
818179642
627683262
224310915
655116492
113956109
480173572
450888509
177290763
595443373
218060291
529147080
675572675
247983997
419838813
942602709
394858733
931198294
951160597
779784926
329069328
987789741
481897777
402575178
826252769
252943126
166533252
105251272
695190062
995050576
263535751
252792558
797167334
361798884
273816812
136290570
440049571
786506043
120553327
509867771
352922064
161889860
835560955
191504989
85830837
590315460
260582990
206471055
28387157
710943848
416446420
523550840
517239560
308089771
460478903
437673509
287697527
533751765
174014652
980944743
754274740
698242290
869921893
985003927
125708974
619787669
216315302
361532039
950495922
122173486
479884680
944983371
95520868
199691947
402353128
352948796
283639777
773742656
293174755
710714634
993518748
302846974
230334063
381530935
308077809
231753184
450281194
236710072
993030512
545075389
897151313
722349800
58154258
205936950
829696666
107639235
80589453
833648274
717493692
566753336
825167148
777807583
798080628
711871279
7985920
588283758
613046597
169865776
4732074
362272683
403393027
996789327
889280626
628871325
76282551
620885616
347053646
624647334
123052689
745984679
671311035
108493745
301556663
118613682
242199896
884102955
250121929
222667788
587205450
509918903
306485611
950452309
170966602
30269863
273144783
284160051
381050375
245438618
344077595
502504694
544566248
456467423
656808700
217688382
545579937
639914172
533113463
602152353
635129913
160463997
968445976
517113998
339580458
536887742
878469639
529974083
652429170
865477054
781918033
856841342
651560824
90724370
283274634
308351557
793572467
892373958
971101580
896162034
440251349
474756994
617795071
49492759
637198324
326237220
682453104
911825584
460949395
193079416
809915394
175668352
638768471
447286074
803399875
358822632
960691600
752224592
736464289
91172856
71142956
197215063
872905502
246888675
889900134
332001208
196922149
302703500
504661694
663605248
842501897
814110316
632269581
375687443
164387295
13211136
933172588
902713176
794720186
508576699
165764302
718940289
132186990
908469149
426723267
769234442
438112198
983393915
682029225
278230880
805026303
545150778
799677469
868083401
409624474
673003705
628265000
283588967
427579413
700505150
446790261
987238181
41547338
402118624
860071690
178617807
368870529
363729521
604440650
113101685
597233759
906766191
11462131
7560038
784409574
906186865
112812058
582517179
226432306
300292662
811448354
15576201
859393914
822398347
393515466
785806635
292804382
82375937
192961374
10307777
362936066
397260557
39441068
367541738
370256855
286996888
815013121
107804956
777166888
598529645
117861802
394009432
527795830
297773987
362620142
764106151
900569018
201835422
176816427
819285892
904395779
706462415
492948365
578757070
15945842
650787266
40063658
712766978
427243159
639863766
257996940
977078181
83443386
34728738
819905582
157517038
281219605
879273747
794183972
200420107
914989935
648780974
235109555
940126326
577006255
769616491
774440234
712938606
905640237
62398004
888223126
233297968
395658725
670193236
368208766
587570154
127896605
19205325
854303145
641937196
56965174
661146498
285558317
614341617
901436073
679535675
175250217
769700597
189866577
996137107
87119994
966408929
644283718
882781763
948669119
257375692
542861679
484644901
453169443
484847484
400095359
646626909
142154227
93903907
947157388
735692727
18324932
818054673
328341265
722501180
786759421
869471117
106222269
239171411
831094330
402246441
886468364
823964770
472125593
528023270
359386912
414276747
13155127
624720597
302024670
305381902
496460230
320896474
585779866
564533702
538193539
290918406
968158107
702015267
976835445
96525681
534285627
125336031
471195166
327093521
617623058
106196415
147359482
596850997
229468624
139210950
87698556
895266608
354128422
108595874
684089702
597592565
74357558
662263389
765693938
897577990
631322394
494398705
157753309
590121850
45807051
255681750
459548258
886758821
917952914
529293378
272638465
110987759
519438141
476132651
258740817
965672263
913957767
107833993
12762772
808103172
76376144
407184948
817610904
949689386
308893523
829687760
347928515
455583487
482521142
627662232
735383425
724613144
842033172
630602934
421925183
151095058
847436393
829112130
746066280
301757476
239122537
727812442
375642728
821801621
65287286
692775631
672334563
149604661
710749925
124409503
350110697
662200875
424365710
528662481
722099675
769303133
365571162
283829462
175707593
894646094
306477913
718282794
269417355
530808275
409965796
499610905
336345458
602451840
153733982
184557681
208578451
892830073
736627243
141126651
445938204
815804383
982407143
26076407
598116239
551545317
877303813
356532638
775958189
883359033
532752171
707856884
333653943
578411767
672288138
229893121
573575053
877509300
506486518
236640689
592318761
792002405
769161758
985803808
925551904
549751101
333489683
750166019
961191460
569302793
624996943
694447224
970297590
996063245
784465752
981721691
823390793
133497358
917353455
852686268
546233591
366911185
244752924
669722218
966820589
697309207
385450291
311441946
850148449
46749079
796659209
392521010
669151225
926774938
419392691
195078708
771169260
94635240
842872122
200937631
70940844
58031495
706202387
627416952
965702711
161128408
379865048
102734384
564071755
552886500
893808742
481709885
450466630
674474230
780664522
928069850
155289504
275118340
593090274
939942859
423035740
321857916
870590658
380667475
34833781
982231845
445653571
151628990
333939820
752610068
659479001
142585222
974605945
26853444
562020317
908587912
252736997
886976859
554967222
889640567
16279450
2189530
443797045
412479890
983169914
721402578
810193810
883874467
251642383
251784586
189505844
547202072
47776602
746801635
791048348
85201905
966264901
121771521
967916544
535271807
4483423
755971256
525660519
421113237
79598497
675669769
428239201
651498877
655014794
142287373
876388091
708585497
61476182
70009160
408723111
235608258
802911315
182585502
623086603
730475043
369100468
661200135
71822099
582378693
385306976
896233268
365737382
884697182
293703162
823733574
658440212
407969912
538689897
243940187
101576760
256086200
47028815
298824969
29302252
276076161
956806910
985091874
749234688
852431338
563585261
420143567
505703025
576071859
286835480
520696815
590058918
577714451
451293088
45458996
306447714
689018018
77563499
28192955
198931600
812538171
271181845
179595493
479905816
305756309
345694400
95474794
814858256
33353918
238308684
8326178
43746417
559738097
519262102
859076681
520331386
473765289
528861591
166523620
983612376
22699804
956533020
885053079
444946106
395069565
337173376
917606696
307708528
422983617
107938395
906449897
910334290
612019148
129691250
75940011
612968825
377640757
473325677
155147074
41719199
44260763
258967707
921623193
141133281
291340047
818169041
266647209
311015175
164796394
552624591
416427511
983947626
308421353
524512772
222724537
653491822
848331245
203877958
63369716
519855213
38140697
864734670
282625891
305948723
226550957
472860042
976544299
439900606
695394472
506567382
102729416
835735172
12883588
90295225
642628401
583274297
396687722
706853775
867248463
478176653
729107070
63206976
29570140
452614352
633796375
146585416
621046742
78955099
176955617
696988241
631322401
193078341
630659942
661190149
630485735
203564860
12110213
21081029
724720080
948115138
514643135
415108040
736143408
156109080
776927061
65355585
731770046
441473080
133785080
595307450
749675884
315547772
893851055
887993605
337348380
740268811
824903306
54868706
706188196
925919399
145841614
567535284
476912736
531704794
961753633
766244900
950937092
303755066
90695108
860290937
374277896
937683127
660132152
635761744
648363148
793440790
914647429
398761268
689367598
36550164
91654872
685751422
58940793
538923956
163980173
910388282
188700720
812379891
724634112
139632610
885892552
767939202
924633808
424041168
141550172
436157644
801999517
851679279
139725012
283478709
106834799
448819639
613013854
564599935
655839428
719223826
569246489
418217238
794073113
158036361
68318694
593395920
693041305
167270177
674606566
793700648
375464236
830968574
376005889
48925090
484666247
259099330
759210057
503260366
954386531
860552436
431403721
722955675
36623263
57557122
796150634
940405957
174592166
437455059
555060536
212764186
539385301
40591615
673269678
57709379
740282587
226649803
827650822
527734953
226704366
91970580
910742301
260695060
530176024
897664015
272853512
33517264
988987137
584025051
687886238
584283723
480809344
901693929
867176832
508089243
324120203
773398158
93725546
136292697
635433286
193028919
593016507
529385117
575771667
158249754
214615739
530084227
731909159
549994668
397359246
983036947
933766204
889189132
508938897
508415768
548627960
831929288
286762665
149847610
194530040
420382975
957076320
553567852
554006465
563939644
415935967
145861611
891295714
609305517
947924618
886070991
188396938
963972565
342281130
903725832
434848515
251885716
598174989
657354474
484591442
732528150
413226386
806144905
960790449
855474542
447966922
443048643
82406717
227720548
134601902
368964621
762608902
840121470
954910781
491784420
878170334
419358763
921083001
279510748
465233528
356151455
176157299
66499485
485085224
658649490
912984934
560601393
6458183
85268469
53183723
948010526
566042105
799172240
735655846
782861824
434764798
104564738
661344286
968764274
813602143
449736684
604632269
137771749
231149422
590191548
31468981
247646381
409302428
538221115
320959493
453807860
639573123
330262173
513527341
48863998
1326011
400662086
723479028
705726484
338900655
293462693
599966262
736890416
942613462
123423571
204011535
874763173
393448793
697372649
304276851
783725774
497836502
717139644
774717039
172065875
683160487
495787235
982968707
549024645
463956879
279317981
448305796
615498748
493280402
967172609
446172737
812074418
978179889
105359494
916512889
262992069
3705000
637928172
160780643
42612434
939858118
596750425
30124548
643427907
458749909
244066411
38027785
29095939
317422552
574568665
398042385
642941579
235944362
669934428
172076682
480549376
869840851
462058732
533749318
179625415
711283403
342087853
445003504
558472465
309241485
810849462
608179204
106820616
766576833
33715930
90407085
953173606
667501498
467073968
659660966
395328159
642613709
773442112
313763235
60246771
684960793
782185917
433269651
6527414
334581740
209130716
947511154
465339870
274981156
60701195
895546396
184100893
783604220
169646073
549202393
829975590
710052617
591787161
359738721
397462248
279203870
709050119
158262614
605213306
793243776
913214322
698836068
77170730
436790206
807243882
796816604
723515054
121574469
859537261
591465416
634973760
718538990
81022893
197084969
189055220
839194889
942558729
428497428
693215517
195931492
397951289
755841170
656138256
158502017
650227675
814025454
814475207
18255245
856570406
63554310
591451175
117457092
91291369
518559712
691530894
175182841
414030851
258444155
936458125
976242206
462198153
77249436
422933930
986407573
870006121
567767209
637713612
900301092
69185492
446702370
818895642
781737772
874206337
270720159
231894515
800872411
714468267
499351783
164189293
805613879
69199565
532538248
312955058
469137577
935883099
170514042
748199195
436538346
618455727
492031178
101391544
962677607
496956035
840978291
199744120
585791418
631033571
726872475
791298303
265196189
106448285
26653532
161845442
906465893
623337668
134981529
302810387
112668748
172771914
655793049
839039169
684030033
92336028
904453490
926122323
248101675
681419342
463645333
101512084
967030044
897234781
92105519
185807162
805455067
149074118
670216032
207765494
278848073
373615414
731838204
989846571
282409280
307207545
322586117
52674973
505984714
585960269
409191881
393532533
173417150
158925741
865765775
285499340
835891634
515523800
222665738
755699682
748270135
880259176
812207979
772926661
338388719
876448743
281719841
67113087
987138486
807987980
129839868
406211567
393801517
343522884
362333682
757362595
295317052
727148731
711851509
211494938
765264735
675049765
445266953
161898531
491979543
318418587
791221956
419363109
648689130
972767402
941873884
113218859
901252418
258916640
621599900
679614644
730345891
682653274
307726952
6317068
932284761
267223955
940831536
845871449
820448184
790426056
679892084
794282483
182740583
28003021
986399391
851411653
403218168
704972502
751136837
443766094
9091261
249783561
971762328
229716724
535948238
806629536
844711715
20153734
551851722
683973512
492615941
668733728
283586286
307813351
339562048
133948348
770210420
857829540
788902699
944572161
795616620
649324216
440566459
607662474
351660926
282784102
928920409
406711598
939268205
116226809
507687107
296198407
757415801
308660721
323565671
382890967
66317880
73314187
745332796
245789696
720180999
772699187
805110882
40651147
106518698
223642897
387940919
539919739
589771091
480039416
677845285
12351290
719333615
526907150
386813717
57677522
188202018
940011765
515589659
175847344
776429872
336109932
994665688
156202368
2132236
336190668
75810413
752769194
443456648
95673781
995200565
111833616
727009455
332517609
798184220
597186059
277011267
524864487
695389140
491224744
820572528
204258113
363894092
194770674
381226793
541280056
660233912
330946785
174460655
733710172
726012671
75135851
171015513
59869501
379752652
921807165
437679969
754575390
458670488
475159585
667270466
479642193
129189767
270253940
32064643
555924101
604689245
109968794
975354269
266143720
603904242
661873021
421805035
781515309
342474014
894809151
130601772
700637369
973155653
626662152
94996521
645220461
254170974
263505776
143756820
301855640
775011129
666781310
524738491
728411659
328932983
930148049
887648774
26344846
345715911
606430694
539914941
262619465
616521650
885245636
15676472
692303904
104948033
992024140
911335425
158445537
47833200
343055023
58901354
260432041
381243444
460071366
467359354
408121442
466189751
242323935
465103110
733963461
996374109
718405201
880257613
252934778
801486187
743791212
548472639
985367724
381379796
31798103
218163276
950851517
492423632
329952831
769044932
622205484
274879699
750718143
645196988
958722554
160350163
208283637
728961561
368104435
145279312
507920717
167448251
307130571
37764073
804947187
759068432
942508970
740389791
812549138
698568203
821463834
642788409
670762348
595449950
846699454
590478015
868286123
210531439
684589842
870500018
22359064
612841052
695990828
895134640
490102018
64683314
459457611
636586759
626142153
643219434
449837676
6205169
206746593
535617400
603497079
68437767
948760879
929958336
653135992
900762535
471662232
480141457
579003480
938143527
28104805
293286644
127472836
836844612
289811447
737091497
684513050
255773454
690935775
227974308
651196579
157283365
201427884
621989544
94168118
192520571
751484278
190154015
677904348
456664752
326793947
391484689
440948234
808213021
695790631
833461515
941824787
758380732
34566561
360092920
782144737
975209111
740253488
138286203
972745537
427549176
104594040
604838077
196353003
566321800
79024743
793247661
474547665
144488575
693279680
961231418
620368985
273002530
965450145
414641399
697187531
139534193
432705875
78265289
355930856
707237051
284404382
18990122
259629839
378042913
386859582
90357534
691947452
41519226
320205840
519199095
648744513
256798982
738979556
694087947
996745860
738601211
251300117
950834958
896397796
804743593
24181624
905013551
336091765
987429893
243025735
164812408
863003839
347205801
418068926
899912724
208918755
475324559
951917705
781865606
728047836
602438428
23493046
481230264
904442291
721555595
604255370
11547231
388131090
656459753
757457105
686357725
65443638
739774463
43624280
853334478
156439011
916553637
55239805
801058115
255635283
477201951
686176433
880028221
100209816
48091393
717952863
664682761
108423009
830750148
292167504
954743242
842534968
794511571
690317480
919623099
995724271
151784852
800180879
493754755
210223309
80175318
397285166
909726666
314827004
158330280
327796651
111692979
98549828
912491823
677508836
437858175
477876083
945427018
953948333
300248205
870820790
9885553
236626019
241968384
185812200
966222900
545005369
806047301
726167622
196166605
765279253
675127545
489437961
368194631
641962639
27707563
259665171
285078477
687800594
115811322
246090465
618709826
433464306
116909186
899225017
978484880
578597337
130215011
21025439
450060129
683715463
555427180
799861093
979310436
436000044
390454738
453931315
920012142
42460236
858381410
266104323
782709523
551319319
720368912
853240563
688275849
784604093
852813296
959509607
428028796
793130659
997192555
451606174
394752870
807178263
481911974
577148254
980657838
602473358
354153039
545714158
20684466
889418074
5398337
356214216
427034943
688386005
754624950
227177559
905333842
392002760
222785547
786609839
153658832
933481891
826133867
794319994
626371042
766782137
764398034
318351060
173194066
81200682
301432215
425656574
206272713
634891542
622587274
556047641
516429597
842617666
479273169
924605463
953560671
615737750
2404535
338062330
29578407
595920235
182294421
229222523
263480300
465688038
502902518
100521519
747483711
305548247
111065230
562001653
15661138
949732169
700026031
590071732
491306340
690907475
177480380
839416488
91367096
377905926
282544578
229919261
993984510
29853704
476843835
882082425
593819146
786306536
155888951
796268485
844809665
741550145
300707058
393666105
298085072
871222095
98032969
914449387
991776389
237156196
574073294
647033945
803302408
492874739
661195649
659912795
169973927
836759709
84133449
606690855
274272069
447424236
963028060
980137642
316611096
846186789
607498790
670887132
116202070
135948770
275301074
319425373
921372236
116324372
811597121
561178126
150331008
521320346
497564921
785137795
716767640
838411196
16988390
17475408
542366184
956327680
913576659
775560151
105547835
106227192
239782451
941695410
574560702
234998149
345008274
573740934
997073696
244031686
400923875
23413829
673038010
704601659
689958378
425167738
669536816
908754481
110268252
838106116
631432220
326409846
832645066
535332342
635088848
461394892
862301882
238789383
816318265
576861046
381229867
519700796
402597276
531863641
247635638
984296261
157765878
58871333
140325919
820818202
803005919
791330679
693610098
810486631
652397756
791048588
197882660
872134217
602617138
63242234
216554350
208582681
169829903
590785531
953226006
521428566
925531995
571793887
996826765
15536266
510235803
388015555
335040716
446036715
297980425
732244134
48716569
629309251
720008079
437123712
613366329
838354923
954520302
761165564
429553321
588206614
496429155
677689954
440432829
433598743
754805833
637565205
670165209
660279622
389077582
123449712
803855591
286132763
761622991
860284967
638466663
77081270
340672599
844184865
878240996
436166712
174114509
371264430
903780009
113092447
320901461
336835265
566407087
118210379
837100845
779632288
140591786
247274497
362761631
943405300
201644847
680758945
537093835
75696026
703015440
357491657
627214592
394209351
19837937
698380850
17244205
141384659
621187379
782378892
677200279
612296671
429099307
310055711
571044513
626098054
331954531
218933189
496278836
770440875
87993207
276910463
280818624
245955812
343655015
785197110
934978017
2578856
803926482
675312494
932726555
273780621
798498503
110835384
891882823
11838165
393949977
629307658
964801120
737695015
93299375
268364161
684840995
984519381
818483074
972722578
135076227
971942973
33179122
157653544
596006729
218330926
38948363
592183168
650459378
428739156
234034452
145540462
44711650
957990180
439926409
239569556
204385244
910135419
357809815
407641072
142882032
259193073
881078466
102945326
785181704
578302349
391628793
410403331
28284268
217906982
885663800
568783346
562473199
369901682
183739906
717655990
666290260
134325110
355944608
868269181
594556049
712781841
507568470
840236229
405911038
154578227
210617892
966569782
484008891
844855437
517918191
389609981
712309801
527957663
676310061
674786038
622878995
346293577
736170990
44145648
1284878
981087635
238690437
853758868
228795820
444884588
814296397
354401924
209862622
552214544
107591187
457144003
135999122
941221743
554698443
658569096
429526945
478660885
422474280
713951303
517056506
934001170
40496560
790547435
762382425
235131779
712485230
170331721
854735715
252556347
89199099
645658018
889723773
211376983
447951260
268036595
6647651
880110869
213604160
914078276
109910326
878993548
854534856
448410857
845510164
938506574
965618646
707276295
317444220
744509693
864953234
253648727
436559430
470172558
957306590
41819827
132251696
189040190
478336208
864758363
790758023
819682474
359651831
734863167
751351223
661680947
538388663
488235650
292968634
809343506
133017360
913000197
222222392
309036603
651607249
980736742
958117675
127858432
607371887
429492628
468853266
861304603
6133892
881691847
711391053
335497688
39577675
671952021
422459802
901582239
859490722
522299375
865448922
907987076
157201292
723996236
5441147
510173940
33104880
638019676
424710388
168242705
318492456
319263360
64419670
455437668
765166578
666175834
719437786
488804693
936731383
641406713
577738878
143558607
158897181
616102034
733132210
567671148
845803753
429746503
908279918
485923704
83167379
254270816
316173249
24206582
805232506
671289634
250159380
853812375
533660546
627944308
392682963
251135012
612022984
6636264
919160438
563991014
779174441
153437212
248464238
743198518
639979262
764923835
354777091
846386471
728963000
524173505
143339338
936224349
581814044
428006103
383647963
644384597
796649391
290438421
597094931
744296253
687775488
854368958
90468020
808814007
568427144
442023020
985036502
226432866
190338396
854098937
704932237
949366648
23265119
98054894
433018412
266156281
72330066
995813270
374209764
863134535
945986463
538067700
159098503
486201552
281345636
543093282
891923560
397348128
531984544
967790668
858171327
519929432
569152574
604967024
4872238
527972446
963907160
149413467
699981423
389809736
679669298
769149848
433361438
459572313
499187195
919030255
993915413
799772008
225896352
741971608
185083522
761422128
862986280
326131691
588808659
905706270
28089730
597683647
749834023
889546669
918399290
176061738
990030078
737573205
276666915
767487366
784983188
274512755
740393151
791239372
545887427
971159101
613113188
306787662
295512875
675471761
102739914
147085529
552010570
254387747
89500186
205868036
784841809
479173209
474427485
640198784
761424035
356317263
737417617
579751199
860119939
606017264
551328717
265825895
710532578
816075011
421938716
988027870
665688332
506514058
756815677
885404020
542004076
884732192
381286731
63490928
540286527
98285533
501333250
275919003
496258281
932185047
112808340
738469870
280296132
294399432
58421171
318834398
881584047
864351205
217684795
193532554
214887605
729055269
822512363
515188183
872538969
546584159
226569268
592210145
431863802
438604299
516236220
293940729
849312369
133431344
483912188
506345604
695920682
770558702
492405432
169177773
154679380
924926598
901349364
713045110
365000419
113194807
812639977
671195899
856637113
406391048
611876632
292078872
100127092
705731769
323200650
491837733
303984773
974559926
822097177
307989234
494524584
264640835
67105260
212938844
329648027
645293278
645241580
680738933
66990734
660865131
323248549
124264266
505620896
441894331
920604000
242663441
937749787
885100455
983078003
367825006
622647486
296288104
92447014
867786860
72667892
103052283
581611381
958782709
287567883
899484152
397073952
594889336
749170220
810324162
372506847
474435604
179800821
826529207
314352809
391505870
685121075
536021043
898674767
850022004
721743385
399639616
161615357
518092594
218239276
412904213
416168413
202354527
862352335
63427602
68926704
277438925
123240453
922792523
576131264
925947393
920238768
521623615
211240409
780235641
705556162
366097433
140470100
517128049
602855242
679892571
155534453
659429647
606714768
598009418
158003922
27768328
449961021
348398851
36143514
182924834
495213279
342363945
903934205
411941709
52943408
86877481
101661021
472405529
171123669
861863346
225852176
321448411
128063673
321806385
72018
615568624
849322352
796012873
147208370
909049665
830471979
353265682
593677414
417872395
536555143
885305641
474297427
481830735
768470555
414646097
958024879
701814272
911969779
662146353
504687034
917417747
445091915
993772036
684838649
559682364
602250939
604853896
758750853
232076273
10924792
70995129
191817454
79957645
370847719
208007252
561922266
785104044
453711799
44705058
217453751
262547933
153935310
739238064
429453273
485650636
130701257
70757396
878917266
992535051
274999503
477461957
251291900
218740146
283395743
786083450
48028118
144628498
165638419
264087888
296659219
85825740
533895782
868169241
208022202
721983830
321373126
75587041
505848882
522045564
699139434
745171592
579070446
226459381
443773310
36470870
701854760
886181875
907189307
979509072
786436422
83459001
71887607
429976270
670196012
894362356
929849481
182378209
748538855
485822121
481872597
132132173
29112755
962714848
684139116
185401663
828346412
355780059
811032282
214885780
855275734
249629016
762850862
921387295
758651785
236703612
807400747
911743547
781162513
907884408
425619477
691499061
162629701
552741814
451960244
894203574
873119678
8971233
170917978
963803645
42315625
153189704
764299432
415120367
596341886
213646627
374985810
868919690
163300968
923260975
797948466
224980439
256087226
30863489
799858860
794674845
953882048
132241403
479596327
122549435
810854035
471302221
994336786
52276765
841544314
989676643
357001205
361548540
30989264
992879071
188306646
994402083
859639728
654961644
726972659
631557475
981690891
686388748
59127539
10064
602254726
445623605
298748548
170909945
34564295
437154153
591768609
745696361
730989754
27040010
813007223
414131067
233770631
927230927
451567487
628068711
404195587
657571451
131624664
960908524
143708535
526567932
261126136
649617437
328370071
478941725
415188577
864053913
414778629
821516109
949719840
65977882
516774990
980212691
744495122
283442289
413916107
118782466
864111612
16502330
918864294
720261577
373675031
155032384
201858549
79956939
126615961
485016596
686848632
602641075
854430105
579081630
278188280
839116900
346677962
56568333
332133883
633237310
52252683
525082429
991311256
495691999
966895102
153484142
798091862
905946554
120031950
298792674
353368555
433326683
337402697
134931043
729077749
141063050
943273477
707131844
697209242
954576500
75874228
792076696
439907349
515269163
160801561
908566270
351635561
968266229
210211259
383271971
439502462
503785869
169504400
738927423
701217869
588191168
576661348
118249622
584569800
334928660
654395276
841031586
502313666
606287203
86247899
774891287
323696295
240320379
706846216
61337714
159307871
112134771
364849287
738686294
189316169
956774205
863675233
82482962
575663430
13030609
447843871
938334465
603741704
921953059
549262562
311728830
698028885
534060692
390982229
498256947
186146818
966039670
975793873
539248888
376178129
328267241
285554669
442468862
587019486
12472150
196108616
40061768
754087840
187250335
493644666
564835486
214603769
627277740
197112615
859225242
696890287
359318658
806126560
552737651
692987144
90889730
433051164
921317257
157048494
990723121
215638850
86888965
486350222
333671235
902069911
59039411
608790665
985965728
225155575
92513938
879766881
944864963
139832859
707622611
469173910
997399335
454622886
816031553
840462091
165534770
322078048
305984446
253273291
59854597
322104503
247830812
568903012
184821468
574314604
682836285
869866858
889440529
540953424
493791053
758581548
960906177
437671453
763454621
964880482
146690923
641845482
658948613
255806188
99846352
327376180
991622528
97972046
933761439
12276188
517050291
218503030
403778848
495722012
981604672
240493100
734030283
762658723
604872602
475861350
835190172
522163263
819747314
843344280
416204063
837402158
312904058
761454356
156379509
72934086
905959432
884300912
47989495
675333047
216282287
924900077
86889611
77421576
601479889
239906390
594613178
104662949
988937763
762777231
933921680
457406967
984823486
222010352
42321147
167239144
410013352
333204528
991893853
449553166
439266608
93442640
434549693
511346649
216127940
62186458
862326545
819585691
900270477
469556462
659082197
696702013
48030358
206025792
541533110
745788735
127861385
555049790
940384774
601831229
39891685
907345066
790523832
471623509
931268225
655049663
264324492
816366032
478977231
782025871
595336339
340193370
554301782
780414828
662030465
279323560
407806796
18058043
361798638
867689913
956534472
417461408
980898536
390974060
689344781
9200237
52024710
847995160
59707356
222572030
623411749
376963454
157804383
900905535
188699975
275681264
41392118
284692479
181549361
75244404
349268513
497150696
534251347
631906910
553097021
994750331
225527296
630420938
639611123
586950939
147696541
596849023
424776857
397892120
454346045
871120530
631349175
263335800
459066361
895146305
643277434
819671413
376399572
498298526
768108492
782360473
701157160
331036063
164833729
585210132
230334045
637035195
853175980
301475128
346664303
165004995
492543780
484411143
254842699
377946744
124528823
692495969
541665811
617487672
39208621
594873879
697394774
534592643
297167735
362605217
93257319
430813422
735790068
104231076
485800317
866598486
904373288
383047571
166029731
163100617
229743065
393628010
546745822
855037331
512437106
213983900
514007971
491662567
356654479
33072507
210874372
902935937
38340252
664933459
535975035
996679288
435761777
749716547
269829534
678703427
351430884
918022132
754437409
756553709
207453099
361293654
958328261
628510330
710752378
835447647
89826453
620173308
38576640
331397909
654900185
837418412
854565412
643730250
730664238
630851839
248466067
363982435
939960506
502291158
629860783
578650953
48367507
909848583
628617433
33529497
585202583
44029548
263478462
740418690
764289220
405327639
134432953
608069424
219051487
417927232
796140469
271763236
460634756
331782441
429707775
142889881
512318073
375290804
120974035
333414887
78245359
445125779
495101899
674321285
718498939
896722552
765662336
606713244
735305444
726959211
203735866
978482633
578662869
584710040
986016100
750440703
672822381
71241884
591211700
181658698
930393365
817734203
747123725
664489011
346003254
554672725
816714551
463579244
516266638
646506110
18287931
879864858
568480848
516862040
86928594
229181807
436462278
441907909
521905958
514655515
91429718
701973880
692453320
361272837
121262972
696294677
497101622
938402926
173276921
751564443
14220873
943840377
174922791
674187188
700278196
565098662
307205437
779788156
846542388
414921246
908613544
396791682
593268127
198639639
171203173
490048149
312254847
173171471
311480602
966804674
320656608
777450872
937918495
264276615
86082854
224981800
608728341
86309868
754884819
671560900
681819439
862267985
904030385
88765315
626390437
289751619
321112798
979037637
818044619
37333717
947360254
940532290
397885628
835979374
149610393
399244224
264008496
964818205
879793541
347479191
138137734
362819564
422951266
642902884
730730249
263588109
780538291
678381128
135471353
301368177
177733798
900343160
662797150
550794075
431892100
706447646
191224297
815316543
785497027
935194762
298470018
446907306
962161241
19210542
365296048
709948424
200601017
802768951
346787813
757028968
7291509
223233139
554618530
4684988
766295291
432432970
425544550
339670987
489483441
855937988
948665175
918405187
209410882
895237492
998184924
106650914
565087259
443373849
686255620
679908972
248988075
208581440
800451701
833951493
267273997
229095033
300328123
621930675
586314040
454750398
702450393
190190206
824303502
706943078
791731279
868943793
332498585
315265257
532353938
314567063
987364482
739555029
662881407
516126504
848523241
700182841
280264798
802186517
241113740
386178560
301337641
791773081
543242028
602816100
850794950
375786155
836058737
186334289
751270451
892878513
335842688
674457860
919318720
594894922
706120199
505045527
255588680
127468072
854481833
523653426
156886953
860714073
769291053
474776424
973202799
328854761
833239326
715234226
602711861
163414749
555036970
793906119
923590883
118712571
635888677
861300824
438434366
965681113
364022292
243456309
765398153
3239841
608230584
410732472
585487500
337725335
118195722
118276271
605183059
620470636
633540502
831831023
190493278
994564249
574571818
297677283
221463494
556962351
794288170
142827182
662448662
441705572
715378551
997795355
424703109
646182490
704416148
191989439
689481984
146022649
384011479
620127947
265501447
829573057
153915596
646711270
427035841
894502630
128747108
810646425
560614172
760232044
806239040
8726892
809813214
901566940
463181632
375576662
313726229
783360910
927322148
249508290
814479628
903240529
618834543
145453895
452536960
650812038
986655649
986769051
678516565
139776446
996676634
284408871
765374211
929919222
920349288
512006886
480675199
812331516
371826728
299695537
124943258
247068609
67651412
742628368
876269312
168928308
739805832
648650015
252574439
135022569
357654007
468218829
732394374
914366522
951233024
587497490
181035461
887523096
99282493
419365969
11881966
805761681
359957642
984453455
687134286
217751368
365061047
424916054
676762553
832601997
624442546
166762982
214022315
443750375
199989621
722377260
103386963
16902224
902641469
372654048
742344552
171338050
933533919
709012974
668176800
565391920
364393569
49054573
991225303
443894924
105401353
849462330
788682800
608408472
709500783
968282713
942979165
664407649
298335392
719321648
458022135
685077443
327224211
391094385
438456905
303960198
683193897
353509198
362224767
696570353
765999085
314766313
494956188
120617802
90264920
961434310
992467994
427036786
225731034
671456718
742338014
889708221
107001158
987172021
912548232
319848714
696757458
312512086
78388050
306836236
899698687
463734258
486797203
959250303
456909171
282252438
975425346
969110855
115333648
184184511
876792597
45163344
203479780
877759446
498050237
672395191
908613819
95554781
837097701
597341984
458568535
728279918
350706567
833852585
402681553
348853891
421946018
580648391
181654968
268373039
728515626
518770258
503293729
177792189
956221679
606409766
755456313
432782054
523047042
481656996
445732043
490809654
26973477
148138565
243111839
116190237
623523617
656517351
336141088
781269471
773316786
600615543
99667571
920738037
737104773
532816006
503715726
195000848
236147884
702072219
593543253
211512188
271974021
541976668
28044551
481647117
369736059
670017895
977373687
467525652
538488507
116117885
457898759
976224781
62000925
680975854
512802383
451057571
976794843
195836916
370455849
778440534
791048821
102815827
655966488
142975206
120682885
652654982
101320187
651486052
179283995
827870918
927632909
605730363
412523812
25593271
151720942
320943961
221104327
954693954
118785521
123332962
284939199
973351069
198811161
655118694
35272320
888013563
914286523
534934278
441339491
72647094
934240999
412307759
970779692
896664076
71857583
558695005
515380302
5877639
886382082
853584757
400481825
597831598
590623206
625505297
686552897
869620020
273623333
110875502
692599545
673998310
735571322
155287650
736309002
528765430
77844813
461936530
182006343
174521188
589639710
985360836
205404849
330448676
694494214
555101314
164881592
338591415
713479442
839602532
180534159
97895871
312458350
415609156
685024708
108357356
101557732
295841277
434332304
957113523
622824388
121712267
343951240
535762754
667306280
577034633
853793964
216749229
700093832
835149429
955386312
43774520
135690522
178347021
135700776
489519940
48223894
512722477
919204299
620807201
567683600
340975521
349450939
708653336
637818861
140298601
290785817
285118526
13059949
261474159
17361360
637519809
303067160
17557508
316332259
725927313
664946931
701641676
569351767
4538926
278206357
422479968
53099868
581571901
956206973
915410075
618872346
243547235
118147029
632156617
689402882
217144205
731854791
793346268
257462408
359154525
371105647
628983637
837223320
228675057
110769451
3508843
269147167
536459984
146868607
822636835
588871736
846137732
734486091
554472476
308625607
442454779
514033484
191757225
931179009
525143084
307780855
400995841
300184488
923841889
51846169
885538745
409904123
704233455
643570209
915786664
354831454
917094868
743880053
476071568
384163547
480525047
748290180
148014018
213699195
322497243
862975917
286776796
914285664
256100465
904849007
213413711
398625215
477560189
141207386
590077679
893135887
287584770
461393559
793544126
859327932
158494579
368033660
194089145
821165983
180101544
756924083
662811110
411420484
176179828
641952271
719505189
638387830
923788049
155276883
11069349
911332486
632060163
296739242
873558738
253541149
408709067
384527341
98558622
116992324
204735771
550072109
403839875
238515100
983181556
873385244
276096845
475170647
798562392
100335822
685980736
519247837
518199252
365159241
926509537
761413381
474348676
289094012
516839246
566112153
969733126
919796970
813678941
347068850
185115502
129151206
66030117
775835306
991741030
689957189
197709597
493060034
917509608
463969777
669510729
953175671
929538068
344918037
960706568
52342012
727916245
547931296
919560274
475096808
466876340
134725673
775513308
94575086
430875370
901335355
921388148
66796124
605710296
700342460
491236327
454686899
165652751
799370424
931668357
769442239
157109896
500472422
220630277
982286324
357177300
143253712
659406675
741843668
469647338
853223480
744004322
704107686
811185930
461275382
1975119
4621814
596285124
299929587
361775597
551766218
284372755
75820478
196433033
794027470
565589132
992515289
113531578
23627043
525286624
945470955
113290186
31477832
165531035
218529906
357814367
483853259
850032787
285140154
977961621
400492623
210987824
406624414
785599802
448095242
812875540
387478550
740245785
15311945
426386169
225653501
405201785
58633900
453221637
475594097
542124053
149534859
192599653
520126286
947920544
815646269
975801743
528991377
675427513
740465144
467994211
711120512
719676480
259291187
185166164
492143343
494471321
148518447
796830328
729466707
294145736
108039251
342862055
430138219
943101904
973826482
368904816
432939124
76648401
956123322
371559563
866213866
214716537
945837248
564897068
298263954
822968888
212999590
689782432
805947243
314713765
156912745
281322246
301299543
975351616
401318690
440401296
108356685
728737291
265994775
897704502
81014520
838378721
148694766
774063820
558092765
914492835
661340989
446381031
891745527
807061598
721285363
108100600
67532342
641807918
253858696
765702048
37954271
488829040
984941997
322372420
154759892
915084577
698105632
707820334
134742214
374057605
234477369
734457680
587425151
884629981
255776037
792492003
371866579
536648480
553366279
735002405
419202523
172199779
384037395
198653384
122168589
903907143
815256795
503963244
906928397
216648073
881420160
308064707
737711552
679608689
192731862
735128110
700283960
4803190
442138384
669747520
72746906
211161460
983511363
800416379
972005024
637653673
592479993
648523611
709418953
820932019
92037139
906155276
951977131
449171541
417940837
216808432
182377433
435885560
599152326
829999078
859626562
559411035
408512107
806475524
113148859
353224517
213151169
104433731
501886118
610622709
247518046
676164833
692980497
176772104
677903440
277699573
687426620
661167923
638207602
643452955
72936310
765405566
979461401
263347991
737667827
864737039
976655082
730991176
591875969
826770824
930878632
296401420
921681691
693721448
356457921
254985297
462763963
175965350
25356718
788510915
95762370
174438180
406199538
833063572
385839219
155511469
569218311
956645942
949443299
138746896
414124176
844311761
133977123
495474871
105271340
90404257
689224746
119332110
192480363
699322606
232379131
671061958
789306386
467222657
604299600
471861905
383799953
813139888
710189462
301097651
27245968
889146556
617653766
969939449
959512305
557800104
593464930
317696719
959330209
909883387
576566769
292081517
982005144
989748318
188200382
402307187
61629964
218492383
12065420
429756862
991212517
272004744
108677787
393219800
467199099
935815227
397780994
824620699
658258585
948651008
469066686
73734346
279535255
472016848
807289775
855204546
125589386
118935283
241978036
711265230
905892834
289247193
703904959
215568610
18036309
243114303
533722159
147232101
704090216
709891327
919008040
643689322
280180790
832762177
658082951
453151667
848122611
605334962
136811816
367219017
893437881
578797639
731866012
515894323
374243125
376123342
890468174
794470441
536534211
210248626
603169988
84291043
8432362
154151144
992861670
934829539
383627824
414295303
735788158
253723631
49331756
502374690
856436895
383601235
764567159
778313504
573688489
510226611
207836147
613936547
780964138
915180145
938848467
309253109
330815010
338264270
845479414
722335129
961512090
565374486
393872097
1288197
680687038
767385588
302464840
308255683
172902821
137943385
340878025
747902683
757706469
993146539
868646219
821315215
809474933
421203639
677818062
912303641
709534513
43204797
256234917
782043247
905860618
611444251
424702337
871426586
314498209
590814143
892038994
175896055
173239255
516977756
189349185
889273687
664672265
682967598
926323895
305068995
537577309
817197540
355219124
516728422
397411769
159366183
848012247
355390727
450712185
318537883
676881848
887598184
975505529
560491900
381338273
87973274
666072143
705057943
490869880
125131017
718745903
778688113
318110390
305007858
145847285
67421230
453460128
705998375
345774024
479912913
494284659
788154815
282138863
700202417
530118711
321988206
711961576
242963395
360202155
368765696
551315014
833367546
553225028
910986116
811434573
501009114
413876790
79201287
528242899
13921610
730851088
625633487
299686531
757187644
544323306
257729146
576314942
701033559
135217585
220331039
773942963
935076453
303288073
35741458
450064317
146822239
525156108
20311705
563343470
376056545
817309601
208343358
106905434
302789686
960117533
278642987
807079540
290947395
707461230
459516686
976889380
677524042
939911171
124254898
287115203
164899540
377833945
6132720
103962815
734492230
836516679
683447821
367704819
403025729
39000025
299596049
902893977
203473015
16851844
436836688
687369934
327918847
321843461
506837602
553252211
492847581
922786457
143812354
6283940
380699645
811683033
612127593
450747645
974693489
547683196
34111158
321195547
626596100
16159018
850858289
873670437
648734543
98574792
611997419
600518833
952635380
841694036
338049574
401028701
82440841
621183524
581956573
523975916
811466502
492186689
949428832
613222586
182599242
725053370
929125210
780743378
662503340
818809214
696641100
968869801
371806442
616257335
540992235
864166236
463896205
147734532
963665382
429962930
781151733
201923632
441788378
564625944
689361013
417501772
753115734
16564391
480588268
755488533
219891808
882674355
299564906
529829608
484739408
789032242
604365803
911413390
529174436
36292761
930701656
762408370
606080481
402219621
215641409
109785534
437254042
37690842
878189366
984585264
710206713
432986006
517950600
705638399
656428054
978704377
97500750
914706799
198479516
516216648
575955361
356042102
291113097
992448198
90472767
229997755
819084417
963345180
511949405
589067233
588796630
73331896
53696092
118930284
288069125
230086550
848423119
410489304
109580182
558088514
374733109
18803279
1840383
247772938
934330293
797620462
168177027
339611420
620724223
834472924
413057292
347037344
39737855
944212888
609248723
215381232
428056151
97596156
197906698
755411550
704026280
120420791
754737400
949314546
199451366
577820195
67259181
323730549
70640065
996798683
72025926
502237492
783804727
884521914
633156792
628479271
787928365
182170544
715101963
873471868
233836172
444040469
625612242
989309316
493639182
298701249
266179756
209148694
655772002
865283951
665337311
761281301
38064386
851493395
408197322
661624881
218460138
283583572
980230440
988418242
124841105
216933979
267381075
48574961
143043554
224821623
216423505
729086381
467902690
144804932
297316000
115577015
792835428
275174752
372458067
963716290
924464021
360920085
273554446
539158898
981944908
462932195
884067941
493154207
119101321
337390410
746145020
686632223
322333862
257767451
463750593
887602057
335002446
974770222
649372144
365931750
119619007
699430890
708806084
658903580
549517282
952061482
338912649
809831052
536470584
845466374
720603048
642670561
187759465
942016771
545265262
569467637
773095627
75320128
213670477
270767058
819870221
560133259
250891821
717910105
669764956
576220341
852479988
60224407
871153019
615741765
690256779
400489647
355478492
665854529
619284062
197789721
849887675
780493123
184140402
296511737
50803642
867748000
178337798
779029832
701799387
49164227
941450875
870012794
429279366
508126381
320521508
446538794
484005714
103764422
774200472
10203409
643215970
297146814
436328326
747242602
839453023
717371719
531390466
776352786
810892184
844906565
189441296
255651204
669575004
411509601
75501028
165744536
22766335
697526675
680327912
728412310
812063494
886488311
291685593
665917854
586978876
907255239
351038746
777691209
662839047
762854676
150987617
951809996
191081419
351298826
561354897
270783380
924573568
314807127
111188421
975191716
591719168
379598564
97071954
219696420
407134944
739378955
411569889
609301637
100951313
75203442
287056001
363733288
933774880
786108937
421980656
249262889
220044489
834670042
732155344
843564501
513505420
214664479
281657989
823995104
795775979
648028861
84480173
739045794
736488963
685605602
839279764
119192208
965691430
76635013
35077993
262833362
738037857
56879341
602131659
639248977
656145091
679897972
33957960
24884237
984066441
57642221
611857496
259878490
501728930
163774799
712909241
153638978
143435832
450604011
447912797
23166108
460097838
557533638
48426277
276939738
177800122
185843431
450042169
112809754
738943209
309144756
902934188
845951363
990925552
635549164
858916044
790302513
693168825
918121206
534023708
115724595
694006421
360818167
296889136
265492148
50129392
311300689
385903717
450999636
745883412
183786386
963850855
822230420
134420740
521623055
339481683
573680438
943956325
516633145
164073824
10147990
93523495
484746201
371339505
186306979
206542719
82553065
468482848
508881795
932189974
882824923
435506748
782584336
29430963
518752049
270869947
436342802
273052911
811691778
570293653
441829176
641030741
405228329
947731616
315230189
92888427
991218505
896141108
301610809
911659882
79457968
388592447
627747817
693132017
483585044
876610313
49078306
749499154
917797359
981555760
962890274
472055611
452316950
11299540
905870675
272989953
11733571
134834817
872001552
882895212
427104690
646741065
57363318
944061988
751347268
17643880
603828738
417689479
863213544
861274954
484396466
439115603
768816894
869904804
563527414
50324916
599659473
611671094
606682045
684902980
546525926
465496721
591026007
163224717
501474345
527014655
968022684
579924788
139268635
699369652
765953686
511194388
705117816
703877209
844755446
978394669
989973594
365446130
701863431
493287134
254548099
390962690
142988382
284895136
474536084
760144638
675637119
103238999
576012446
545949909
838475713
697596988
706903075
351549195
138251000
638737996
941086827
493948272
870243778
227184868
42535653
374964305
565101637
45241294
195328230
164800632
426665946
802978776
138933568
88552365
539757201
286571919
985392223
496779878
697987760
472717660
198145282
116201585
767096172
228987999
771178317
723909963
949417193
162556426
962427027
773574099
974045466
810052096
691768724
4520201
75773701
154146519
899400566
575162387
54301713
135883410
790401579
135470918
255138133
170809536
618039178
820428295
897925164
420972079
187108295
847757295
321409506
36563441
415287959
145838059
119544701
929569443
303620972
751727308
360668156
972948333
951796782
710376002
832103729
416700224
122768714
759882444
739226094
270505932
722628556
60755326
960957388
299969563
26728795
671025972
48595235
685314214
128443535
663657702
499435512
87291992
374517770
955589503
332855830
735064964
252598089
653816984
226989775
947007633
164717167
488422035
822542025
318841416
631064363
339165477
932952922
215295861
846968518
982825255
526971431
902391883
453653700
60093299
830516869
219985606
491046772
383327487
937836978
672100572
241978530
150583867
200400751
625810242
589128266
809602107
559809263
856977092
877161525
830460958
581174741
327835985
367158972
804872683
336416130
302547050
289840933
293072987
192832392
372209318
566411855
429483614
467377103
843379662
10784291
429385659
500476525
762652324
330575397
515425047
784624237
578891393
809682777
556047396
303639455
718864185
909269821
632825021
247632572
842188866
112520449
915474037
195747123
608554248
202039229
404539391
298787622
112762670
238187885
785524913
829626358
890451550
66034991
215315095
257817734
170442769
534890707
667712220
763587025
681623538
787415574
218741169
360085662
484685510
671144224
742711264
163375270
935395804
302759146
160764339
509267164
766889146
371992401
810004594
34858830
652420280
777842150
223690957
645287511
644608164
332558967
447967925
431038045
311145719
399783757
880699406
553360494
392660302
63653197
512235597
182013310
366589420
851761528
507828354
515406227
311622984
222765364
787693834
109673053
85405814
261674852
552578139
706563465
570049436
672667645
853332103
573997084
757468208
879404564
391036456
666552804
338104110
448670725
582417169
11962464
348183713
77238183
221863200
204726437
710992480
547712881
310892391
269298065
530732598
211952155
538980240
167404495
85366181
729643665
143264443
232557577
575255220
902358597
614535935
47622575
636064339
984051889
261704213
501500990
516281850
431304133
258399388
46177283
484693441
65447092
30669855
992900945
343500757
428080851
357311979
102058734
818790906
967509898
776613523
264295104
993537661
904325166
95254201
700992081
652053539
756812779
377167666
450138827
483897138
593938357
344669507
773632728
631273273
763573605
829492949
528245675
181631381
685650070
887803802
755254918
690736018
758495850
158073185
190686209
182240880
53263419
657376020
73290831
922691125
909233664
241923867
935806400
921829507
744844603
857436346
806774939
54712235
386143032
774970804
851579511
859201632
309851718
812453374
762826527
760166801
120746465
252556555
186982798
100565297
427875076
431999970
754338794
141811819
54505721
76908226
494335705
581296765
626679427
831213328
835335530
890966888
632163409
139438953
560365220
638492039
44534716
478063813
24356865
977649268
560504015
436923924
65840275
973774710
714952225
424238739
53810023
926546589
558977593
714952555
263344730
966673152
31426035
334450816
996279366
846762333
995429551
889138591
477660544
137292847
753010933
747120634
211369149
418702739
140789499
742762
946073313
665994127
915911924
626365554
266051391
801078481
887328946
163921566
284705005
894130686
516602421
27915222
269773514
78832599
767392853
305311698
429553449
909241798
568655365
119217204
973964500
995086195
436651908
869841921
299656535
232645612
393897509
162784261
726819506
104050481
648106619
120875759
764431765
2400610
60038546
145777422
357326500
94036377
259404386
378620584
269494019
529093777
218986504
698927449
356652533
599064665
130317129
761609421
589018797
104030321
477810927
406121527
515677630
429558668
928489400
979510420
901328880
46112709
643776786
73627796
210814909
618662678
784606251
877414635
969446153
533029309
6708732
40807951
225637858
65538182
782068023
291609516
162682351
835921435
524637564
122892997
276383810
609717277
127006939
8903102
277872070
334486049
821878562
935589149
458410065
447175738
129438389
655109440
466270593
268471982
573284952
831713964
948427209
501327290
125869877
116512035
19673665
308359489
286863615
582004816
304687682
232848079
558299789
906782975
900220170
691570357
41040503
644124623
94416200
586724543
452251369
997311787
55879120
460150353
134169759
300050432
368219352
886016048
726540778
530160836
105677011
110668780
73275240
938131624
325756267
781997988
509977625
866931011
224133800
602931696
255093713
437962957
294826315
333247431
986814120
279414551
836385130
634185205
252530184
300932635
666959464
402634186
685020578
842041863
685437291
539947370
954516246
689487688
874713551
487761255
128340790
114031918
19573293
859222246
595208979
692141156
760962238
175877876
606160209
311683277
921120301
479945472
130521761
18974859
389912774
603315103
209824550
25966031
906136711
190626841
326311424
514177825
537338082
357748275
980623129
973761961
528417265
695554430
169795321
788952673
512847554
942006157
123720476
403625532
796043184
607612125
711987514
382334202
606895833
333443782
51794518
816761905
754428132
64244174
417429153
67578717
687371328
544577706
197032645
645315817
371300470
567261433
366135788
621600465
620777727
205397887
530419668
115943168
200814698
440875220
378956331
603383954
700296620
985802596
637995839
396974790
860960965
612138890
241714295
526483092
589231109
77838850
431501689
949995692
683057019
665460614
397248552
447473760
116242349
345567617
909461163
950310818
981691079
527637404
162908238
859244931
799359859
776839721
363201657
429253947
962180475
466956022
617697715
922545675
732346992
821150002
814136431
296910359
394476237
971955615
348574583
970345418
36975820
510545490
226912809
372341389
896500118
797549629
285116443
986848535
601767027
11208166
271150827
529777280
972319120
406158945
993491101
1862356
171437085
404201950
356570033
681764254
576533820
97536052
473698313
93294311
910160619
837188164
517805365
426817777
917107806
853190196
651601142
13518247
88426509
424159544
644774768
699061710
412234427
174784475
829865879
137472460
106741233
540637481
864821076
102128810
225711252
64617740
350529806
773316678
570361161
747879468
186653142
960896803
415144819
94141728
502606403
57735245
315903265
66166949
202876553
828421828
24621249
692945846
906056992
288817226
424823852
872012056
750496063
785695276
985407093
536253796
650488145
511344390
175442586
140888790
959954273
259953721
213941967
174808017
264748950
811515422
365223520
593087320
654290543
718667813
526929108
449340891
642291464
259747520
871370568
299876140
651088772
109561431
671626005
848642431
791429195
425969253
392764257
300174086
469859927
745210155
241139623
174907306
311866411
935013423
144470617
29193982
176002795
804315052
193292462
630293916
702623
546579071
47748424
627814717
493409357
964058093
583248779
579315981
936509108
525136586
981118596
610744241
684682954
261185767
140625839
282560925
920470816
729992059
711385396
848890217
636448663
128248862
87853471
716709967
454831931
859081074
228224921
169985261
532529209
497731907
694730602
189706420
771511302
867909542
318517463
201687756
773618887
983991103
208302676
793008270
448242953
776849097
165621695
669410394
630447315
11647376
875320372
142843340
707871737
728697209
533851183
309985258
860870089
877760475
94696506
380785724
649197077
456013116
363697794
991380717
415848190
893225712
272741138
537548298
349087199
523752251
481986009
471854439
398671622
423740709
547818971
858927895
426704431
240833247
543501964
213659298
750350838
793320643
463304296
245732521
10545133
583375253
130971525
145621410
946721639
206231663
204450417
87378442
960212668
887764764
533456599
617610368
263660732
496424590
181206606
184632763
118916331
817449085
254533382
790778756
286043933
73108070
655322607
540326863
92508836
317680643
246119666
274448809
988828361
971977068
927483573
893256005
80701228
190025962
688958970
839830599
604454635
68806466
248803997
304053664
827180255
972345491
435838471
463823699
69439083
119427049
22579077
847397013
609623455
491351343
123111744
442239484
726853053
569243685
374087882
31279991
698150571
975661006
347476749
244879226
640773468
838751854
446525299
67980570
927748847
501809525
20139650
884419376
209780249
639131920
172779863
892761556
953646175
537345846
732201022
785534421
713253816
839664914
93814956
812830225
505953878
463885081
980677408
142616933
124305557
446014598
438296688
557944304
368633532
296398289
342178337
430301187
509704521
550489912
447522903
46056571
12875142
45195018
199965658
520746598
544887282
806164836
901580581
255451088
656829771
258174712
805820444
659259450
696708239
652168476
513146745
920300364
576821481
695166494
581143862
794419722
460254060
212117195
275365694
599788898
536991651
997463128
462092711
934466068
607140315
659143842
258464157
338481235
239111989
274416078
490268442
653929486
599615944
858139650
590801950
36277227
812651270
671457703
475350092
175682652
486532022
573747689
582346941
477953956
781918696
122041307
768625228
346462076
723269708
153995246
939130820
814321878
500237263
623945206
508483788
582659362
686481154
832626497
911118908
771208205
443173447
927586627
357769680
282525541
710785264
373010504
231995074
532419348
124310543
313111876
726737897
538379283
719646837
977179392
710009756
557311641
790857993
726388493
972641600
167258227
945017089
463146715
74948780
633403963
814743429
297808347
501100390
510528389
171911528
174581649
682360834
702257614
8959016
618904596
407786152
771827483
294390939
417503443
484584696
653903126
699069542
483802703
930749089
464103643
798589019
310617988
764825506
272756986
262285339
394300227
601751525
344898215
860789085
186039717
243794060
483508324
197270033
729925223
286701269
600832337
272051608
498598365
75085980
409420816
380257351
53154386
274675636
83533242
509866241
557700734
235565171
222113599
340641911
761605790
876897855
709905838
122307714
995824857
694087054
699947429
643184410
822058928
343051133
980808060
124555693
884685218
445846925
839199088
836595742
333843904
774958783
978048392
955593924
414405896
339120774
400904143
733483427
268553292
442253578
940178387
579341446
841701841
729480369
120760572
994796367
880980964
566772934
654875258
200661723
751251319
665156982
56882608
819138662
825183922
293298894
776560078
228770699
302128350
266461694
495860140
848337182
923687807
984739043
987635210
977702855
519854937
708198062
419733036
407871973
755977228
360125262
94698990
455050693
814690921
605267792
160251463
108021447
119842123
769059655
498852053
728750974
989579497
992482960
928530796
686547648
84759707
852762845
975264091
516669062
334216361
316780163
683746815
631087742
669580485
838207066
422200098
777304253
993911469
583005082
300534393
816215469
115718930
460267660
225122042
36892416
944212828
717376836
112018759
901789287
908549915
945811949
265458043
5886855
732588594
895893728
749722120
181926070
947662124
845695452
810841155
169687181
717141276
988420453
115512044
169147198
718344995
957379009
768506283
405682829
953059419
256499215
853963041
547930754
302457249
276241809
2665545
946127428
938650838
60091937
897750768
337957476
731881261
68641455
666364758
810604681
502186145
786644504
734236427
482621956
447317377
675014012
967914906
920039910
453608490
41274304
915908802
618485617
474097782
978139815
18178676
347774070
191398711
472276197
567634054
983376749
951955481
103957956
74923854
627749255
124135924
205860559
70308418
79581391
394507095
865216783
744920524
364030842
578225102
326298362
427157381
236452573
737206793
204033656
696124880
901361120
8957970
595042156
29815089
922826106
212729551
902878251
747491421
942504975
40494899
476297810
44540100
228560689
73434013
867387639
555765257
454413739
768543847
993473939
979624682
6344984
36467790
54119389
497829328
906834905
743277831
179007382
988435888
638328593
571175018
74621102
697842745
29925487
627503387
26447298
376141216
877045350
692028997
345280353
536430460
166165221
737853805
866031930
841288644
589618326
68006201
703327632
889841891
893498010
795597772
238133036
113386070
118254660
525085594
408605885
482293729
351066306
105112508
303359603
72406439
170646515
493598473
950430333
148668764
583082491
104208635
87926679
14607633
869548013
717740926
665931851
767590068
246339900
187621031
309878644
706487500
109476718
463962315
564993486
840801468
325995118
945765628
788242440
781034594
37704148
985357299
509968725
890283235
324767564
249313481
49091103
149793041
49699060
85714841
323899368
781223958
527897162
600152584
666154621
202147823
121784285
792783901
951499196
133815134
785058177
587107109
159365161
856322632
241825937
226891510
630986516
640124090
643359663
585012
851081445
428961156
830237430
575643881
302964692
237878124
389253055
908660100
892875239
119080714
564160084
848056283
4214036
804145360
720471134
328351481
639114969
144088606
216275154
672305497
19465361
709756619
218295009
305444201
108370492
354843912
867642572
111018580
327153160
237071584
842867715
21035016
415139495
182852104
43236605
705004852
474206555
282809696
549052324
518144351
576461055
424099573
842884710
784666733
899955765
503515890
118317896
611968089
36844567
201947253
695855791
66365653
503258884
613924487
958855536
121932377
2708306
350929015
23029213
798630484
356114150
576646083
996882963
117795315
838223015
869533924
642894288
586287417
27085403
203537811
356662928
973323111
575127215
781137622
155315967
484954262
961795510
693400919
302940095
312914160
919389513
896738214
570864216
997888658
936409453
489119741
905788948
713822557
896541967
429224210
778900705
333875879
847008
784717182
524680592
981301795
44304185
49078784
192636422
897527247
530063386
34758850
598273307
463261195
204698058
135298134
729866934
400872891
815244994
582858452
786167343
35673095
827706204
59841208
284332577
393269069
749513143
845515940
922567814
181031397
457544261
661328391
237581437
680273969
50152257
941642170
489945641
825737537
215389719
63206380
316574236
611251349
981764768
451824429
668585390
802155169
39277017
222474211
446910208
863210644
128883973
40891681
223406214
734603895
68642116
506763673
43071743
313089722
104593862
210087363
104851790
315836113
225246065
230706951
217143704
213287870
285913758
485334913
655626948
563338171
120841730
936800257
774050125
91891852
739033904
131221801
627953715
848545086
318780330
740734675
634416117
722060507
558963107
755412879
113073571
172869542
854870711
466689523
631134048
555414572
216278575
940842309
909187681
989649902
266284866
589779884
204489992
658107199
214141604
518376441
348554507
354224979
788417566
730139098
439837543
726287440
502439624
723161066
451900408
850007074
618288811
84761315
65763872
633290155
196900687
894628746
190253280
146000332
9214449
262289606
788946343
455021575
723930901
572391051
460209171
605039288
413977241
666474565
78872814
557316531
208873017
33133901
913570238
163893138
645836725
670186867
143517471
376268647
224297669
100206624
618974001
916890561
755190172
874490450
695105056
745353003
438376467
984976271
54679586
923773705
711782743
159188479
188995217
74226234
640769308
787458046
600556966
834484460
517442716
22894579
740494185
93065643
343644130
427815428
446682752
511502863
648537892
489456172
417317926
447252028
954681928
427358974
520126374
880853323
854648052
689292352
270962749
683577724
939096123
935980908
789883817
365769074
384248100
719421161
950655466
960463987
707351035
514210409
436789610
698558696
61593519
502093871
704288443
911188101
221552903
375091629
732165889
60728026
816049174
350245296
241437525
872398847
502008327
343002556
744436783
903565052
923412510
338285146
156776294
752749857
160333235
867840517
957029472
828099045
510524552
293734462
845119852
399316639
506623882
634060666
28313278
555705845
739161780
614713056
349120979
849178574
876081061
992108023
949335804
494040588
185265046
566072079
890090620
491251106
929293363
731151994
430671604
431865114
674918342
426165521
346718780
650445925
921952799
794965980
975369011
300996420
701014987
168419222
659833045
805466326
86796397
795265594
667130905
213227335
456836617
109235839
676420394
627001856
472050584
935076519
225508941
574469212
863549189
369377843
533472511
748971967
878406292
972620751
649453789
16615583
210502394
455714857
76056114
385772177
624402806
25246764
922745711
89813376
181305957
247450447
863997223
925064955
509525034
745733098
816341419
394685246
354696600
272786229
972366268
814919398
134879386
243389643
193468452
727593034
386923357
891469383
722041527
265822276
885251780
828373081
12018016
365618452
905494679
121637066
69885358
360827556
852147446
844950064
292546494
903069871
739404703
701338038
430305988
743252770
589541432
388742870
223255114
144899939
935111536
700304860
410932105
806391400
945111018
444527149
419128717
739962571
51219084
48073053
402718652
48046383
174445320
795841554
948888591
611354047
195838183
949686026
764669513
130442918
677220947
138584739
891676061
839096570
164600141
404717881
100349022
804439298
815525110
104293122
984632832
382873591
619750626
819897512
534265846
298093861
87049408
601547100
775595352
806354893
869713072
40446593
623014079
376080122
761923014
23779697
479686195
451474419
586355716
953104335
859643572
960152409
340358278
827442837
348842487
806065156
660663146
804488220
462901710
50571570
25318999
355863500
753735458
708573526
892591044
665377360
386902140
337187393
643693114
170233150
906352990
683586880
85339485
682744314
7156306
563555659
82948329
173299552
346064415
513369631
791763725
251520373
913419974
160520183
244421475
251352209
303900673
318274722
414989615
711551493
56215775
344081886
36735745
677307455
672428956
855622150
851278196
45990599
363670991
639052920
650843631
727169828
315797770
791213732
320147410
703663789
945127194
987839897
48614270
91020729
458121137
790923291
975184912
156170440
811907084
675837325
409904415
608488511
985226901
753633992
443340693
502055976
550479074
645529296
357963200
770273309
356780838
773048941
500076100
328811978
727647388
503508132
652261297
963114755
378110213
348898198
509994602
467595873
294312596
470076930
970504230
92263329
558320602
356111336
462194843
640789012
281146507
634873584
751685788
560804552
625855220
626330850
647441606
379545776
543635578
37346254
959378581
34810413
612040809
28446245
521478824
876026119
885936443
340470686
806797758
591637788
554036426
349707638
209803103
260576162
412640995
211802553
716303788
93619896
67012406
363882551
209183410
243431159
513070729
924160567
820637484
307085746
298629099
926227395
484490315
596918953
753081833
124123194
627343300
947560585
535905050
56108399
783386447
252061011
897574267
756629895
376119232
441200911
34064616
159491961
426508842
754088694
482424448
815166676
934790366
398887889
863767190
285104270
515999694
132811729
887582365
481997601
539253475
32895348
637501244
225144244
704045044
396859632
967202321
771493086
107308867
591079803
918727158
834287088
836643910
200252956
348778196
280388773
524015994
707751247
572622006
3927219
854902581
443074996
582470498
794247581
637001461
378257793
126894313
156822900
687252769
578323636
590751489
460743709
697221652
869118031
7833661
524561961
649075825
203778400
204624037
636357365
446696766
804687753
60782369
60944109
857598921
721490723
641862121
785865706
280848596
307514922
831667201
577076938
948582910
695790653
861620958
314389685
633730658
517459890
682335253
988424020
714184160
448491228
861208740
66044123
574884275
527072737
778230652
326850394
404125726
993131370
394359985
385091679
260629773
129159564
972518553
671315612
516202971
522009423
58070588
798675524
624712258
423769650
621929451
929672751
831069426
734584107
100689456
830543573
513767908
399702756
571593141
769257120
103321904
838202927
524891028
649354264
29828767
537592426
132421634
495998868
98636563
30931736
301637835
266329956
42592750
42292488
625598324
810474158
284857802
736667661
775709428
978875721
227835427
128025850
325208454
607455679
136202754
168174324
715503439
346689501
794187679
103219350
749961250
418124898
338918932
180847224
852518950
880744955
385906468
201659680
522172821
934092438
78084544
287003425
127831744
643539602
157567585
667015487
750228633
558912286
195116009
87720
584185488
972139396
775869750
699103203
990587134
220269504
86956912
966158477
657598561
114592766
690559082
847034251
910402974
491736449
693319992
622852450
634144170
636312865
948489470
193408644
966924110
869510878
844743476
993961847
592383678
230713534
666273062
691588072
412282119
275535748
179504837
348929834
272128007
864597444
566334801
787290123
756003302
110227808
736131376
781354411
306486491
800463886
803351271
829299559
961414282
40359204
834591792
387073264
987583233
166387215
761005892
587655658
867779765
616525422
646210210
967736156
228316936
28266177
993435498
171300993
758392321
773661267
479256773
140425412
736324104
712207570
357693909
553434630
745643968
737930279
988640531
853059807
958729165
203831611
626864707
483439499
584043228
901836463
719371318
327155472
131186809
586148247
279476880
443968211
194751676
936828634
693887992
856488431
39080052
198267941
988810317
631433870
507115672
594281337
535284656
39979024
227438162
289728704
605616623
373284968
419563690
783542947
439839717
830886413
150699433
785316985
30951899
358234922
592571154
836489848
207411064
521509965
162082656
673041560
226133522
940269133
443421045
996462852
248947120
638886065
383324929
397104209
18728753
36641161
416918029
541221678
496776049
663759173
657751837
574085528
265110118
25167721
395263910
944355886
144141662
806496142
710120162
173730453
135929372
129335654
562310203
445199688
797374082
956139350
252753412
32796700
435295257
231835990
983916284
73037584
797956264
637843336
87124875
543989713
610202941
544919555
398590495
611029260
177027842
313957799
866447575
650355595
709105055
474255145
478423318
536377716
629417918
412467192
991868244
44561168
962445041
470919546
727707385
84665965
315802823
884079266
883036268
537453553
511046825
520214055
508083419
889542366
165808978
544324465
295475648
420378844
231080167
633541183
833947563
111650426
488840000
553360883
92771730
985147749
434104364
276443906
953182132
727968256
613397206
689951183
346496487
296172332
140775834
285269572
269333907
6204379
290555201
378730022
732373965
511118362
91808625
726032011
639113402
911050884
840045220
68603430
194404955
592432314
472398392
809511035
129707246
487436100
683546608
872410002
3927528
811238669
540541755
615346695
158081985
553589923
645530619
126976458
176084881
634898093
99255319
826123453
545273774
956393253
308895115
154012364
582244365
474470758
3297955
34545159
12949020
213256129
760346907
776726376
861595122
127523256
299113334
910385569
597660940
751073788
857560972
625029142
683512427
157611135
211978296
677433345
491632076
766015408
87906627
420516300
356730564
897019296
690450559
724128816
981532558
815583873
329656857
86924686
163584628
144561790
355265584
755208119
722234381
305430844
414157152
880052763
328994407
536519964
604681485
533839488
605511199
693870348
744643954
981840708
747439652
468282058
567995681
389741879
205886124
966166396
233903106
340266569
965447158
771949252
292497130
276117659
839866045
27517145
110430419
493171708
454887261
262002182
476571004
269212960
252475671
657474986
450659469
813059663
716744927
926144509
640266643
738249240
57154900
295964856
988935951
852139133
140333587
916103151
641306124
75979992
398280526
760015242
366609091
551257352
492473707
719988344
739917280
725029611
969203440
509596091
296666574
230110338
749621604
436925573
98456766
754421034
243744068
599071972
245114600
546062077
69741299
684199641
892908255
824143131
766136419
59257464
410935890
354176252
914816154
177119839
508054092
255099555
303894990
114360053
473381955
208636011
567482767
760014726
251869591
22476196
631999412
185569112
82693753
482460377
969268691
60116488
624385201
900683490
64132215
936235275
227161294
891403757
25025689
222935952
497546167
891533761
136618227
317754168
31880231
251980595
717022009
844139008
447893112
573032069
591984044
159776649
424455031
209787468
793642464
981799054
689378747
819149958
963253846
838784725
963243845
968351345
421457473
351293292
769073397
970574749
125119424
639009866
668755267
693035245
181055861
388992509
940902083
375813770
51453338
764979978
61482684
225015517
43276132
483708494
698852930
694750717
917274462
565172719
338372817
81299730
468522798
838410930
568536152
591854610
780963626
977041373
686935868
769106289
609345215
961099732
348128204
700069517
615383086
939728989
224594725
406629875
659843599
534679413
117830352
556238263
629944186
93952615
756645377
110676677
309483866
873957021
659540456
608411455
105374943
360731473
445810794
829227224
558216081
399759388
707141143
466568934
854828896
78028013
432808243
405468597
111608303
654454898
334410397
854061118
401994161
653370302
8123662
21512548
540606830
563280905
259304397
65193771
300124471
920497034
900519472
717710173
257137036
36118661
679544727
939592145
188179734
944324710
526122266
937730358
862881662
815404033
36674479
790831737
596171156
181953621
816700726
899345022
357557439
949826855
925434204
44539109
373928823
755339128
585073482
319674715
286410290
518575145
214338307
630431666
344865510
838044484
778719785
725389131
613749437
353650213
582119068
422312848
654787566
9092953
310291570
956672553
949636097
467378910
133052468
768054347
931092654
541353942
897104243
777375065
151889889
668323371
866224040
414198747
898520762
425559394
795911257
63028673
52999390
668824778
716922886
817046844
215216653
345581542
182946205
64808755
193040937
569294348
593148860
612195706
442784156
965547376
535692534
976742003
205204271
781443032
523092139
545414422
821599537
427607490
24449604
496996025
892245326
456081033
540237721
161243004
233970766
358923462
538303749
54453437
643333032
462904737
943379130
488581669
27597732
479339472
576756157
224876472
175696883
925982232
941739430
533317092
829142658
916178650
744091093
274757902
900369159
232635513
414085415
605007829
914117382
718742569
37697585
409574105
540011644
21013837
178587276
352726414
501224275
49524410
862880559
314587866
664614150
864550073
929633904
743112366
765606441
947726201
664645002
95943872
562861559
548499010
730076670
621773230
408034580
216407221
391128140
121326494
325023311
297235012
46658343
665409684
201190174
540994876
974023387
221049503
8600480
518613365
494603770
640408524
348968827
907225446
979644016
630378622
244995565
770343987
991508376
500236414
776159957
325776933
163638035
980174026
189497584
706875029
888534892
484682770
126025078
864717597
906617703
140045474
215157577
773897131
512137279
260688392
875735764
275237265
633802958
9489826
445427949
480314073
292995103
892277545
305328180
468467067
592513590
463621036
507444445
91962381
9694636
455911301
676045118
988162094
664433914
242654174
493253869
921988957
205945123
9550032
159594620
671277311
309660607
594495978
441012821
768850669
262063231
752450658
826285813
874281612
134889787
80949109
257929274
864779662
567337119
547474582
382191119
152103581
183615318
130093657
34088093
513898134
456557605
734514851
9213263
542344465
452296686
659551235
807860254
249596617
273430795
841901195
492070051
914483975
117123607
230850831
105265183
109625913
544995430
748150428
980858336
180235991
397837598
91949325
144508036
300411240
515880431
688792226
191638291
983464815
902037375
645544244
352387386
647999067
854036085
423577683
569034364
194003715
868766764
490427414
682189914
713002124
750172883
980702091
759775436
414515069
691176899
98107230
308256950
399244375
86103551
803002958
730962729
198188300
367533894
693521961
465401239
542754728
65804777
333640567
771399267
941912527
355128027
502974097
8840901
350500582
602503062
189695625
702985315
43031268
113603747
106534740
338580305
309587815
141179316
736588507
817808303
278219168
266302817
358470388
358609020
413747366
725322277
690665409
935364092
569279248
45857097
854900249
152811583
82086982
454927672
481922741
472620026
956050174
847249855
369537156
75850786
480805770
632543209
825868169
250051898
763795569
73955138
278567112
44934899
666513452
467415540
35893209
941117407
548047895
209648007
743679166
131726832
855253748
472995289
810443059
48129351
966134747
298801659
204406184
651817126
171887421
235970223
436008933
205460774
3543222
954547374
126824431
899969081
728392799
513810825
51605113
135868614
28525431
138019783
824902017
479767672
263628519
305368290
101651832
609077337
264346839
143845816
251234830
280359268
222756649
315054880
55094567
644539303
985030725
220518075
996584098
807229469
337709136
276849155
593348640
782269320
538908974
931251579
659149916
215778271
744520502
966586814
280881528
45414027
99691673
721115539
526150900
161774039
319611474
35943227
732226303
764167318
716740876
614181287
191239907
511087387
748232218
897234770
300911770
448999163
867798823
716393329
107798216
472639988
628934515
381243211
248176918
950798183
27428491
614275877
151072934
40718084
699556808
949729969
128703671
632234287
379555861
49880175
316915170
309713379
284899582
956451678
591124149
417627729
168190175
892021954
46434943
399685565
666654985
767148343
162074904
147246812
380975986
621234838
847324892
35059843
340640085
675697379
525862584
970691402
521009065
733885704
957176722
417180015
566623790
540394754
649748869
220938798
234008659
979186464
87163152
810432590
77689756
114403560
457433851
833390136
725235834
794715719
733425696
682202329
765199480
38059440
951155172
196309272
721895117
652704
615455704
371253964
753634975
831685440
832977327
354132662
945713238
332352567
717182375
476755143
968197119
936676022
857758073
292358839
145670802
133807529
191807526
956975847
314240851
122598285
219455565
90092628
321749815
675001088
433306857
950226139
127147308
728227975
700711672
944464495
997466418
989495927
744510293
209758633
855952526
168378881
226049945
114697656
134359639
613575475
785183711
740590551
906767823
727795659
207887465
500814374
663946274
431773982
161424785
408093133
988027360
868751221
766201143
752148124
545845249
495611334
60260758
159115640
349259465
95635923
104207226
416083760
146521040
916179054
941785128
957475405
253194957
881674983
484381220
703682157
262511137
755913060
574150406
37388881
105443330
32928897
158700454
593439043
555691347
382685214
570760731
17116312
945034951
180229
376816990
537832601
452100383
95163269
654415091
885057599
361169271
34506802
357303135
458432337
682664581
523445422
742828422
393677705
488909533
826429266
117003195
521571900
501576020
23431033
931702611
519760848
660244574
875543660
842216216
357301444
865403013
449097504
362421551
534781297
573501125
468646476
621430812
103994203
968498738
459600871
248364705
168054862
149254876
772008341
257211283
142917915
670489328
255449276
245959398
174717244
119306996
598289270
947234700
449991468
98371102
870232351
517463108
634763772
529008090
925048069
372639117
239754650
642679716
603001970
168906439
742873853
922436222
191356981
495431520
561455794
200274120
369373254
967626404
120080782
631884330
548505092
282825572
167648053
934558527
913319991
509157209
521183746
176542222
566651636
277722525
637619410
32648365
668802912
630456738
726049933
311112428
745537913
722408704
321452093
603458786
417367305
154738985
277855145
771843182
52646388
196130591
100066367
403219308
425368508
497755724
904882407
553527113
22388676
623346190
11161158
977724972
840138969
25391998
842666671
215619257
638493056
917428414
754308386
917336408
904046438
971158742
144810502
707462784
502400981
436389924
408988047
176887600
816218417
353936664
30325079
726374612
457417640
456824417
29825902
830019191
169509813
297273347
844291636
519400247
279814829
138013554
924462066
544964599
776306548
754707065
814619159
183198391
714701575
992244870
852907376
109953836
145615395
343357286
21430166
394535276
61246298
524688514
379097055
53647100
499549064
376743547
274113193
713637712
929898238
520972867
371295681
558760319
655297375
642602026
689682972
362563824
291126675
392806625
615985609
579955193
291523604
648049960
101697754
617431039
555454440
241818121
724851476
451430912
555717871
814715291
412944070
621581243
527054402
732934003
889132389
328713588
619769643
296329768
449193818
927806108
507660130
755997300
558611378
739201999
415097102
17690586
606950594
5805075
722286330
598728605
854334604
300488057
127615643
502090720
175018322
756747467
191769274
228849807
762920250
218088807
982720546
749348450
443575855
169326975
213607111
164229406
94300660
220947177
59272471
72414565
532854579
426975972
530162213
69302235
499371999
960468091
131619021
136884202
415860815
179416452
936631567
527641237
790695458
494019200
17888422
830206765
249743104
609443517
580726946
692959155
564182991
226829545
230937591
850014567
412043775
613204644
566402997
301259241
857977304
96090924
970053822
55352448
196009439
5306858
821807214
265342844
349260286
754693263
927174747
31032771
482543376
135972334
306514131
814482782
29982494
17382499
331550741
371582345
250470577
55994147
145642618
374888346
607863917
640495831
988139038
898967594
438431019
585456307
177993525
691207676
802286194
684257184
854745947
864481896
909743656
258232246
494435230
807030947
296190155
272968185
584327587
655074430
711387832
232955456
468720598
137102652
401358455
866638507
368380436
592563401
815589885
36254703
729209565
567628787
12539042
610311816
16813509
978493188
894340671
275475665
616825167
923847430
967820784
396755410
349998888
139572319
885213364
79887147
248965630
853297152
352435758
804758151
668908096
986394353
136505127
263000031
523724780
162413693
281467040
854075040
345192988
371837725
632837718
956281797
778719810
802984856
523209351
873481204
27547515
844826816
110869610
853723426
222071006
6012882
407138877
455748374
904145225
984509426
464742239
714824354
406890825
187322145
702889928
627008294
431255696
743531736
374083093
680878917
894428157
715348605
753822478
317902571
885098323
529185202
138725152
780260122
297804347
10889429
509797549
554767875
91793454
39421969
467984983
29308297
783546288
415252310
679182015
725275073
733768209
663365182
436400084
739109907
109431275
338376275
375020771
784287314
325898727
19674045
489346988
849286573
449282130
788902622
954291153
187027487
963985828
361642050
851434961
304183701
145059360
725282913
793837320
957592232
437841994
797115275
45346095
290942427
291185318
868256921
880368688
595667075
470284442
76126673
621742359
326575418
363153597
932987578
925342710
244276176
872337010
345891259
488746874
108918273
743812829
228708341
314285086
732737884
923623722
394069718
231143418
939078708
211646226
420953805
969929304
963207841
490562853
237467525
386362459
659278350
956360589
264655506
340814582
706261999
103286639
556562059
541260747
809341707
876341634
78514287
986542134
103070982
6349502
904466753
767398330
498928764
73441372
84063349
757935407
72712841
708126515
764561427
972449377
713462547
6351654
85166949
440561732
554819062
356357347
744502298
537838936
62186690
89232570
717380325
143518793
807537418
887237814
89154652
378639648
463369365
309535432
52415410
330493338
804125465
491448119
85842534
953647147
460227822
875695089
138281936
290336400
735540703
320674755
316059895
661718980
459870396
624948883
711236547
197992432
105117357
523085899
67907243
201533524
660943782
876021930
778112332
393257951
620899674
821651320
545630782
573639362
757901484
699541048
251865368
470101026
433236589
136043437
447579709
586713047
65136035
719518047
829885778
323320917
291056491
946831095
27814303
573107903
837017102
504233437
480821095
159225951
802234038
223195019
768086173
643026301
885009475
890194233
126683657
673327223
866547469
918883592
932690454
110180798
857873348
923830377
932654663
322924833
960349338
350992618
382676074
272617123
536631963
188289617
664654430
5698707
52279861
660640961
965157057
892028587
290509243
208099036
302391189
707601730
244731206
902177073
733778118
613803527
363927718
567243105
567922991
154063749
341285327
342335326
856217180
874914394
434892846
334624145
698915176
195307060
726157107
571472733
444704442
621707475
328471261
762865152
474674648
694604233
558784671
860213592
702159030
708458022
2137160
79257149
676432225
724934970
400174607
813971905
301229144
593952757
876158309
938631378
687826344
393005802
947531856
54684775
625894238
958742339
643473963
221143373
40113253
977689808
348417874
668431215
602367177
557493777
329495476
858666756
322227855
805303781
928298420
151275680
294150474
627168425
509352475
81666274
281382631
647506959
670483285
58078114
921960906
396269148
147285098
112037617
869586697
224467119
888751370
540312126
194119752
38305585
947567115
338481883
517999104
61269873
963094148
831146903
520162895
787254600
924093897
581655195
524502962
507386075
149007264
341811315
260040994
270362575
827603087
761578589
934628449
842204711
314801893
386649773
258173846
106619813
132158477
474063619
175164531
430088407
254745104
35348313
282790345
843472996
659914214
337425632
243020468
732644165
512976298
38265988
944087631
977298912
962633148
96282813
526633469
882347933
400463098
756788113
178208657
683786128
306625789
271573439
514324152
33271345
152553220
965494839
159578379
539577938
347340747
772797657
898109420
867945203
633863155
37467388
294801380
992652897
404727617
877725465
496735669
254095170
519894933
172887533
623507856
426865852
311201486
808928789
836822483
644777572
235128035
59043439
672946501
163607868
724624555
185273577
188860767
971543573
862178831
863755215
230163413
277823678
65571758
633067129
955846686
433192463
378356131
868489319
103144674
116058878
361379335
77140702
124986995
418772189
149518166
484432401
649273741
830622951
507106981
109616527
313994355
471854622
887259858
204203057
83342124
444417963
457245825
28626769
163698115
242475557
411426381
761737922
284112139
734280796
88875229
110707901
604800431
857416262
698677307
382750318
439856043
363254980
78686045
923611380
392062342
184956111
284214778
103026659
178252540
813540856
446698434
405057399
14742427
593182999
815811125
750736545
524783149
988718742
600271755
808665416
330373031
827615275
226212671
37787614
325814509
631223242
545866758
373575775
91006467
126388584
402686955
783592870
228420606
761871433
162063183
789919395
202626216
132024897
364006272
730856709
826013921
898864561
546708840
690680805
511098998
813101003
555943191
927583983
690756954
219474483
121937749
189556625
14900882
46938498
122866330
902042501
834424562
87327449
2906422
814515702
653031242
728377143
791213684
568197404
115586691
130809093
894286208
645472305
166427617
585145681
296646568
963234500
480162150
519359500
262386727
819162369
125644690
127886621
65341343
269121919
60312562
883024133
825294924
265693379
760237830
331526076
649917584
519212027
825890880
166198582
256024731
554793708
239581320
391219486
74996487
567214164
827891251
436123667
23868277
406795648
758391801
400672769
90867520
851248177
710916011
72438520
132408719
922267415
474826513
617433861
353212801
478583018
331946056
148664922
30289789
442250374
139276447
896906721
35966843
585999998
601043516
328211873
422641771
581829548
788107745
381016061
556047823
319999394
880582191
520354710
541880711
574050284
152185072
963382409
856496235
39759366
637673286
375363057
413659281
867962424
472272507
145490974
451142380
111541677
338803085
668607090
496603821
390917961
584392599
89859363
814002494
440567010
975691588
46834082
36737733
81819226
106258751
208518898
4494593
399360048
569815864
755705058
882458883
730562528
678040046
591675159
545634676
890586037
322835005
32218770
98927445
906837724
513273555
427927683
14953124
38316310
641654926
892992220
485066370
820526020
27015749
907922164
711955298
667582132
741534277
339459116
656322459
794820239
939479503
838726362
974901194
35026319
372041323
765327447
313897693
830336704
795990166
410654610
554532223
995474700
269710938
713844017
788728730
605541348
63352532
378178391
294651739
125910479
440006559
870739443
446938640
857604876
474603813
636778427
258341
202788804
788392230
698079698
223765970
641232285
405265696
875819627
209375965
54707566
119338954
505740209
594622005
495769811
639148295
274181898
499367486
759702010
101742016
361696271
899154498
750966040
523718473
934623954
99113221
171969446
921177781
649664803
224182609
201557809
401592676
902455380
975434993
635109974
435401035
341131316
621497459
503453905
289102084
193671924
805098186
857968999
24625402
151076739
722367515
809233201
733861921
762295163
988041906
145942331
919285588
623357166
878723591
393217348
504566392
106007370
660519464
578951076
641818753
243491032
620610713
749875057
82226994
715425705
18546074
624317678
207546611
679632615
230909018
45492906
343528877
34956184
139692769
482225149
475723144
282937332
335399073
286272545
314129566
325500942
874655966
508084859
921710671
251775015
222113076
697256652
612265055
598833634
95047268
382288436
311020131
743505988
880352672
289346166
554327565
740765927
45342246
971654137
936854000
584361207
959543233
605205836
523940269
364296439
470256495
27928042
832273308
557193174
151394648
379206636
467887951
534088646
712843084
471152870
839773591
44308895
197358590
130194076
294827206
345955022
156859214
271332014
851305459
179170340
899334239
745749850
654428561
82831678
694935288
463134573
230595513
36155301
312787685
563081213
646827950
964660244
877369498
102075530
978580941
332022718
750080640
73067988
959061676
153694667
591174443
663473674
979359547
964131255
944719733
3273520
934105288
465667518
494708755
514136626
179559902
563535419
830845610
574758117
422143513
882866074
98400493
289930746
878654959
98874588
436887200
758343797
39908194
962536557
947265096
271521709
785064780
5785077
313482823
559379985
799119451
599739577
827687305
120474443
616855521
6525387
625758080
915653676
480805742
687231091
396225462
956476772
430790499
783278516
60458088
651342055
270607002
867859924
627802904
85508844
28103337
58381442
896049471
461153487
387402861
150444482
801675308
52870683
743007254
318057936
108546787
354890456
476088513
169140671
334980392
881657257
135741400
508097705
879038603
285063353
261765301
377679316
760361046
558045093
16416329
307330637
637251373
398937361
3606496
760068847
224670118
227874175
159511423
134455890
226362361
824891222
3775932
227657608
437370159
12506363
370966363
89214279
768676666
664666431
769397276
714763138
850633126
566695378
937866569
683226653
992938204
438856830
759173758
513528510
541756130
628429414
825983653
992666019
725830742
822728752
868067021
521275870
358689695
462835433
952237926
852337162
266698171
128361374
560118469
915420987
370122748
546262610
668955883
739630914
940920353
793353277
663373203
219590592
582320264
880859661
664770285
458307326
360243823
188948158
610922856
693514852
716218661
248166417
403613544
4957442
497392567
895747433
628658926
172927057
638828432
22616589
900654178
131086433
556689976
901000265
49264550
941725234
255531770
725203879
478401717
687308027
830941356
167869113
805975554
319808682
440182192
673369716
530791599
287024622
875339787
220674781
433547373
674640774
767437392
698898318
793346159
659458774
696096427
363350107
696327192
188332928
770478582
854724771
989183276
309775120
284766055
975942880
953872486
400318447
89011100
11394623
990035542
308326089
809978692
379176991
207429147
337239487
138620721
465549112
410812136
248674608
162920809
246481674
97456517
549186669
207768398
971608811
992681742
915507693
585894780
535616044
365298072
671250633
820946123
982771046
113908575
9862022
968531297
31397835
965550122
632672557
996049451
285223795
212850671
762196982
522573898
834512589
799497363
834699376
457631213
829644583
94916110
175453968
985280471
37377258
654873151
498807851
130511920
32846118
449500515
290905051
39597157
542005570
855610791
874056585
701750529
137026584
642493412
301977887
636779720
720027310
817448241
905209939
573357606
752332935
83449496
568458995
769502289
940357068
407540899
339289709
348852013
98455461
868990006
415613374
432916950
305221418
698585119
107199609
727469183
130689350
816321992
109887926
806914885
207928194
112064634
247147515
304502709
163489257
71823407
60356350
270966638
673175711
261686807
622573173
196978716
550437411
871322672
26526164
96800547
565213339
575357343
959923262
317501137
730938756
248345206
182458882
60328615
318954209
653115119
18135842
319232475
274882407
91374737
210876182
337792422
969257272
616402517
937452088
924687403
88412379
597825292
59387764
657679007
912161542
383080358
739875317
404937498
866016598
889207604
846412562
626798988
654011493
424078492
554185164
400630387
818187102
967012145
156215915
802481749
687816974
904106091
938244563
146949740
990585095
616173831
193208905
943705639
209904478
407956453
533601025
196722874
326479866
753473218
27862615
481471826
870368067
35382387
13325599
813542851
770541553
60962799
966764894
268281758
799032865
457966749
89133593
38968454
641773260
588721041
212647021
191141248
144935473
331107619
897700058
228798584
685166571
948788878
970954892
152009913
252739275
962361447
273932318
318779214
217326821
538327508
178788236
428252481
899084972
57795893
75650198
112709343
194108946
21900730
712628538
592558217
640595742
514970228
674568004
595217854
451168678
616905694
951260690
636671159
766354666
380068074
571565811
458985420
720866771
732046082
441997204
835098633
28548601
434898801
822312016
58275478
766552005
59938658
419445846
449598407
865761653
201269188
597129756
242931713
940000810
270770258
224720764
881362500
493917607
836009517
317035470
367466417
245144342
968988529
117018440
499033722
288601618
482580574
804459409
905680232
338317578
240725607
195959999
554388178
406129761
483345348
419564822
803120548
898925240
843149169
851204703
754728984
420297422
814435305
440380064
259165012
741489113
232993936
299973950
104830064
799906399
426128578
163885086
780522227
99157924
614979010
727280390
313985152
432749491
241569066
966990692
551246242
779182622
650455171
995794534
3594184
981092400
482425220
155532334
759278113
444729875
916911991
573077163
891545130
209423460
702671185
823304055
43760564
584268001
394818594
105498242
164817916
432823020
763180569
746667853
991609505
303552566
814170937
608401906
206094422
533828828
430915267
706667884
798175738
368218784
312027144
771554366
264705272
297655957
700263938
952524579
84496056
258765935
852598754
968906706
266747010
831073044
618445633
724037428
703987849
774886125
134955324
128669592
631763522
953122785
292115245
261715602
519769370
557660146
396438119
396688304
744282264
821021081
19570049
47831025
369710072
77150743
771137677
15208449
530431984
965460644
77920453
811802982
55193995
215415394
700537963
905848116
534604389
420367149
911150509
690635903
674392226
617908873
370118638
74922641
567349081
491648193
98402176
195568264
264154294
719201020
169627243
615959278
27604030
22535417
393066011
494517702
456138115
29008030
452423183
567457614
388315185
499317244
493477022
137969952
269443888
533705972
627945387
525669517
876494113
216521502
611909941
658463357
109800829
190389469
799386
548202076
876760770
374156735
59523281
683275991
571555426
900164524
33289548
369658067
20965764
322113543
440098210
97600568
502321151
305853665
390045240
601900273
674825660
209726566
442138953
912348860
174190142
255842459
44955012
32017299
741092995
917026303
869323246
913471120
88015865
211739771
432704212
308645633
992052281
403760147
228065082
669408498
377488735
37027556
128724652
377660383
894605928
656632234
897131102
782052590
637096449
746714109
655981350
20443429
171883380
476222084
637687423
749024914
695599166
78990205
270418544
738460299
340561784
693285038
607383020
852541831
410710951
478385300
47533251
291676381
218694922
309684997
66032176
359604574
662154446
671719869
191138841
499785432
924419887
705216904
466086319
840877614
19612399
966423388
639668531
690881121
113081272
754244396
764475401
9954083
521006012
811504489
902727249
365851226
175867280
829692055
339829151
828946177
329267116
75330641
959209298
439925428
571297636
528438410
184251135
367654693
567771417
520599879
506573678
826746609
192328251
288378086
403784552
775261294
29274274
865676493
97455310
478242296
491298014
935538538
3114283
423709831
184788278
72241224
74083577
769282313
636590794
785277269
419131879
469999727
869481854
780132748
847973506
330347102
82311486
449123487
54891705
442268392
32323676
219428960
531533939
124290574
987350537
687163553
287626772
586042887
98539416
449844152
118166209
116925015
404633394
620874879
796653844
318986893
786860345
102259686
529455372
183886545
740793543
683462164
300934055
467884626
435672078
814268435
294634440
939085292
9260415
407178875
489912416
29948583
115158410
578407743
543204439
520163034
276777170
105569968
682378337
847550737
774334045
19058891
613459041
162128493
647128725
115600425
669616737
693966689
95285725
522058184
435237740
558023962
83647187
311368980
893494168
340977369
908544490
155615267
384399637
39012333
669664604
938481058
8713896
338998752
650224153
27453050
816295359
848143844
427850081
309408597
11295766
130009875
126117885
225232892
420460209
265957354
285027097
471020913
713047221
36357237
820922504
369740647
852841474
961264707
35931057
604881895
215047242
413016131
43848217
128599627
618292390
865574003
92433202
237544466
664068968
939019567
43672439
751722056
914325499
955398129
439040924
241752571
803669993
748826357
843666528
255454287
990740052
498820657
115554862
152746133
650754803
574584192
951330198
463910487
396779212
641838635
209137574
745864431
617022271
572978381
31319248
235245583
293435022
282410850
728369796
175050177
317717374
238458602
870391350
609548705
561174274
115747641
511742345
947241430
512229262
350491011
183744775
777917442
820547264
957438186
880577651
763063844
75949347
702352392
634711499
64797101
495758394
676466725
284792877
147590779
819370167
702958113
434616908
224405510
129179831
470787127
799520263
661551098
134445737
536006372
60026358
602864320
499443117
135657917
639136995
333444239
794319863
995134806
30756237
706057412
308473975
940440798
967475501
953425462
272804696
96655965
680112156
98701898
612240251
613246060
68444746
784753736
721669148
301504737
9038663
96635469
287156785
988317279
460159273
75610927
683792734
391357178
505818228
387607074
192972722
433874565
555085749
828501801
872501030
181488476
552526358
928449777
48025782
797169772
890138445
566603562
459239504
758228051
150680033
328129543
57897791
342821760
369586467
598505657
789613873
70333963
527947267
120113890
132250193
409726253
994819138
575734006
682650172
314481806
691566644
535945070
819264840
795596255
620333706
732856627
101991999
501835397
227954759
221942113
994474093
901087229
810494568
769569724
235869879
206630471
910981242
167066946
369945147
968811626
775913425
272663618
889148594
386025514
968033842
211895333
45508290
671020680
531067989
965716490
84423431
843726499
490400815
573222463
297400624
740700292
788634605
397037793
914055811
431738853
323507802
177128390
365852480
347195283
505052593
208777501
448582977
894384601
620272525
666180359
829746948
604576316
105311651
570616572
412435674
836681328
299810901
379607341
421748527
916096239
870754045
155537529
403065613
93023518
514174412
453042579
47875044
27258483
661273149
23135058
164121302
914039407
423339598
285903252
297388921
770025346
528685570
153172017
667227579
407163940
482560953
56200279
122471700
470756900
656750123
232029556
183833486
187754493
896446048
983222866
996927749
829047418
502740621
425158617
512632140
657948924
690668776
903125728
443354390
435477887
344229427
359847230
522653946
517119512
407864650
923510783
7078454
834759607
744450138
728684135
145148404
115966531
975735024
200706459
754906625
383169273
269179840
712907231
271556962
792082055
728119571
269091027
961302077
260411623
652074778
989500220
893744661
543341767
478201102
287729469
158633701
618741007
408723662
634062576
60434607
234545058
770781150
710901408
452525013
309116518
480760354
18432548
271542926
716834613
160303468
140282708
310347300
536402775
39211926
566987190
262844403
106488698
524902344
858996856
947093089
893675260
125594435
474155926
125108872
295167227
50459128
838441931
466661119
115272807
617600658
137931942
768636932
904277943
970152081
426203619
143637180
323320814
99555221
778940679
665885406
454068871
415157242
938034006
245840929
433203398
392827420
2547074
684253711
861039508
262061429
180880580
552243396
89390015
822391326
276373022
24940402
484213760
362752209
397870850
675502552
648040031
395670652
404726172
696656059
329975097
125765298
281091923
149140479
930134132
433408580
551290880
674977808
626884358
717148562
339501909
138431702
677264755
5983107
923885568
699868228
625172413
2382847
366670800
779187364
885948199
143484718
82715692
944205515
807999467
620551409
150311395
769596093
598587699
552776245
354234671
876183821
533485768
30382302
875530042
57265754
440528447
341472297
58501816
739527472
372214715
161369968
432607472
848632730
963566332
364517810
878839475
192607706
433523991
869952755
279412493
524386216
681054425
550281845
940972782
218031227
356631861
846432558
735228137
341235607
362780936
329091027
287638358
681974434
358336604
104615850
472036524
985588195
924459508
132675524
123912991
269249660
164959954
498852814
196771003
752096717
817067743
8130371
241169824
104192941
598921006
903989818
889064521
545291235
134940348
554721702
321671327
327264034
842326573
302215205
681020893
473479120
345018465
188396640
739932548
678695081
683334992
178003592
398550870
98305034
992374243
823351758
768055542
734454670
839918353
897769686
490985429
652720222
296676051
713416361
518900574
866269419
85159171
593508080
13383591
54982160
141004957
110590357
700110924
969638394
107900807
839195671
400432646
97125239
579091733
337629354
678166344
186211809
60298443
595930122
664249151
728057447
857832277
891539316
97397387
499473914
169945323
204783891
212537284
246012729
710226473
411850023
965922665
869852650
31402949
361458510
125950256
782017822
194612125
341829773
591373279
722466002
332837622
185741949
929076162
19522555
562516439
232684875
418311758
408471529
313416137
525577783
787477920
864202381
425961107
942702830
370466106
19458942
753000114
267081487
929547092
860790959
827851515
731469434
25848297
82138940
60698525
707949886
911054836
135878309
163669517
624558711
880218939
4793697
785593304
630783067
645778704
160922619
380410399
288293607
666853640
256251728
48598659
575421688
383277476
929730479
978801368
921830907
829544935
604125183
836442790
657195717
207586991
772134359
982861650
976656213
429164718
41056899
330631005
161818988
452667817
751231003
358748021
912019605
767126136
14445599
81212091
881319550
852296877
543410084
614936034
894027041
373024378
31829942
315491678
239849181
664123162
822834803
475121033
699769896
85325065
520571621
825234228
107278265
171875094
676062021
580446248
116962272
400097518
177943674
256321620
49164728
14648838
680939174
486225395
967694308
29625377
643640457
410268456
114351598
688768857
49230423
387751385
171541533
197406517
369071505
117197386
217512731
205012631
949530404
844596027
62643919
212957672
196496990
483282068
571310787
15594836
562728412
658709248
233663568
448491940
979732495
281062676
566191553
33478056
921892069
586842852
323413422
37644344
676746902
422730615
192210912
511352045
5769681
589280542
872402446
326445452
161317087
688577884
265815875
420736759
329109816
662027727
68632295
622601999
216652682
743535201
845200010
671565596
737875397
751279759
472799865
809157410
98441088
719502156
657725188
372725875
249486789
874002433
873270169
725881890
456481289
868282243
780471090
164212219
166873572
204671429
347897451
448008580
615912080
128208108
752505053
546212593
106867370
249355290
507774344
288399963
258925896
762755137
408275003
10945848
879117748
471106709
638986783
185283737
364832651
541433802
385961566
628023638
436729443
721534531
649270885
328136413
100496184
709390006
45505630
27154619
768929581
93579914
602744396
569725333
232101503
639666825
276748950
82743121
643227620
587840179
565936491
419899368
76722456
779223074
592311724
264783951
620485789
459612662
19723019
930156272
693771568
63775313
88664325
569188332
92666663
868498081
819999551
85773626
127646772
319116884
586996648
352591373
804932700
85651099
375307709
491764430
262592528
568401516
159100385
549715993
448338307
63678176
787566716
109389089
643251651
890873054
911562656
279462480
561623750
43020493
261458929
227460591
151352245
280183464
818942369
353829103
978510873
362098571
527834091
690295491
966584796
382270831
796814379
40671811
471627537
696657481
880301207
987318576
245670248
669634994
518713696
822425146
183814162
74947338
594930548
280210732
115127477
120510602
476211199
304340715
322545500
117137169
28301320
256086826
406565207
426937721
527916150
173011719
28028287
737890636
107895056
762225165
10978306
328778235
771347977
734616171
440022665
541692721
595203035
497505100
416599337
679797915
445267371
723193268
653065435
713863314
887681001
90952727
309466124
927173304
838543907
227917763
850183260
986239065
550638705
730562304
141176944
257518270
290184660
971698353
779250268
63611059
825045368
429598285
546765032
908611012
643227666
597013364
517988364
402264428
736571781
579090638
931375920
717116085
611757200
133465330
389044444
598429917
953897484
894696930
293599784
582269362
215625429
121296490
993819378
49323116
850258236
260843157
636128102
831297481
642133732
234468819
112273540
156352622
293532596
753655371
34629202
866056839
184380212
115659274
125784666
926924168
286125484
101828946
855804419
419888676
678975059
517502844
145302811
648889604
413959196
906634483
222466678
801613494
248625155
840627150
892556017
904411656
679051643
493667096
670644144
936285739
109102461
940517150
640235296
547330511
395323812
42279826
914097761
567112272
426784721
339245047
131544488
385386500
871967312
396118689
948421354
416827599
339649015
614477548
946316429
678675369
388128949
319282172
654738363
240814226
965291149
672592158
278528594
757256034
843523971
224400807
26499543
548077591
95768034
803892203
798356373
646136504
710603079
852911023
836207351
613233366
191729534
465464967
744959800
957694282
10228230
912646114
486702113
663602104
190607512
528070961
812306407
113633059
601789712
733566203
831167308
367121559
381299465
610321233
846866275
801017719
439892300
726151960
971529755
642771109
135265775
31478195
81980584
476723980
556111387
170794218
19851931
76163690
453517672
355524480
702185364
118028123
398910766
184522933
760648043
117627787
447182735
385900814
980745742
279236287
102614976
491850456
593046716
564696365
108241004
229517274
582416124
321448299
282759506
747878725
906508757
250641415
401655525
548044740
525033862
947451574
268331344
402294875
629331019
409568948
882420880
96452989
784659079
377601241
428321720
258942484
148955723
584134325
922579775
689500424
943577278
773655816
590064988
793093700
483383100
852431221
394912360
200043576
615199079
201858299
118587912
887364404
196736104
526377835
783787792
161531913
864451110
426680039
887016223
680463367
152272657
760590025
979750855
371371555
176097068
454515982
381706542
63407582
27271374
218362725
930109339
465014601
477891672
687245898
343005965
83239103
597587305
455910920
556455411
599031403
407881454
975991979
549009667
831564079
725093563
489543003
310334973
962642960
268723098
516692483
842331253
186925610
340874218
926098091
513554365
299800342
770374354
515937964
839472853
4215953
115845582
887833535
124167620
337182364
40439089
808646189
167782593
147890683
498448561
72736597
978801822
737779059
809183242
294755123
809519873
146495322
4213809
831660367
719126018
22740861
635728299
910798207
967230222
347051630
526885213
559111613
144719781
530070109
518081403
877193488
72924657
138728100
712532091
657197841
586181368
701538614
947945040
589404407
543600230
510466219
386195598
924019750
558548288
397366869
300649376
70962366
329598452
977495164
848822809
644936462
942142609
97754361
526169418
143794453
283623449
324069912
253732140
85719420
417147682
440945078
82207976
235115131
164644191
97008381
500911188
656819737
373551428
678787334
649211543
287705164
791787319
237185839
769048343
263107932
536766107
873510676
702503300
260437689
826064929
365625053
851190504
378871714
259681336
804437416
219713960
713214481
503452344
579969636
392879250
811012398
207679416
596490159
301958323
126180019
521974062
914895409
966848824
34225804
566577269
703818520
504427440
422116648
474378044
663214570
212847013
86804107
852561881
919183987
555094610
914363708
488668566
263988900
401850312
302005032
365933723
527175613
167260940
169028381
882839060
306047635
448585484
986033682
406509136
314065050
410443659
680623410
532858916
606673231
186243063
38880241
225969377
290132335
982825500
926534260
996586419
837073260
735168316
224155797
295709600
19176331
911877333
256695612
273289825
162419249
877144809
17583912
708696760
710472451
447395173
750036531
769261469
506008327
364034033
558090532
542934999
596793426
42291833
419320406
542417903
499992753
167516464
4766568
967373168
446632943
478890837
734611391
445843921
322714227
397483919
598018641
698733934
251302593
424242428
923945645
240969751
814372455
315551581
650296435
650363557
677038344
458425559
931952717
86339090
667782795
878275439
671412431
414184062
653052317
361141809
163998637
23489035
648575858
654909399
105873822
429427529
711724785
153394642
277546008
980159828
313994357
281915525
370519101
628807528
33781939
145718231
636160671
769791496
63379988
317553511
507028327
945193869
858663550
408424239
661170588
370396203
590676265
523729622
419526718
5820336
161560156
890498241
170497525
49982315
254279991
119117511
327798951
669415311
776570441
209701319
689788790
534482504
362849524
6934268
159946849
333942853
302597722
385770810
923834544
953954557
197545756
823135539
302537863
481852706
318929436
108821649
247972950
738094966
385180046
382691212
569925382
456355488
180118021
638688920
596038222
201743706
829444097
226422464
57621899
616410598
856633750
387102125
648807728
55387356
658193338
459576244
804453181
919787363
233576140
832101329
913542370
972925211
80336011
410565347
219214047
780247863
307417452
545863834
25611568
762968510
328770161
60786614
60721964
391915015
310720436
881818070
703265393
677413001
290020581
564068006
645189282
522066003
540437586
523786147
567345873
957278278
479527447
916378455
947027906
457226086
471808336
599715740
879057145
733932635
266822422
454613503
194920676
44030792
996531521
375121725
743714762
500170838
402126494
341267491
400665660
673298873
577212372
952557683
457182792
99507070
31491395
387763422
646049577
117226591
46408545
511096982
931109758
113711501
370038046
365537233
814901544
36790784
56275822
675173607
285180007
414765566
293139697
133760494
896588448
946947524
189985908
817871589
413651250
248677042
274045632
264741752
150984378
160360359
26342593
612880266
170202220
143175119
911988737
547490094
399833772
83166649
450481222
376464052
939238662
256944499
144247948
87518340
543638405
786676373
451648250
104202098
645909874
453955978
596138613
673149862
546424211
127317972
510579971
64545486
306718838
601172260
454301903
232130300
231912974
713323003
725421269
69830448
638665838
60552926
109903450
315012067
786757090
244374127
182302843
248062402
198897682
63413823
650635271
167033319
96328214
810129222
167726175
259709907
797429493
300558440
937201084
430499789
614056242
312780528
188630479
210271823
435116731
892149316
629873775
592127798
705532297
581611365
309467803
299061751
905146276
247383038
290306154
87914802
621465513
856992279
818427463
474282122
303714767
212985007
301340581
218873159
785837076
817646176
343359122
717185615
278199196
406802758
478020210
852338701
917724533
673442842
584939196
320238317
601506386
539241136
227473043
173598652
514315768
229568206
432923239
598680571
349291210
348549233
834136188
368660232
576802317
434986212
889043021
648185150
591235603
772673979
71163699
927066499
332775676
412603618
250355518
888323541
646374428
754375579
677891683
571148593
578210973
6937425
714913346
122513727
963494137
449810567
353413294
207024179
136946317
296297891
854944095
910494271
989147347
310070510
876468377
244847061
989879912
176391245
665076713
920500719
424160850
735185955
587584238
860808057
120370090
698548072
778585006
630763715
137099490
602158168
423177642
804673213
48143804
191592168
344200190
653069392
380383416
584789599
252960288
218463796
520456977
938518618
431267752
847958766
141448452
669161875
453551040
322678599
359415488
993263741
849093333
755163878
103616167
594299086
971365738
217673211
757480607
793741290
893141048
62324704
638854941
519493065
189008257
440851601
742396102
473305325
51697336
729973315
250415320
38574465
834950517
793195161
707947249
637420490
989356004
226953362
429955030
241267002
302557117
16505728
927619659
744447545
610060841
148303222
931551507
604284201
26599676
447684143
780813052
458159517
352695771
509471530
847577534
767238252
723147989
469453
519065793
467969555
188403317
995925990
378543693
637762549
127887448
479996516
492658201
186964003
81779252
817562224
980588215
644216228
259693676
267498100
540052364
691247890
237503528
272598937
426851817
65370130
499780436
631046698
936901100
235838749
360116529
770667383
338969589
84901680
708185613
821713477
838985202
537802859
197010943
604332398
328519795
65124282
724997093
557191440
963299796
311179561
970115044
416876275
458996263
372058653
498037535
953181276
309740885
822615710
794979810
612801070
721053918
326598443
264716591
370474747
163788843
645503132
478034552
755966401
496355665
832472788
126815236
279743692
437000389
676324943
421284417
899300278
438235458
812484535
194143829
883371388
474561446
337917009
825473072
524440016
99053619
82901469
395147191
853552127
792223014
753777914
234352620
71960758
866735352
302847027
480356346
452336899
869157866
163868133
488049339
98208942
365801367
678036771
594593400
339261657
906392724
44803134
274967448
946509972
296168840
861121561
675492660
791222766
597983
507563579
12635673
204445068
845672334
308795055
531445798
348483153
280747787
552206190
571450239
78083928
815885497
240942404
841392686
205418369
206490007
54109526
930897162
53989304
516889857
27693644
469578402
373683452
135241529
831736493
826061073
391367751
325682649
955713203
672572564
777130287
398668622
185151596
366430973
992425223
887459195
269598945
940366233
84215267
239623385
328058274
392700819
52487259
622289609
88062783
795816784
258104185
131992757
52184117
366978502
331065271
330395241
860950323
95075116
51946584
115954554
541061735
690123935
138747845
529686917
938003871
967969800
253402970
745691619
757505555
593643038
886290135
710043064
971489995
676756925
817509539
422114487
216165659
397893627
510235383
836492450
275682053
308157652
618054038
683819220
352385562
932278456
176206287
653399913
890241424
840838870
473620520
188602282
947142121
670270316
712220182
951810352
315486582
407891144
431018690
986145715
617422316
786259205
37968373
773822894
321110737
7175861
538285579
847152367
552892547
959155779
596580643
557759823
282758973
594891904
900880785
622293784
644769746
47466167
126734810
940524305
671783879
705005011
972251323
308205399
9245354
887781282
953707554
950675121
391031242
216863938
2803585
937130099
484308567
453776735
276977556
5257825
832953168
175828899
874200218
169405998
724021975
942032350
40118005
752530308
905614063
791249319
849532107
483412793
601264778
276837403
169873013
769898477
139910956
733063518
690054210
375253055
69703276
624206877
544390877
798979457
929832763
308771528
478370391
887592821
816206251
830100271
707879965
886806804
319713795
348767282
30744084
930202111
630702
750930043
441880000
490464047
593923133
540194292
718013777
92702798
206428970
420510108
129996763
490800392
418069160
440917843
452120300
676797981
343775618
733032426
843583792
802204845
685186021
127720607
887465439
716298837
176346168
921097559
86057663
198713604
6999698
643112201
577271424
241256726
468788803
782710923
610854599
11071130
991628415
267407826
875853600
845891579
684453403
583757224
39436906
747025433
147108207
615169848
956870533
931305907
940453260
916166761
292314375
819514718
620075815
559741965
313372173
251815994
715408210
696690680
965331430
327918388
245051387
730023891
848988119
720207987
760842891
393177206
660541086
615465222
214872806
140794667
860983450
532233513
813505897
98719147
396676005
799031633
843686011
543676209
331470030
371977832
949107934
240664161
80618963
119521589
643240615
911186353
708631085
352375874
159028609
639622281
719817225
35272576
183810294
787776584
240844106
644161897
687988199
811443190
253620647
641518454
764020359
802092816
956316769
260592254
488723422
400364594
494654945
123087677
235702200
421050529
305203721
907182825
243027358
554869054
923320895
22787881
907228673
930905498
266749344
982960437
824507074
712444139
185446961
980931690
926255583
75395178
942489319
168119968
794923168
273914990
670994276
152546002
332680270
476367340
91351502
559687238
737237940
801817180
367632165
532226324
837619730
715756990
255780913
41669340
343837506
927241960
546144008
554061381
608105903
949119203
678484993
715239857
379731811
358814858
584210090
987916807
596631461
557634344
972763934
463030170
383540353
71697649
224688054
280630027
527561789
234410487
976791204
749071938
834313885
467273844
930920397
382899814
650505018
925565897
437589952
978373244
3800279
655389899
388898456
828020324
695256497
624818650
364842790
574793410
366054852
205788742
860907755
934359942
611049701
594936790
450379249
500032111
830032376
600755585
127724702
615814130
803191032
665874271
922992498
667529050
48653448
35495425
445105108
505569029
570241693
657215610
271967028
607725159
82346541
78375088
515277090
444807475
187387262
941379134
841275061
102559186
412743230
248590845
99639241
720568804
859088801
639332213
387083350
410778665
703705944
10791700
377712339
190293582
280009251
637893701
667285671
796004643
381842383
577108991
446733653
422344907
371475767
755816547
351104067
58885957
462976776
585189559
315706103
715428181
233205813
56886600
115248986
138846803
683363579
774440582
685171759
56126398
406562183
424208691
312010168
4071487
721666253
544473446
651373378
812583445
931175667
168760977
469789120
641944455
541389721
208478045
365985584
619206352
479856696
630292277
55528422
242839367
993901158
276846015
903731379
347243924
58697666
852071374
416056364
490522049
623638152
576657274
495201371
795889470
88354644
789407597
491930271
619014892
731538375
750940740
179548890
887407884
494143491
84333668
676939287
909117699
537962391
24048833
907383791
496025127
607947507
945592626
391452546
984339180
643121090
286661631
670673337
716729227
67109816
516089521
693622142
225594146
28344856
700198924
203073133
381786975
814885810
514060255
210630080
982805043
470228216
158604192
393026329
377495693
521406379
152178278
52320791
253827823
611605743
35885091
828181072
864171997
582144290
190338225
559496067
208135172
93639974
756716687
961030579
821937361
845024287
114475150
218967872
132229056
707483273
881018762
290437203
227351652
369097327
576211889
441595418
264263643
374228329
950948299
170882927
191075047
159621544
384998334
53098832
457582338
164490921
174944909
291907427
932104902
537273463
391873291
592022903
107599987
424125242
272773080
515014695
639504387
974965677
885381010
478470619
768895889
483842813
508750827
962389983
518392891
452413960
806652981
210437169
943443895
482759549
257971090
887984543
62548786
593802899
786149199
267412074
334895329
300261815
953593887
90118454
532076433
902252570
471854286
943539203
119155927
164803873
501609042
348203565
750838362
639696863
278042787
826740537
324609852
926287963
141650990
494950472
890609249
13374037
674834941
597871547
720977959
68781269
629827723
789326665
450342822
820088965
65976259
315142466
262794069
341389995
971843024
998150294
425258173
626719961
714982005
580845105
303071656
201305127
555948072
298514354
849783540
726785687
253418566
314280479
570862164
151452539
114183958
753086516
53472313
674454415
579593362
469094654
196334804
798028789
308519901
953549753
907016683
719014466
308065955
368396499
610788717
215715668
834250801
117577203
789912516
740084073
211078908
776573612
564223208
859244038
899044880
795287182
376339438
748130217
982867648
948677312
221634245
408947444
423559035
934211745
928814089
989493027
969355287
250885819
941563500
761764622
300038466
762893475
634899220
594498287
456093603
706739366
880641335
683190727
971143992
138048583
27534505
245871167
994123833
362486489
871604671
315578173
53078123
515465831
322779319
478842605
734835638
382212744
254104876
207523541
677364150
260047373
928512187
818809641
388711460
81014351
517068977
58475728
782485591
726905530
423983883
99858015
719609722
304017573
649671724
357104636
764567016
447389714
98672956
286957720
897048917
974022608
541774240
13968752
709348148
495782960
971278862
202650522
568415008
376882938
976743424
86609512
709732380
350715333
444205120
502639390
803856838
196496114
609035154
21245910
335475281
88700669
64023383
485274485
586622707
727701358
875827638
726297801
873014603
682069175
645205621
772891050
739536304
357535456
45459544
793760884
636129352
992871708
374408679
738267274
775082586
970411649
333756912
366428564
2168772
216861305
209781806
104508742
711623697
282801057
663475341
328487543
48806580
696696346
156190385
903624980
450552760
946863941
726896403
966856765
570862865
530957436
857814942
979193820
420473002
73043751
291527787
795660860
829570873
679943368
923577434
736445742
41788445
67428812
111726333
54209033
362441680
313714155
693395619
897896442
113725351
816849817
36738083
562622334
944679111
282514880
591303142
453403514
508404965
396229224
234570945
251924498
644122957
58728288
816580787
642475614
797871745
760505100
881996935
539804060
178788144
539990099
55367634
455032158
611675330
265695813
239010235
705392613
883085575
430955066
217585800
233570611
150471379
33538675
236618688
504103316
554214995
553937201
349183296
762867083
312204696
68522949
961406023
595568224
940179811
347717824
419440396
132236881
877468239
267589218
472478576
566950266
168123779
354115707
217846720
231202950
648187152
445363761
417265065
737189476
523185522
138785833
90803276
702324672
178727988
315750619
649738727
675866051
495444445
935228779
354261471
881777703
255850795
802703864
477996713
769479148
152178530
505060272
135722323
69848472
870151383
112694957
658160184
606041046
671393485
615861699
569226738
29799043
200473237
901181711
630579952
981674539
830423772
789333386
875465527
842525136
563447024
782851642
916208337
418850433
420046191
251797814
485070517
418731008
482772927
265711670
666710051
707111644
833190449
972842357
962291879
684112392
832379906
594843390
497666864
772036254
647053087
644909952
30656291
996973001
665000301
978978245
101406433
524554150
766157682
788960138
957128789
781686862
557081183
211939173
464568999
413341299
63924135
208258081
664066005
220761830
74884004
817504091
296831343
622680059
701022416
31045542
638192633
428515423
899032650
547258910
603569957
518153195
153541425
92871911
905177815
12279514
891190894
440891538
143374622
286377698
133042947
313319650
201581490
676257153
708259752
611659025
970190177
771101411
903308769
225503752
650966855
803680946
243686905
928333542
599691624
169489434
130057329
533473206
404742463
693397173
500169742
466630612
945001198
108552214
684802719
294584444
966517555
412355602
372927943
365368802
220302970
188925401
712371983
463934708
154421273
435676714
905315914
137550022
315527923
483227332
934438295
557847799
512729022
869818668
443219971
996865503
202778864
728205508
427113062
484855270
472837488
685507807
875304560
697455944
398591698
459730470
554116590
418997479
260971159
412019709
835071165
108699043
462252980
856328800
377981650
368821676
315813763
266304572
238079055
97746195
795962262
154974636
975680425
956050817
512939414
540862512
83060171
845387984
901412948
614169338
285629077
982831244
463714998
96241723
955346414
935601457
586739688
978731994
997283243
391451636
992682129
778093284
304480590
99988654
364593704
217541450
273344337
738690229
961986619
376310522
996711325
501658285
774647309
264718051
314149182
387789307
940533015
466290165
412622883
957654681
107367561
977058267
274333887
931125287
409290084
132726776
767058409
280695614
281703378
914568888
105900776
101657764
692277607
119466321
479434307
178218161
26584309
853538848
2313791
423786416
921441231
24006419
366782616
637723297
825077356
358014856
186928647
412932112
571910415
382252916
550221389
85779055
573529138
84711947
159909700
876485687
291814822
54130029
550004234
319484728
838728891
111699604
548560748
723550216
362947713
213344749
628000224
596770050
341070200
81761350
109251991
117583563
399680358
544854801
111908758
982594080
691160108
686134306
897987235
257089482
208248391
909906580
891884395
213507860
647781724
137990306
328105640
744495132
799808397
826840947
191491535
445442213
716874201
809066117
63409404
88917892
47683180
844670758
455920702
898343122
100196804
933619188
628301770
622262946
461562318
699786605
828246973
344756573
932563449
510831327
690186936
523372843
626897524
727537693
136157447
261308025
771803407
285416814
772040128
560828650
439970880
346045320
421070014
724546057
875775591
52248950
589151644
729552144
886864383
750724894
824158189
836561518
151768881
420991160
720427743
714287693
267307785
99506509
426425220
967753656
917648599
87070887
712664485
971347079
712364231
522268293
826762263
187537633
419654207
639907565
54871175
467287027
400425137
235945548
101997796
152889740
538695215
639717515
438551626
75582726
887604398
355871780
298134487
48652651
520701921
299684670
161107762
559033550
968155537
508150801
553988379
780028531
292581468
934049601
153895732
982032039
839848553
278254146
734844748
658043648
674193340
85573955
502730926
656517714
540462053
105401552
514630131
450189796
703903687
424177109
754964419
399477711
834658664
680932405
221867943
418542780
919923822
645704839
430602891
516531024
204730123
509759487
81733143
670674080
950876330
65168561
647093027
327827370
225611754
295536985
574109195
696506592
766261935
773581949
874964322
574767497
399034516
746526635
92700626
22181601
84127317
226361509
486860279
759642689
738421321
585485713
855178191
917953211
23983254
515580607
478172491
660316037
200028592
304917732
4845861
59851932
104121573
859437356
36860760
42997518
155399125
690762819
955432252
995741234
210772431
829414546
739236432
198724345
423334144
36440989
192037716
784982231
224702757
522030956
110696146
2258476
319833014
712589356
906010003
571830838
199336580
472098869
688462448
373030889
694907537
885828001
148355946
801731293
440561993
988182629
733871571
682088847
249155153
465896960
447933825
686393569
326537415
509093092
806846115
140480160
406099210
406464811
498332398
921204007
526134025
29034366
492651019
202915664
497304000
959209767
681070840
861349906
517331761
96561830
852282922
670718946
233936612
514624398
413141338
800616405
617765772
691672093
734408622
10776770
723080525
93434985
629197340
837072575
56098472
772419343
557402534
330885397
96001802
924844322
973080463
468236624
829289566
518265331
286048941
359523257
316440505
479149211
346813239
323489611
901205174
456747499
689068940
724959704
771943641
109548622
727258216
738869667
350021458
921650087
928340555
171584316
823570473
150922742
582684833
743802751
880696845
963449042
492444181
117582237
657481645
582867128
976791081
556673827
806165865
689338286
153015285
307805939
738887175
380484345
128077709
798653839
764885342
287394606
462128858
313162929
425094286
295272040
185481344
100671248
326031554
673060420
870257111
89408068
584470548
502312204
949371955
175630847
787966961
218702847
633669807
194242639
808716611
593369852
49317185
21885442
79943201
775784074
584533254
599390174
309912831
543113920
231843965
184287845
387084878
833301848
463475146
590464237
892296795
579658561
49217824
133938386
396178704
699058486
65940564
522556476
365780052
453003743
762866893
292703764
143211471
349069424
381711962
263106019
272012115
360108273
417346553
268549011
524252418
960338463
329002709
627648606
315982763
717588160
415558203
157552559
509807504
878984609
396922017
472966738
638434751
460056673
302908973
819713130
996451251
921473943
867504495
538679551
973996427
992258609
502096342
419367107
520655828
420780172
209829456
731053396
289124132
709037022
759631872
616020683
823082136
461936708
319177549
748805509
15188897
654923999
377635776
456364435
393005029
868780820
710172579
79049942
224710087
127331050
716427532
98252642
467893356
990592854
450253228
663271970
387281776
20703298
852244548
30065855
819409567
829822836
452313201
475578280
734399029
574091233
687685582
238510705
362268012
718082099
731838926
979943848
729061537
217517608
241187186
808957575
16972374
64956038
632660635
939233094
889772714
195562614
133681390
481734005
180294107
451773291
814344930
210804535
171329175
91150358
553631486
173698595
463438909
115672580
387383968
567820580
434274859
840639545
130175249
515384721
976038077
18681296
771160443
425910024
736276354
567693597
937367666
548223165
907283937
597309183
549296520
351341627
448866386
976479653
821045074
254028778
425863259
36788288
788655639
431539393
129247187
792301125
695818033
957608577
614729159
237278798
307892733
48268783
931117836
252197388
946400857
277522448
727290811
492549658
821749269
290495043
413586734
573468772
492415631
691021875
715998450
414889154
132226895
763048473
232122887
343792766
338014133
558657685
242794404
809512844
168425031
464153685
756875699
826310970
221745007
515577114
84640896
971320344
589040999
844217852
695330830
220228952
652263487
348086308
444860744
444195266
77725858
424834215
121802322
603855822
31587761
266371890
714925202
890886515
496053902
974319381
930947493
588286474
655918782
501147043
878466637
839458243
683059401
377213705
810163215
194119540
885854816
226294642
518432059
777834989
527922359
71864316
73559486
607821531
63676475
19796081
277371585
177917414
501690832
254243495
101479984
759451547
754865178
733384722
667011410
180827976
69692251
120112696
122256768
338670974
179956753
101335218
306803625
973813527
460601768
923070156
126117985
127997209
735614594
805852364
155713
522171335
920837319
493607915
212350771
453098259
388960687
630812204
829059408
245031669
320905190
641121098
674187874
895911818
645044147
395363118
243854821
995947083
459416792
334645467
109147733
713031478
863414437
217704505
629179217
736397666
295614456
193017925
803119633
782111131
910335063
641732752
486526341
34910014
586110665
307583510
252319517
212461296
395991679
556233770
142337760
186667887
580792441
576518947
428727261
343053430
416289886
275968685
802397033
944691079
728204120
937397388
587417816
407358305
784816978
427596587
888704502
695601992
942820132
867633412
814887812
614284127
505085834
380349917
354029632
994914458
665331664
444298414
81238888
31123424
22493246
765435464
387073868
195801518
766029906
78420898
574336951
429771107
613168324
341860167
134349816
289324862
424221981
428240309
626846891
750303977
267888442
115047261
37703825
905621145
300470106
239152963
144907293
562727171
293904759
90959123
543424322
379848119
633921019
611481773
356292762
192282066
395550994
471499609
342243145
103183266
245197015
91595171
531933310
378232173
443746790
317511319
280525210
679894939
213258433
510394961
139608435
765434401
71679653
375794019
960336220
445282915
919933488
24578725
601295877
969551593
601024263
362814616
291523400
476998781
116872713
327146313
872696751
494465161
612175842
498148748
548539349
585423925
199926045
756537238
938962211
814086074
608671039
107820740
212276402
684645310
23361697
111803962
491248008
487793071
859816258
420394537
74569588
678415086
832602188
683763600
221035603
159760695
268987
293177204
488746601
194519946
717929168
475971278
128731052
830661238
428905728
842857835
908838324
763934878
971923067
314159964
938349913
887289309
688205545
728404905
334720589
767850946
94232064
215737959
962178893
639899845
26456026
441209499
596820133
750897440
120997610
528324848
917069090
514402835
691666629
847798046
383320552
304454897
124733440
678199120
515479439
914257231
480127478
500070872
194256408
869374021
409993387
588019937
898736723
342970130
285525862
824148084
507181364
891774107
828942312
84810119
600254816
939419282
284625975
573931405
782769960
753810046
272246696
836028783
466101964
527458557
608425675
909976342
529215057
659652627
766189348
980195224
377132632
439122966
238390488
444452100
372073763
810992283
635880289
845940650
524186979
776443209
381343870
709734624
230531290
857904162
595826598
59030800
242752182
68849689
972714569
274889454
946549831
277165524
108595743
456526207
381027369
86655713
425701901
446285884
119066793
871531827
202840461
243329819
184168299
564202907
353813676
967384791
275010005
5509711
50383491
605926480
75675821
66286587
403061562
87854183
335087747
315534931
636338460
331596048
846581828
944281126
503230611
971294872
503091786
731249284
903112261
683018257
928916692
48258703
51196842
304607662
669197392
746219503
512350877
388812210
453506573
797228392
170173617
986682383
204430918
827086355
335156719
122340404
864455855
244629497
271863873
253325032
284601844
526424924
217655687
489692435
596750724
354854229
354676088
787878815
649895537
908473084
321903710
412569544
779103211
345572417
464124149
558779103
92895629
657361209
804163186
248964753
405240966
645038574
787946821
483286013
749281752
433224779
741787151
883603654
505665737
82041798
688019991
161247975
809845507
795249733
374694998
506654147
504333749
962052666
664926324
717568391
679275221
249108104
129945095
904940235
9450313
126549079
627963222
900176038
393350118
329675402
876509791
48989032
307359496
326646371
746936169
616919516
911449174
675364861
227980316
753952649
57514121
362194110
192011477
640939800
313649558
309778805
774499054
551442819
615504368
140906110
504864351
337217667
133719502
28272228
232834635
604002984
662701562
383921360
443716046
351569077
595640078
946540330
876655593
17534330
950858885
61445513
111666847
794845206
945750497
307711537
44087960
265378141
236497568
621864882
746293164
4281124
743328116
883478914
702099873
238944524
558733049
776056453
813508853
278271153
975018013
642069836
345897412
867343504
618555020
340954415
648635785
404542
198582413
396305282
36774048
404185906
764422500
321255316
296582805
206234114
752383516
492168440
74582019
765880413
105072544
375672337
742529050
345479383
973965345
529962473
534424321
826844670
612263682
269411105
233486671
358079204
711437147
76179802
167388853
154942816
444935782
885957517
817504579
384942610
817468227
619224406
991750802
493381250
572287021
973601131
416487937
242394274
915252086
470649105
863855987
839114043
176597373
38969265
351796270
860542799
992823585
498637067
361900047
351556166
860185467
293021468
604036019
103433058
46794450
678391455
657818611
733522718
48862542
153229446
345625865
699956266
542205652
700787164
884414692
568000069
33241614
995673427
981123364
307123281
716394489
961085076
337800545
284153301
432924989
990731042
90976717
780064877
468780623
211598105
692306450
729087235
449558198
26008350
322292586
147691695
756659974
995299756
908762950
369180505
596187937
744003591
508063878
867103653
960899998
766979687
145697247
229468104
44880503
634128899
606929659
506358662
928585167
508824764
422659217
462703935
996927609
741386832
98545801
774534961
884113109
939775742
186920340
155734527
715064314
808414772
473569148
936305385
322894263
719046229
833689036
630074506
54648911
700576414
562884755
716029303
61023154
736551121
277727095
624514631
888610585
592298490
95196953
791232432
749952789
712067592
588720936
840775335
947602773
449027123
841451769
512847289
55207291
994695242
805729855
759373398
198743505
428046417
842689617
141252694
446198211
787230218
66956176
129038382
130380153
275234636
557681940
564300787
743312612
757445964
896921147
196333294
134759333
139308572
281285827
74748867
143282830
814932896
782756034
417254322
896494472
839866143
675809229
345561599
108326609
534179942
554156652
116115855
861217381
449876592
622654376
934880606
83029910
731704861
545180453
111903125
228425436
871702697
40014305
53686575
735123721
630999490
14563646
585682601
902779415
836954799
926090128
34560666
805879768
620620862
277022793
199846130
471000158
977514577
561723868
532745073
147518363
505405714
448775310
807563591
689374253
985607936
589747358
294363699
580751917
279069937
766551372
191061794
618024496
797961686
355029465
694767200
804438281
873006727
195530883
662847823
453826381
785627194
910571115
933470523
487762788
208537663
244703345
238416520
401739145
327439766
128835712
637173615
849085324
901630928
886347529
101138251
424485486
638924210
920353374
575130593
332099281
983276093
842435912
550763325
565523229
614504615
492436002
649754469
221593219
590219987
175964700
196227334
444451043
830670725
596199193
793838037
886842499
578933194
240900645
61730262
851957768
973067074
918569535
285810274
172286764
895266108
342066353
207251612
685370587
182006632
783394099
996013314
60302281
579158006
324521176
232382086
499228058
946997912
133395202
444438518
892452078
658061823
52332436
206076105
733630206
463740921
830813847
4474066
927749530
421242730
601527766
830272466
551859451
760762611
376574078
405138552
984484938
753829750
477033836
990706398
714097536
965280359
256238960
793289720
678015082
631295636
984358618
220542038
22998327
350571781
800904182
256047856
138044811
178340611
387958695
147535360
881668380
700457929
119158416
325895338
104045462
49488976
709216071
962553106
9794839
215777511
844120246
958797789
110404200
962867689
84262510
447506102
342607420
373745441
17917808
785989508
162090222
779384500
291764449
612915922
561916780
326493553
322513918
651215629
962057410
531489720
449763647
601502562
122143518
743877570
568848572
508931207
583226784
536689065
371825320
401757125
320616114
528036639
896650708
32806736
578558593
198872826
689875200
71676867
702777809
87946052
109469452
203915971
478242405
265539626
871761305
4812853
88537357
182715805
337278632
263314824
47371134
233242041
947120015
368455444
3038731
173084951
215201986
472001852
949496257
946172317
946423456
147537141
278883324
1685451
172453384
104176901
413562349
933145580
223412340
849718616
724797467
51272503
334840606
635814752
572797783
227772261
679759592
789092481
681534523
181478296
42865365
562371435
813045269
694855634
92084441
370352139
48344985
538042541
241837785
836922009
755959674
19843098
991640113
153461754
167579276
22426746
154843498
170219883
933457372
820749644
892701793
399566132
288831300
570928020
588271592
838055851
129215127
537390462
597929300
213355744
789982979
233831263
53417776
318139980
702480360
903878927
75626804
986448244
177060195
471469648
328727668
745415798
202367822
25467959
661454272
952571381
853891454
244095327
335185661
144563365
205208354
361835727
500282393
10344433
429012070
991060045
410681100
640137700
827920306
370375583
346595721
118357720
120861886
228850948
401836920
227626478
804322611
48552024
371027625
894605267
640840864
595784820
410807200
247272310
841459712
39611339
153685566
110599229
721335261
594283332
747213855
561937112
557418789
711395188
11281413
906126293
380444735
801360660
191165902
712163122
61598816
583649794
825873788
287526345
646601107
954058157
111382386
48171806
216503102
739165096
455654137
139109568
170471845
253708035
961741467
890551220
188044337
434792142
1523274
278444679
376762247
103596852
636705442
105006702
342042005
548420715
774479630
506041974
392081192
794087179
729956785
602986921
21982580
506104613
378460230
541530747
703903393
825248753
214971713
38302847
372605711
627801203
674518532
939717632
160800739
567107333
616992859
882921530
433345440
293047498
553248691
730775045
672309176
394974660
268638727
916237261
759642147
363532930
475764344
329836395
913097493
203956062
713832345
183626714
852239298
454259482
453945378
249152615
270078519
841133032
489345232
918441562
317255936
760459613
576336956
480285458
928786508
304384933
674422373
463230398
37839875
52593461
672974145
875708254
853854583
552678649
464039083
267547164
414456306
307605209
425278100
352567756
816838416
911503994
691181850
654869557
433750228
262866092
648506412
547294236
967608549
522504642
191821001
564543283
689575477
246618862
717547036
309992754
131866446
504577032
311575248
944953622
97319622
215508352
403442702
311255805
809665407
344154216
557782773
508279783
559303286
973422992
262052369
677631480
646102294
945160222
941151445
894734271
739639310
370024546
120698538
9661513
939892693
524673297
36980748
795462132
197760939
857995303
296520326
303125197
201637691
631061148
159987211
529565730
241443076
253304383
466379441
219015432
989795303
270011033
973542381
842254431
93490997
12776807
945573724
111272016
997129058
130308182
376448490
751888105
454168848
249438977
686410679
296713062
263551352
800264004
563800892
405420476
234462461
12300250
522141428
683355544
638312669
800684617
813511574
311142232
690218582
137209955
447670781
508088118
78748231
258024828
994991975
452077866
960348534
868253606
572853897
83318914
41899669
63162591
589111795
931871672
390964208
566285718
224907841
971719257
549936055
525158366
665133090
551600507
892087438
585595505
801205507
644407496
858494049
722090873
560914524
393951877
662314948
407937778
706609844
687015567
363914034
441595208
706444954
838340022
523096971
331309548
968990491
553379885
212996406
285964504
724552121
473273826
116505554
884621356
507652500
239340733
106089070
407205332
823200279
692142536
238692851
333438218
342385538
453749550
165256281
898397066
693994663
104140016
632174767
715546539
559889841
820305832
948147414
382935405
108457287
763508183
435124845
578330850
320943294
117369960
361908398
214398102
455831929
291603334
92595492
743961170
495568983
48166992
388019180
911353173
195351676
197673677
39348603
4642337
646803522
503121740
886359649
924010570
920416259
826632725
535245946
505010930
699167784
243663375
916606836
702182296
673388992
10273821
630286084
607440123
985162275
28142099
724680041
69734727
238702956
995869844
948509068
559540543
359050774
716044514
731354874
721515035
150139463
611510903
922915546
280173137
659703944
221915918
694340183
987038709
631049520
182266063
450738142
301378337
31399147
273563863
107962846
90702435
178560009
70580599
294876088
271513007
580062497
186035465
743970330
590650224
403311937
327019964
788361307
974396866
610030096
674417209
384201490
516071974
775102216
57762016
644439839
671412394
404801974
692953300
426095816
887857234
701560454
895306897
354389422
163332797
495498909
726818337
566645226
675153220
10088114
951058810
855707052
594987814
573226867
609217007
510710373
273586113
974480039
908828013
881083955
85350705
247619128
966059823
976469958
703828526
342911262
32092614
355502832
668264340
513621088
728556407
557921003
907246874
63561349
742495691
252691552
969873291
132689160
634773142
909507614
959838804
892983314
154482737
572798235
571203962
723884526
369042044
445595114
359038168
764790604
864503802
680007397
889041770
383838180
807682979
787363754
966550532
555296660
10915626
589988587
779711107
710756089
256161711
352414625
336182506
668705874
671158080
61627778
374493094
46976631
859775598
825976920
121570940
323780220
521020865
37261053
788053575
409398401
896137496
867628269
983318250
737746395
657464816
681404576
322668675
145888620
971631
429344931
535152332
726607951
637626034
514076019
248486667
190498025
492653609
220206751
120509468
12990126
99819120
883136451
832465094
178332046
578309021
527159285
434768470
887903666
84374188
731472574
9371116
501778867
937461032
251703464
14640714
51888685
415796002
470706801
386435814
11884569
302901805
818573156
996601785
895277019
381851553
211089086
384393631
553054045
784556910
169819556
153305859
587062822
666249980
683089404
51755584
542667550
296101348
441707064
793467928
888209106
882940899
978706367
378280166
625241464
328662415
100737605
232642294
436834955
425213296
259280466
81010601
422159537
880396574
644281486
965560498
876678442
834371082
610037725
216354188
65278841
605308684
461629439
804247466
934776000
153580849
643609225
575877958
485954813
298925524
355596598
609990830
329654664
660694958
519366841
58833883
495360431
431043909
551538431
607013913
114594586
835824901
654104782
907363888
41063087
828022328
492678496
342096982
26137622
811556989
476888438
426558440
607559992
127392483
365780548
588297016
199981490
108508379
688508410
156232414
419904190
340686986
808198213
517747765
86364092
261138288
847860429
517544590
315397435
518442769
611919161
531657406
511363201
609723000
552793372
910489027
397447930
161861858
145163320
49767609
15740113
283067065
849660690
467386483
652472625
962654081
516577122
605813066
339142754
126009790
16817910
527988046
821057404
115383082
387101870
796048003
885925111
97872150
895570683
288251837
750049677
753640688
998190114
844602874
463973193
346779422
421526626
118412207
690614818
56801825
304121559
974504210
350751920
3453873
763364086
558105659
421741688
803962991
415992541
139333057
106870632
701570599
270445386
143304276
398936689
333354211
593375352
153330107
267479630
119499516
780859563
834868518
381967103
513424955
370384140
392056175
238820669
814405003
891627215
811165110
224334156
183612180
936244226
179802044
250746810
922821917
584657619
738633662
431546155
666848985
613939622
305289899
880313684
929875119
707417240
175229951
901833765
468072808
69947876
670954531
211813558
245341553
994967899
795793765
750987993
621370355
690358816
169190417
117966717
546239860
501893522
773375768
219737583
608356777
807547056
703322261
168656217
636225137
936356344
110292045
446515229
52864308
950002229
411552401
882140688
43799285
376931132
325355077
117966762
839801488
489483171
633664829
595660546
774653530
88553372
221208613
551481825
755920202
938172197
647618296
22378700
359998850
950099128
718353330
451102441
915830220
132085413
436451109
597739427
564494369
14544470
17937702
292232081
540434970
811657227
595534228
698574816
101503031
142210684
908891723
234646555
36677687
926952636
290352423
889677365
68049638
705542765
710441770
514155816
237013339
837529976
145510496
860170186
135831937
457237268
66554947
121913485
120727485
967643526
210821683
667626696
236429744
417491433
78513847
668938774
960047763
251243486
109571840
951776514
264002108
256129856
380762193
224849298
27253321
132267970
223548831
694118076
669737065
936598372
78789416
108315463
316438071
306375118
678316137
456224977
631641038
468513205
193075066
318723576
947024648
470257083
719738388
980828144
355040814
378473025
923107316
147087791
847952543
301390782
562981680
783226277
518077182
290145958
965511333
301388808
947811029
461597305
766749348
687644650
37443696
326325316
902251227
903575618
321260715
725616749
393629073
48408818
116191586
423312725
896864632
590111450
342362704
91931328
614864981
575257091
226769705
614253248
574960824
414711144
27324784
614776712
104939223
618802887
729047189
474464110
626469906
3644379
387495460
52261397
373911424
184165779
228407002
611402807
211720712
385465717
773422725
835535403
301433507
268512837
676584607
71195795
344718177
915426622
720475883
232799049
206058764
516157635
451503660
235729072
289954412
252210917
87034682
79608460
331725583
401027619
136822981
951686440
262974627
225191717
54663960
708879358
835399700
990504790
862226522
153716938
226417473
368866245
821550482
188700770
833922987
585609432
137508496
971840999
928761750
841244394
95936813
732730105
164043118
751904126
545746433
329284209
396559325
460266192
554963897
204653834
435676142
544811172
376819956
914234839
352953454
519195109
801125595
590881052
127150988
421208371
634497405
45275920
633811799
276437474
885812828
163171636
872596196
495747071
454855440
782039437
288931766
191632786
11405697
921496232
823859606
751760391
422629750
766652858
617265691
744756879
75072313
604058062
640741546
427953667
230683163
481487627
27712373
522488751
5862878
162545886
710992576
426125979
513815777
706055029
365921370
344610146
400043576
156428819
499083515
515656031
702071074
355373019
518726414
973792242
949644183
132475203
763447272
386764918
386470230
817220585
161884995
510880438
364938968
951868771
193305214
345603833
221808536
676988385
436046220
326453616
501307831
363795275
710017889
106147118
231099996
406738651
52164011
135324635
326653016
304717626
454881814
28059059
570823768
18139449
550365978
919963847
184060578
714526551
369637323
675269135
906338086
267456658
757152519
956776311
385444677
499550189
559965104
445369603
255820543
832878729
153439885
282938462
877776785
802897657
477045920
19679462
773710216
261489844
700146216
572010995
645510158
57876130
78026115
411412339
840678510
415854563
916198988
739050177
804953232
501765086
360645508
124267436
305012718
151112300
887667042
407168304
96150220
513432624
726388178
421167609
752786738
531657607
356332239
654732285
213399047
471790064
203534533
814237272
473527122
819539484
833957291
909574665
181456096
817805050
871958123
447336267
640846738
179046893
428470729
477697932
124898306
906504540
545751927
470070862
455637448
40616309
568883532
594399788
222757054
496449442
132114196
792152336
691441294
394797651
559228066
865255975
979132990
627459019
989120597
260023521
416023720
379554423
36752813
212980873
409597178
434073966
830441780
690996526
437483315
735561318
736751472
621974829
977028975
787886022
778163429
410863211
278876440
552706077
761812789
26804587
29603121
191555248
334652412
790254933
311651836
958202110
797872495
680467460
209122076
739505265
196104821
754716628
470738475
965334187
290571178
976997048
905599363
774448537
960982001
827519643
21472463
467866113
722021690
267376203
659198306
366061399
725766976
690323727
738026746
836647572
994775886
336277971
261799694
989437270
683050363
692400862
354197897
860757055
790493319
306158580
166767461
987936317
318395394
879143512
4404216
53962988
5433728
747801186
812738882
141793433
383593253
50236371
812037255
707566842
806309180
327839737
231118220
50008798
737312862
414656247
453706843
733664397
627672020
190758621
735974730
708027570
532433304
733014334
591124632
592837784
967512387
828791397
172456257
99833219
594580621
972932190
424213040
805780168
167445592
693619325
116966423
871532227
863575438
665708753
987391564
686898098
117355873
751519451
150565899
720362784
266552680
431760643
775716874
442933515
646035046
805598048
243352658
476530859
803077147
536230529
650119509
645494482
899663464
677561941
731295999
116693857
194835353
753748939
528615441
262729890
620012864
630140243
268775291
989147687
40462517
732119880
513764787
364196358
249550192
294622190
81155865
503319439
189259366
961899172
285331331
272972829
624000751
612898553
758898335
995711716
465785381
718876061
610091687
564980919
26296102
751973545
607612082
992333414
500887761
930170392
658691258
522537796
547214715
931997512
917959009
939196803
327451348
820981785
710929331
178978898
149627059
230049436
243984095
426044038
455608542
206682648
802861790
23062885
730391270
427382931
111583166
850456697
756917624
403106772
957594432
378463715
428513240
922806782
72324579
92789752
747870213
982650256
382120878
798457891
622142203
463668942
711510742
497159209
8534670
457955521
84597880
501276845
242823997
130769907
628854697
798922242
39626379
660473621
641169019
92708150
886698887
555828402
91791735
442729156
781818297
762845428
810934008
521998453
114634628
246330428
663408173
14040222
531766235
526117333
685228261
817459794
73653524
488203886
312604216
296190777
623229123
313894410
665271879
562306065
572835848
232349517
654281073
915962333
164319182
712302503
47207490
186337791
973571839
616878372
712084014
113852414
217595993
776842721
191900398
523364376
854458392
564956442
405340760
310949735
761703395
630085272
61264713
679838297
870114902
442784480
691476150
861554968
613493251
677390194
976049014
594518918
793332644
728649826
62767905
809939536
155470124
589816068
552675239
913658554
423751118
572619192
527267657
915393715
392783984
996161935
57828921
100119477
273847210
170948542
760292361
406822153
571712315
733493951
154353887
477491869
985001534
165730682
12509044
479306228
506882328
422022574
869553870
754708139
18592299
515541354
555434230
801426928
207438736
776969065
132967556
422884371
406441004
136292039
702419791
898329941
334151642
616784881
958626545
247444761
176163413
854692128
736673557
157581021
516600411
234404155
424250458
392160154
170283098
640058003
859633161
711704176
671993511
470423804
107686283
390762335
926932113
146930656
968356117
988846378
898695007
213391442
942336699
768322185
379481131
737056636
743387157
914351895
878461746
34937147
101328991
157520729
886861016
808900120
319811204
535801925
156259157
751893982
710604718
180881274
497087140
716993225
152886892
764548537
861373533
738489793
311929729
520310928
556239750
982831063
841732841
173821827
692188034
775561584
199146954
15073505
615318718
349826419
442342702
161799251
171704623
477126341
463039078
165147861
947418035
217578206
148094590
646013202
782166748
737668093
11661995
704263338
723828671
617940231
429088662
983856279
816044686
498814675
452346207
380052374
410985623
448335246
158763113
754052918
442091007
232255884
642515737
145529097
794076267
766414454
423789272
953312802
965068718
671203167
678998480
150093527
222783351
750370296
60411729
77800443
819037216
626859764
656147443
479812324
547885115
428414971
178624071
833165178
619689660
178105636
461528016
577739587
496720006
204108497
324671814
527262763
382084087
593941339
302742019
858254493
421889277
474333714
829585972
78712933
357951036
76202634
865815629
918150762
121162354
956712889
45820096
195587448
714767860
712384220
817419714
57042690
49769362
556787818
289436038
837239429
265650687
80133979
201823766
935757990
919308738
51142396
755344755
219861371
879712785
452512053
31295947
396156337
646018993
929893703
165541691
410822418
858085100
50121599
47026976
32973594
161871835
627658051
799315704
556670403
500388793
692315708
419445221
815227535
249268781
386963518
341928414
30501039
892293111
627024356
784151810
205334387
228532992
49453730
476154454
269684819
764764599
685033221
543676874
165700014
172248148
746157613
329140085
855830741
295483345
533195031
795982524
57715322
421480067
872782622
504779671
972932783
255222648
388672449
502365772
916053024
716466835
565250500
789183559
715799290
870810058
755018095
846134799
312022408
848198687
888326018
754086210
134305835
508245060
932180588
735952379
597421705
516114754
924063515
200539952
523186541
914955361
636239891
57445154
396191380
531008130
478394605
290372053
803098901
538430363
511476681
435414702
174180332
75578739
509028494
479645378
952776436
286595962
723110488
273288393
418227904
559210750
534577934
19346284
342928024
708196547
507916319
125315306
298827118
126431538
81331596
246585822
395689941
993436341
987182385
979604988
399559374
720817474
143812730
424010602
619186007
27441458
594194840
51212350
432291158
941999627
178208831
561308060
564619587
178920155
201556846
971846163
521543792
588433815
601156635
503129181
122509244
568538649
511995748
317721574
826858817
946107166
605298549
881326625
798827710
160051698
121515167
193139204
217544378
41187033
582749325
220782901
776066564
666804750
3321399
985832837
341715436
356474327
820903344
443880138
969315069
459291510
203308174
817768532
568731625
529311065
264582598
20203883
579317922
500924020
791210096
865216221
96869734
451055368
784548500
631474508
914116863
961533614
20562117
174492613
463887528
998150390
20575895
919464477
372363977
75866631
406294668
325710716
118649585
434871625
144278283
748358285
27721136
869595843
869045139
427242710
245674695
371243237
187438501
827841108
191552647
504095697
211511390
864774734
540910462
722447687
896324157
915847513
63558269
191415733
452540948
359889551
379027125
10108315
394979586
90079770
952315319
177571307
367109039
603312458
250539700
692497303
435039660
403581390
132564890
259542932
933383791
209754638
416364230
686914014
932310329
732352783
927795790
230241916
183142412
923791235
720811641
301566492
780803665
194165063
216039991
167815902
876602164
330050687
124047562
507611817
83582464
594738592
850459756
596942974
335078504
645627445
234057160
308177470
520573372
86882862
680357398
329234133
94427910
488826131
601671268
150680285
870245660
643611420
458432241
199815992
85514930
861575444
910048895
740466768
633804395
874463096
660577548
168485894
13900306
289468913
679844275
795809849
536493787
25773937
292422476
195639220
977858907
747595086
167930090
328976912
166133963
221611237
27442368
148198498
502175581
578728278
112139892
863353113
245526433
31360518
621935072
164869839
923012613
99540463
354413352
740554476
650004384
491219346
265507744
453412319
527971509
105932638
157049649
94450804
468062869
709220957
534609417
797231704
839757806
666431752
331975150
749310587
67389904
187487613
59997284
887031419
175479126
242352898
593933627
991176506
348753269
374288477
558404743
702195236
498615437
77956550
118672668
773318965
515987799
182272739
898383833
288014923
745654268
504204413
616069449
835533062
253908705
365451508
231221281
918606850
423888320
546897813
293756132
494362161
593645980
63859849
671933858
297706783
195770191
880669592
446114303
882166616
729916238
222623954
233498006
950111241
105597960
575669496
174856181
157820641
278706121
366097517
630397298
821347496
345843761
921857090
831266577
638277958
175790418
103941512
50427218
861434660
638418391
751727020
692118999
137968651
66992165
984686960
292795154
436442223
768786834
605692095
715063814
178066533
27773305
98136783
508288572
177707577
589038313
578539308
704761072
243279614
144491696
16730004
163568176
685067172
115091875
592714690
812409623
699954620
7064161
705929635
316343163
842471242
538932931
958185236
583802165
611387013
751168702
65690618
304899492
754441626
559622580
214253664
157473342
966547159
411538794
949970340
392719484
688603815
560065808
806979388
23637017
889201210
391429082
937031805
308595537
159335692
928729907
600092831
158716318
138331663
455044061
786155138
201956716
542861568
891503746
153311426
422406250
249908467
84091804
412097152
518397592
95486974
258314344
498935026
62098095
791014245
160918399
793749785
362939437
418211296
802073465
719158718
387175389
463474228
504631149
657518243
182986442
45434694
220194020
777948493
676512111
866803113
417528410
124748212
186913887
761195868
321656279
398413507
32909471
51223520
426712125
741619725
451433741
167634136
36460935
794450092
59618254
353583624
386889056
709666138
225953032
651027637
823523822
677317186
91364568
109026979
871436952
340454976
606455919
875681659
724057338
868751504
154435147
645785048
857624252
270903827
115234515
811118749
626614191
764354143
184484841
24072264
135816035
717700175
883514902
798447785
53598757
142295071
824733454
412363250
754273660
765425891
305157010
414285969
2000346
102647642
69017726
614060965
642430611
952418346
691413449
611201210
242095664
528737480
412068388
45565668
466535657
741831004
303957233
397396026
676705528
381269476
901029873
956394888
247590458
487304180
709374941
863554090
656375504
760666505
665825141
585248507
339356887
147588485
526307431
576864596
956492517
13228703
167742965
928151342
384842809
603849134
626884900
735190221
693838133
996251806
941153325
811839729
96984009
489316067
750799657
923730421
395956671
948740361
100171438
864984403
90250978
926185530
548230663
544968701
389103641
942317759
64425458
802561719
989743173
622268509
389884056
717911681
789590010
781424668
808001881
345883137
939383856
969659552
733872967
64927765
646869692
402815471
380443760
385793269
648865691
246042861
720501069
332083178
366211404
801489980
15410257
978053826
53927910
48294543
321255117
58133010
776619830
89693028
731589791
92070414
119650803
26698918
830110977
29330666
754899619
435095233
91838544
994290422
64123494
319327534
692117504
562257701
291610968
14410755
997093041
902544164
59734820
194890971
551606879
689357853
571885197
209115468
755630950
443128576
680345251
269867267
835513683
124896863
351700751
843426853
558438372
910652095
317672304
749943805
294170825
895135648
227024351
292675447
112247825
184454695
12065359
676241824
877237105
600952273
679109177
715217018
53852384
868506488
642183318
327604799
338453745
624987970
973360907
940144392
598872216
975519961
248135181
900930169
589508167
686739501
959960788
780610463
521380599
158257269
142853568
370197679
277406223
704366164
524755743
543923243
483361262
703648836
902454901
251678467
385152488
118195406
113130740
85551361
990658484
388028713
905064761
619175522
496832178
839912720
438584352
12027542
210381651
684090918
827662521
708932611
111047588
475717669
552291131
152243870
736152740
350840319
44631754
521196798
102739323
510065304
476276686
173368074
850363398
106240460
284344372
904660767
500384142
960468997
102668737
604763958
768475938
688854134
133096638
737990535
421602307
719770333
234381419
431863787
581796449
923081408
849218839
689562996
662469385
226390820
535347400
908064526
737655442
601408724
423677236
417941139
251241148
278003291
107076262
823712947
33384358
735020799
490011817
110618924
202778313
304053656
176875754
251776669
849817946
406422469
175494878
105849262
165016814
507884477
403472141
360496778
120733649
341329124
840765368
762538477
794574133
772931210
213340491
901275827
702580836
474218595
953645343
816009738
829119365
340681146
811656094
411268571
240817291
914424165
276085179
331413610
146142492
720022508
164205102
782134361
331445833
226525297
121725623
76356874
670533769
980569389
593185249
996293001
996028502
561496491
13894868
753823670
8647419
797499578
772114782
824944237
60409987
134999861
409851346
730750760
219045290
673789897
828106181
301839624
176410376
801868768
86713668
932258581
469419484
85664999
763689935
921901016
131034144
970165707
419179834
654756678
371746517
779212830
321153682
700460273
627629805
64885940
255621488
787859675
193246780
579742108
341805475
693330334
611707855
134857659
437011183
430443206
253056948
783122008
812681192
538499752
323270941
10707713
45779294
301048981
697195241
802116628
483374819
369072631
820697662
653650902
175908901
497149111
185603091
750469792
386451916
976641003
127870921
639311759
112097050
119063511
712939057
321732308
993463417
815264595
923609727
406463987
905542159
253296492
976089729
197814341
838254723
341748423
406572253
479015900
213486778
981567331
141127724
519389030
497621856
40394007
527529297
652356504
960837234
493333444
885330190
975717119
192948613
527532468
409155789
529187952
66959194
589934978
404474110
643381044
189694077
140741952
406097912
356883627
671361826
64196285
688914494
175374381
388673981
675579457
448596542
973602839
832471817
531620261
470807198
360280711
9380370
26999033
323545442
591943751
885375391
91415643
754241357
831441090
801115918
795499251
361015938
592310466
650064690
773588831
711440551
905995040
438208048
277053306
894778671
952221874
625066216
767042489
39904262
395710075
719120215
703825665
489293215
707284084
568546437
586342232
499776381
791676315
989078208
618063743
499631816
749690762
697822868
792955466
380942326
932980284
782576051
143551323
301464596
97597401
84885322
765649387
531271424
690665930
118318939
627156104
843706269
938814850
638206140
890928303
988518839
918860274
81284252
401013913
192548604
502563045
31673829
149265803
520096919
255295802
121889135
134193782
178750824
971886077
378676515
937060671
984233321
134567413
946949372
957904493
187863380
750955125
379532343
151541435
171690968
115070489
57546655
718901086
711263292
777487010
569883547
281662102
196960028
43040547
547599837
706826227
924980628
663168812
725522142
995538414
891884455
210078369
301900308
343407112
588044012
78765781
612693164
79012858
57039032
477116608
708210960
580855719
753324903
525013191
105930612
276933687
51218163
12492021
369617364
66082486
853224057
920395567
527231962
919775204
311256239
364611282
180230202
167740216
726083035
122409265
867172891
654850767
423200144
412083596
804944442
100389680
171199514
893067719
896671779
648160074
340018056
902741751
142352447
447568842
689321637
655106275
108804874
635537553
489806324
384108207
468451673
295236644
233354086
367919985
858663431
508453051
771149345
736801731
959890416
480171906
666391523
458024604
948344857
337023587
275552040
870174168
354995864
519410314
803668429
323279798
29542876
442683105
972296212
336411247
596445828
546952690
232899128
508371712
136167771
996991991
947155
455628330
921299402
568424229
58333916
504251093
845226321
360919230
259926472
529604923
25180671
390416024
361997008
851824566
282610658
654842338
365906849
990975404
577866510
349283686
381904981
194585114
802002274
582806209
981919730
911429372
690906865
222872526
694947946
812731265
527716173
145309928
236901977
164564574
252512851
895157929
489790626
584943552
668518391
441783828
476644606
80012466
83360449
933201705
228129598
864813803
369407257
777885087
841717833
263781867
717989108
80232368
112228903
937799070
83835922
502436514
822636866
175496074
684688991
53509494
2725325
26277756
502259055
53809029
665699339
274355275
411974244
938030881
896763778
595616092
530973081
655030609
755442245
145816420
646885906
407170969
65867346
349427688
160063234
127584857
279835975
245259177
523027040
913040486
357551373
522880958
590467705
899206449
565333788
208307619
696119490
115817313
782360959
658356350
233093182
100606016
435638198
80413172
458623202
623304669
422026794
130433960
443386
666602
355395524
684339510
370891007
102232019
686630460
483279752
668719343
863592209
178210542
334973649
675556666
380129692
654114507
19554123
251192034
691356261
667293894
71101714
961311964
322016391
549171447
540607411
695609600
979085293
568154824
529475206
74575685
315852894
256634199
28922505
315315899
235843853
541986604
760931601
204326787
828088985
942889417
963612563
511925763
278498220
197274231
939419912
154754387
807689737
418911269
338706755
956374347
863123039
819455316
244710576
68025438
548248079
263142440
800579807
402869401
820661769
959697802
506463208
521721118
615777155
702981372
324762874
345060010
621177475
792698242
600514629
529397433
532303207
352260560
87173265
43275670
952270602
329616211
629180417
376326823
775688046
308330311
381631994
303019480
134548067
404949973
772872324
536842610
586967455
278861973
552700154
362818768
791568263
949709788
518596971
79451754
751227119
334657890
611444123
604536720
570248622
876350792
426681532
70912301
566857944
252017689
313716982
893380212
260011368
307034285
823505726
607988921
685466698
426914135
334732954
928569418
212003072
361170816
33071483
377015264
202683964
173015851
583453206
607331197
668972592
645886666
128337962
80306880
832888514
447941734
715381955
70574382
921008635
860979159
74476483
959633087
254677933
74061464
472731231
16366000
83347567
464173209
519671272
727824695
692922479
279906571
956551841
516770730
980091806
117418953
872259743
113805136
715356281
670479853
329514825
85457869
692475945
348832217
603415590
693065892
345585265
306947831
574178344
111251620
941015324
176124106
858175473
223923703
65051190
839679920
766902040
114990905
240320540
768416676
722226143
674053474
334543561
16173550
817407152
507673913
503394224
287588672
352749320
629832121
351241738
182716394
957162159
684866294
320026419
183934569
810672012
361026872
902149849
738918192
104189399
439249798
148144758
68139911
926360749
736766247
106971507
588310415
491298573
195573547
371051060
632562565
280461489
598969763
849367035
497368079
389212481
392478467
441577662
37408593
987899939
341570493
445570695
397353349
73008670
664731489
25781052
720952098
54850330
798927027
943847637
629535644
179627362
44537757
373124217
316697732
284850959
664894172
587282385
814574618
714159948
682554974
231388700
182347058
191861683
751910504
781501624
113266577
641037581
363453252
934955420
668491286
380247674
883043121
240905020
822463149
308995952
920662640
823845271
340141367
121469042
507348270
506127083
38823238
308749243
796158791
794098412
283999655
868583882
847295442
574442744
320896329
668615239
276764532
571243726
516151934
734212401
738421779
595148198
22017743
315269823
842040034
525527515
990147766
532108312
82355409
534489606
67763947
796917604
787667438
159980708
320775293
132047035
297190461
777281212
794643679
20925256
341118283
203792715
276414094
620293347
615447836
678916884
292566390
945306864
803167327
965885630
989323907
725301524
178831576
713967470
687761302
519061836
337332593
409837702
723185618
759317451
591642666
590627245
10569653
99881224
542583940
834539069
291925447
175331670
547546120
498034572
451928764
881639856
61232151
624116351
220638961
114311903
915524652
460336210
547885057
538781909
52726379
344038773
57728633
606825561
885412055
31734242
875651888
954280832
383530147
590632589
128415741
819375936
400288766
399537792
265246965
367319601
355115906
817336859
106221664
180618579
470437927
795699605
320278544
346683532
921730983
324233381
799630639
64294363
541402934
238189494
466981816
146714024
734646112
816463203
950633755
615700510
272762390
757045214
730801122
297619757
584769115
54310373
444462416
315570733
20287191
788207082
653792866
460926292
6236169
776742326
54969734
319908971
544433231
516714431
543489566
658975205
440750427
949962537
634703143
420610324
588223613
909123491
141617926
713925481
737345920
423342684
463538392
182664136
47632477
6200389
161777880
609767191
261124541
345363944
865482176
21218895
760192107
422077574
491226439
248510144
893037334
824052874
604762193
752956830
603230342
53823746
787721419
687237789
825265976
580760375
637448545
431642353
415756146
411696649
622516474
832229823
191562534
97348525
472690830
450028376
929472885
868501796
369888164
890237904
797874510
637167689
470198226
178069484
735668377
537253748
482440333
417017543
88380350
180863994
265774846
347319212
552745778
62970474
861624968
408866153
149454391
72817991
982350770
486489913
600026927
165890842
479719077
635058594
318268663
563568415
419388271
375242014
612252566
628706253
30204611
420903807
90470801
82610672
918225518
626779942
18923106
906722271
593263205
53398612
691728679
436339472
135945247
36672360
82594930
767692641
662608508
33709457
415792443
80899587
151707218
8617883
365084907
691379981
605312066
341141173
907776152
609129957
216871888
7215549
712758203
391107690
804038543
676866352
156797457
109506754
818843664
596492665
495418461
69228460
520239841
528056193
120015556
580058142
87374114
265196866
107740321
701810306
621246732
50722768
59423717
33153789
421415940
685295491
743165068
721479932
763958112
839354973
790898492
272640859
754728613
551016138
732460101
645727865
170141829
218496555
170924695
11495987
188898484
146704863
339755171
407097721
980107501
811542813
894101200
845583427
549645570
699569077
634718452
423314061
706111495
824798267
918524494
143255212
110927675
254170818
592774101
26102409
5568906
148318746
378289187
673835825
106820911
104914574
457558293
950646843
378435420
744663388
924943357
898408073
791580063
619141745
265972027
467500289
413436180
585272434
751434064
600185767
153012648
441555449
800707668
444107350
704724339
20087999
434907125
173505896
287802846
548398923
623542959
698666753
773223760
53510408
434031057
307687131
291313009
374025198
665361951
428830026
208921120
933190955
489014161
43342351
299878758
489386916
400804190
894546986
889134474
599951921
152814188
615327213
379360593
834499665
659285327
432111195
625114281
180214756
778862171
318960484
232898327
928310829
20547027
330115255
260938741
891907531
595822169
862767847
25326326
197930465
946357556
153654118
950976606
38265370
193477461
254438777
416714730
36350447
987698520
581323637
844208271
382089078
749299681
375361086
522853007
129594760
451624502
742257840
433829395
694300157
726849829
249160298
182996123
388085821
166351106
288666271
750352503
544297732
63930662
49673386
680792205
555123008
148784392
454309965
681013562
702087587
103347814
603560062
454433837
574777855
481107453
194602258
733214380
422666224
470759560
521267632
683591372
382547202
251627774
569776091
926575812
133136821
210849232
334564281
431758535
687518557
352491355
216159381
408149468
828746865
442172720
213388847
550752686
975364912
61178529
709199263
181181463
86506938
735294214
951622961
660799543
611031396
279100215
277594459
612154074
994500641
553024545
675349784
304429598
656538249
472149107
659363811
598605702
37354626
655729097
51830000
176318653
304374971
733617418
87178768
495482807
653294126
417256335
884344216
138050341
406261445
872599891
788829338
88651268
247563097
868157802
702382731
588463309
79490163
205336373
604711677
808141980
578200413
234971571
432302751
701048397
820795378
536444883
177347453
682311793
682839253
636757433
994082794
546627765
829754551
388119635
239594965
926280238
443887740
831292284
705269388
323776469
369831321
338066895
467883907
857313743
930485646
592059889
868297978
350513616
176171156
378546404
674422218
880377868
44907211
715307572
288670663
871684008
800456129
844838116
15650700
464882128
94877976
347371406
505827726
268097489
296471198
938099530
755720565
660367153
838733741
934672595
256180540
596228929
288835
936846610
56399646
94272114
656311526
317786241
133992864
926272360
803096724
650743409
346984923
929574215
28841878
62068204
331702981
879114657
775812412
865517050
326186111
187318326
672146203
731238317
994221721
749706114
533266054
727229532
53960366
684602890
245071596
291082061
110461250
322571338
579304078
841467686
230821008
934868158
699061638
857089496
699940821
231030411
90858457
454983648
71349245
836150034
792103973
494172471
43460713
773344897
951546214
599787022
129608092
244994267
846603809
496866817
643036872
70069845
884709570
212980171
753062766
437902025
20002426
704920666
308057108
397294200
102565949
436410185
239405966
13439898
258311736
279835022
729682215
271695707
908269102
828265471
321300696
628325591
334618566
890979104
46948070
607661438
953717207
933787981
663576421
807395317
347480518
897731889
8314510
866203083
960448299
672135459
512008756
21274954
907898206
58113276
947310151
691190069
887327649
972998956
991172321
474162921
736477967
796003406
755563264
314549054
289692699
423342734
825703201
516862599
556579714
393260821
240860861
755012721
17558971
310699230
901927056
116690125
378058588
439521958
181048571
986127263
946271713
179159377
33986623
115567156
385079093
549791848
473083507
114399689
370974125
940972186
22194939
571279328
237125505
961680992
885512688
884526190
853634939
617258290
457931122
572283901
287005867
29121236
752091431
310075767
476619970
96600876
359126483
956667340
192487626
537061207
717961158
869029184
759202639
718577619
582114034
283673783
950646976
211181479
992918868
756791470
505223997
265690638
370785981
187553269
947358449
480619507
452527333
48236828
375491744
613369843
187661680
564291479
547946086
58047430
255443190
153702326
915124825
185693810
46347370
504957987
649223335
753451564
171477980
443526835
273291612
77845101
287452160
349904175
986804681
105766612
234137287
719914871
497284483
761907068
917507793
113085355
677819355
926698374
493545849
561476917
362231299
964043357
934426226
421583882
102649858
472593766
5330617
202417298
527729698
290259558
451026203
251466420
543960020
947503471
94617696
742431551
490244769
927798946
211428884
658504837
830387285
207711054
685775821
497406530
293315414
19797913
97641422
33550670
520049354
638461324
892306724
791657189
195301466
570476902
894299323
495556156
710962251
192602127
91989023
117297545
336877416
533599934
8298331
343738972
454245476
713588837
529517221
775061011
603774911
184150115
556704694
814199005
873184050
24754050
49557194
622177382
982134200
424112087
90378041
495108038
101537598
645857520
264280106
771735108
810584894
579335116
898409238
473089201
958178090
762964046
615509201
677481975
37476113
890250118
649948896
349925519
656945123
871785619
27691336
314916228
821439310
178795351
632479546
92270486
376127870
327584318
470361964
335590855
782950353
337785538
100046153
227287105
830227316
483178518
56309211
295728621
857319708
81202415
53116217
909279280
891591154
698395546
400963714
122717932
634291494
571362360
719280835
800616926
393402503
488680112
213515941
396734766
948695435
224073280
757357790
939265533
976272278
751674630
696917375
785805869
498589902
667191493
911250662
18136319
463077270
712723256
409266718
34413303
950972951
601581136
442874151
673378164
91025454
307404175
909301071
144796297
357690828
336251253
394400434
575144870
570755669
45804926
565073086
997015015
695626452
687780058
617361329
324916668
440819330
617709575
985111586
461775146
488592879
855658783
160989158
24276795
742454525
659231688
138658809
821338573
736246285
249447885
577937697
910246887
284241425
539129054
8082582
181877196
610706815
59581077
67664952
101718271
782362241
417800649
765863348
591918330
614135321
884344265
270406151
801850473
720027177
652074529
678358126
755304791
867022507
597195449
694436893
14014340
180537811
740191610
866455515
480572446
965789416
692502089
815223729
180434568
10336179
580920971
746743813
554040015
979859503
737952045
561599973
943097970
943068804
557951863
388795159
280577227
371409542
978774858
661869848
635520243
401398212
573532279
315532412
622109827
815314695
329212949
459651406
69519214
161949863
730897478
752424788
892585036
266190891
210468018
484705577
402159257
890497722
189448483
421203572
699948093
85947691
663762343
746488551
86090840
41694192
883480243
695965812
321523249
576171251
845740490
591467730
12299232
849877561
397009217
29943515
48336426
87775486
676902132
498033848
313016898
36299029
410102249
594455439
699723390
72482920
830295862
761772059
815037190
491554248
694813496
126307229
433112982
871782866
844390328
575473225
924969337
455107613
832652254
768227433
338052566
760731930
995706445
223288670
366499686
622653299
147188680
51569125
399281697
952161213
30604234
858828160
995020545
167513752
732881750
413355236
822386666
625205875
115915094
645073609
371646699
181280655
990161257
6068423
628684124
12716583
103533440
743508548
42011228
963316740
683759063
721509732
959772912
238722785
322985062
634536894
345855377
697244720
81017133
156098741
799794640
747209330
218554922
133495965
487098474
275080355
183290144
402809694
26238042
233769290
751103631
651322151
465466717
532151053
21103933
827256738
514397255
438062225
605251293
505971369
188333039
504152404
381230974
33063755
493752938
271528800
354489476
785690677
525459506
931122624
975347907
146686737
721386806
194030422
326831114
674142763
8701995
330942768
810397865
476537129
440010420
972319961
119417614
476248113
328432801
508585890
609068139
9889963
947262110
974725079
745055854
541135437
310793972
585236261
866352450
210954923
649425778
605515657
121901117
675457294
38366131
252913721
419586628
331318645
703098336
116045055
448817475
403311921
466602169
296333065
526607445
844178633
205465851
727969036
420186282
254647038
678480359
630873451
63102917
731064539
203236351
191495273
589637605
757313446
12797086
165524966
226770536
963629321
225463893
541874653
113890176
937262206
204358589
678831806
9483032
722597121
497070144
32039683
120202275
137208778
701185555
983319884
191401972
366011751
544695315
308194088
710143845
809969654
830259917
555500836
748129243
586028713
89469610
274160335
797031109
641266844
264529438
867227733
255460373
394838083
893589810
297709180
615988244
451780448
586143736
874402284
464134703
91202741
626614181
300267985
93693981
190836586
808422953
631950414
244510330
234323429
302878844
550492268
233973034
440961087
462012633
992214774
841271814
87844583
548510257
153129802
877643227
237168803
74290388
859254456
933975370
25376355
794702741
977963266
408443059
141852093
276357109
456013237
627168234
298744900
538418211
329970220
460811040
936498382
92277946
803226002
169372897
302583844
154202621
616053664
151560156
586079684
509432948
284910086
798404577
316104186
46872712
950968777
843104615
750239753
107675926
48266714
231636974
607512533
199755933
644757016
225132078
122486448
918499797
425072134
284313349
633348246
659535209
855062186
667582262
463350512
815197624
857670406
647151482
720773216
182911165
769190685
877733889
237951580
559148232
819760314
984170712
251278283
75379712
573000579
710231019
912171841
80801088
336988539
957233015
390560051
879462565
182839841
390206157
512223305
380538154
870993924
957175797
1576527
699983252
487585001
734212387
459181346
670683429
177683825
29955112
648826046
176085249
77952910
498774537
787613127
522420197
311274369
859836970
231503686
358343129
916040848
800045693
588347964
568275488
743082705
901250518
841272819
67791105
417896691
540314392
791088520
52912887
644115909
518140119
126887709
665029612
889400268
894799973
274185399
689179617
948078487
997396752
147827502
322164632
661671813
709544721
489541475
276502209
279732796
97663855
200737941
600590515
972594925
780389633
732757846
343479343
553170071
918365594
591028091
821384367
273171951
793318167
786380525
988843321
878052318
650233413
769843475
409238828
634173106
539424899
316098053
309103605
980666801
566014595
110708798
537976193
286529602
637619820
136469824
126912448
292011545
271126972
737258848
434472658
907104510
936121741
189497945
962373328
99791486
134970734
559166569
703720336
500515586
330250478
158263799
322603833
907379678
227461326
642093565
596738661
729970616
462554956
826658226
209132813
799868896
792888248
647898498
284228564
10004214
453905476
689719043
635785366
416130520
297853393
824743572
813839422
289539052
283497453
532433874
898080066
636898961
43398404
417903593
238856188
994570753
487003994
409077055
987741522
281487017
193580975
450367135
897374246
429296700
297820851
962899568
848025473
427876494
266950463
96747480
630197502
135087892
535801958
979488613
370946978
113316980
944827130
518812486
351274491
770043115
428116148
30188765
188041149
251625505
580075906
293817401
564433588
251911366
666091369
731243819
481732383
66547042
692286466
52622193
235184709
381018350
691593389
495917458
195571857
960821171
406212472
144992210
23419305
145185307
458870872
557783234
906224520
752679557
752287465
861474803
485507651
28771919
269245703
47997161
820786982
696394814
516157980
44079736
685374126
174329414
693442224
39449498
147337115
644514417
589525121
114396178
376307989
889562482
327653347
530767003
986230765
786092960
658664496
205401779
254077061
408240038
927930586
119254606
226664955
972741588
366754689
561948565
278706201
602636376
531603786
26334560
283548468
817132455
981383338
226877487
964229596
330368159
318980358
774142339
466866683
335526017
362123105
32034948
144599710
51511941
569642309
256496682
922166341
696498439
661704520
363727945
570479297
115746960
894513491
417232536
490047106
634450613
912165455
638068688
370507201
12602917
881083829
122313376
50057014
993509518
565969197
983764528
835927904
996497645
783583907
574134651
199153197
892340847
690668403
930265118
362565085
993714170
693639347
554306512
528234617
282169665
695587613
253843336
9264711
406304442
82095114
19858558
823028326
117985838
7132768
258933770
934537068
25565299
756548124
753824782
913580763
65774920
459898871
104396530
868485863
827082538
800227767
352242223
489135728
170679121
534766538
587783399
27251653
955726411
974521088
587005764
469411221
854005718
99171479
338120532
439174615
885876359
824238533
988751153
905892726
560986164
263354287
623566537
393280559
95486267
696774690
447446980
946355236
796654880
267844338
133085179
576237966
40795458
721406944
318283247
456436219
51356551
416113075
508625641
932615019
692833174
657959843
789764
13284751
769345730
134502031
742704369
217454615
76324043
218365167
937864250
235200213
705162711
817169486
63759471
301055794
146406867
510653608
446643027
332883966
676356533
67905757
600338220
429355674
439941487
387342976
329125647
807243271
362206914
442983514
31561088
237677189
234288717
374349417
357953648
208066807
525204306
196047450
172306420
296983862
724905146
217685024
651147227
185206600
32105812
526637803
541643154
113140107
64798340
164066840
891558368
662925640
709376434
530050262
125225843
384252608
27879414
449851062
323790679
567589662
506007806
378121918
760524886
725239917
46477740
740174473
122783806
426244725
887310362
106409379
692730790
913198027
629743379
261902132
355550363
692092246
201262152
554632448
606085978
951096703
714693160
537022230
311234971
693912182
354922053
399829967
796119940
506079197
222733567
426592112
855513762
871010838
92611482
569963457
775439124
564852222
312744084
646680776
610174271
311065560
649880897
242609063
274011556
420508197
594816623
451213310
664219690
578868184
186431251
485761889
944693204
830872965
349157598
220351210
190980442
963029103
237253741
124131855
726082335
464617204
789098706
722412468
109006703
384628331
546799452
867286843
152301904
486655709
254039330
195575263
414249697
143142818
204224226
11021949
475694271
309818369
162361587
147137632
972261920
779282864
745438898
98976126
1743156
860727778
950672239
814210736
359026742
144862602
313836022
243358353
910300923
689791572
538365144
771314419
818115714
897081339
63680694
477522028
309538769
749350112
814760449
882518601
611605569
628355808
888586936
873436496
874767033
338060875
200870428
336981104
984326744
299758640
654379299
227778014
661763732
380698243
243042182
331922059
84635487
40591767
960232333
828053103
777262425
689566383
393032548
800883051
99529585
25172170
828803896
489325680
443023470
154513633
227108816
9324416
452058618
283072179
230385916
736215451
485779031
679847062
915194852
872698557
297473366
854284087
401632812
109781357
643011291
749198655
811847447
978479008
327354418
388496900
233914343
62757864
719155622
467304435
30599615
210866234
214220014
428729968
100676931
747781300
283032457
987782655
458993698
734259771
333079845
89345874
178077604
548933984
677123174
824431166
356111436
398633930
342776477
315963416
732216249
557624194
358922279
592854495
605747686
706040713
467286266
893681836
63758034
788212708
825368782
144523037
506280078
71698623
369963488
479664536
489694666
402902091
617710561
546548310
701306130
319324600
261150902
180704455
720747905
585520851
277427587
630915862
96492107
975712471
635743407
463822279
611033168
176275523
193197480
317808998
774107983
501415593
231754810
416921236
431228121
22141964
913228999
881809165
526364476
175624747
284829209
577528438
108317537
741398094
365976311
352433398
612338602
353047785
352783320
814602986
318896258
164799546
10827515
526994331
350973977
717786428
229018598
414437780
452293146
121083269
57043099
727045325
986428926
763018975
76737186
23412524
775735814
770606170
763604535
109527287
965641226
547207963
890038305
242595046
521470830
280744867
911852641
368723433
572909847
687961496
369813592
812749260
846575639
3055254
778829588
595621008
844463799
205693818
632092401
185151945
588709095
224475688
221489285
169513625
953349169
301466565
552047517
529828562
35720315
550692835
126581228
181667424
361044821
83535201
464842205
941013786
599074708
47998079
201915946
832917085
345014418
102756922
598412421
798528009
190639479
818966195
911712083
55697750
588008865
114228545
276895699
969491385
319415756
457132074
254443401
244994188
422703646
931192100
695640646
302518926
124185817
652314759
923551311
574653540
772778836
716364584
985466468
446705818
948668198
397082639
644568186
290686583
511713577
19357972
113539812
719344026
735169803
799525811
470348421
744882357
802485583
866301376
681191036
825330506
144970745
913212816
475024093
260444679
225438899
951157667
196752595
765101613
215976126
512492606
196568349
700136112
979081746
525429286
498603070
262038026
303389665
450107516
878485282
650092522
179595969
190744623
774729387
877434772
274194529
968650918
309575384
54096069
898610624
214384478
185019910
561540732
588275513
585094844
689175548
740433273
449618776
691196144
265783826
944032019
838089970
400832360
956157134
120778720
223270335
960283079
646474035
27464300
975361856
730249215
379942964
35708702
9728137
493179499
738435505
479712541
64594521
882122917
280000251
612699966
162222584
710431362
998219053
772080601
374176764
163232428
495991248
678134617
497756732
12433923
1141092
578771583
253706022
436206438
383575395
496577850
583523464
686253457
941347781
119481976
861319900
456549586
822662320
433784830
242020815
677103459
142815335
765656317
323711830
716671230
408694361
888186392
739263151
826496869
833985878
274342684
402889008
133985151
574541934
721945738
335217186
997890724
96555402
865295779
858412786
728779823
231012491
102951137
840124099
634317867
840790031
439016047
465088124
340477853
706914888
534359110
171381483
102118557
971680207
609109176
252245490
296762006
160103389
254825387
846930759
200204010
292466677
964191428
720147812
630595661
667504975
926727905
941676243
756724586
736116767
67997444
351062284
777085682
52091894
285867524
758402573
424692616
141853706
960583821
681608785
698977876
309067597
66290587
800542017
871845805
51074405
311951632
393799296
682853036
748996723
830542581
322215089
838075566
417522431
131482192
679659684
933432407
905327481
643799711
870171668
959480106
915969463
379180352
58332411
494879953
905068510
503613043
880774270
944783224
144562561
220173669
980360968
166967796
47184569
265390730
924022809
736551543
831867215
267100866
994299256
632035957
831446062
880598788
120325303
397618511
451963076
262445702
696175728
551906377
894028285
361524242
155007497
823949380
442373909
712403296
682056393
631977121
825125215
545784999
885354380
5757699
672580429
633293308
104160753
857455416
284502903
813023180
845581001
427335395
525765134
726763772
335205649
895272711
566794012
6357581
26719732
644985533
187229651
828150718
161827569
198025597
330472219
931762800
66099969
315599325
448162916
415125983
121745818
335806178
240756675
716544511
629200464
345316647
291307968
421924657
966685458
326682884
251061741
912035799
655177875
375772844
264155696
417131799
479864495
955030982
938845680
19019774
625833346
972853314
727323497
179756726
780804282
755058097
511409349
404534938
944060915
681336086
266546955
538259184
349011899
301075234
644477367
263514450
258538300
968709041
134256773
404899390
822913793
438210223
831524788
383072964
692364645
856589768
897141046
115044463
986627348
318902721
553343021
178246943
947449974
136450305
875702236
652593110
788920376
871254471
963597618
668182720
773356450
281001178
239736188
930745202
247673756
748094598
792932202
25763171
3527651
597567571
672937587
228795151
850035077
143289934
500899149
108411319
816739937
711527113
788364953
269041630
606899112
652580143
995304705
258399616
494426507
828536220
437276076
613758400
676412567
223416231
867080964
263726599
765798744
931507713
193059051
979116418
991432528
657391346
126487807
31307991
733928656
178525117
857542647
48612035
198742498
892540042
303756491
166880518
553962977
766554007
131192171
35379573
372460343
431239913
682415413
301259471
914022491
771624761
854672259
74542781
896130275
202976406
327054889
828615768
951112235
181793263
224141724
647424562
248866973
109704377
824073196
254237546
150821087
455387706
11151687
741169049
771326850
557779615
745530848
534805706
9399243
32388895
61575408
819778843
652362638
177171117
477748035
469361429
322492332
127707248
518967030
528055091
542843872
770251958
341822959
181550112
592449668
202241427
737165115
432561743
177940696
944696594
566815520
433993379
650059617
198536691
795958299
321434173
435961456
661929672
255656221
826643595
8936797
129197899
528029865
201883936
10732885
697382838
462347994
688469566
941861218
802777696
67718068
17888102
861137935
535229547
523126309
364124841
308900859
77267588
690203439
600839147
307276533
598690457
818073686
392269703
457480580
832234579
768688422
28733731
540552195
298212410
801995434
194735948
585902705
411251478
98333172
360295071
53244145
962075149
892483209
189485496
873745299
7709452
117455304
847306368
65600233
558407287
91003963
484920428
598969119
608408977
623137521
271560941
609772908
563469884
421431061
170205636
398195272
364507241
297498853
568450504
897984651
539905550
331671860
621832712
835689620
752148873
760128453
908060587
366219594
525914322
674065567
128649330
287020971
417687619
960345481
61064972
598934592
44925714
174459221
717021829
539683663
490579494
161578690
589285961
801799642
876533302
176994913
636711157
820833920
371126756
46725671
45976333
344189005
41524588
244847641
26900396
133290937
758382951
268885618
947655738
144494364
288226998
112142000
578524706
895797321
662316415
990254962
947837718
66302574
146403768
476685652
223952266
730964873
614920340
180894024
89031937
544609709
855109266
912223122
635159524
481362180
977428889
468762483
820545134
480488358
620737199
633230997
218803340
228095330
138116438
716774591
93443253
159936794
44844845
709105133
225243003
781873792
729917452
993167771
752028023
36647498
87716263
139240279
361469559
143144051
476602832
125146960
43248681
590313870
380757444
338731696
18091170
894500575
205841612
710245430
926937706
231290519
503609296
988573763
670731570
195461928
58133026
117370743
192577851
431209922
244239529
753793780
654126031
64052880
799763118
975696622
458610074
965200953
819701367
32363958
950537360
38511761
340292322
195113618
63344560
667960520
380802931
361648476
970253857
692293381
202405961
434440911
272115478
786728957
188903824
553621372
771935661
758115997
528558614
494017050
203036658
88352108
558082173
794336554
677445671
887962067
172857854
488015873
904114026
981142007
807817043
483563696
633497279
668691283
945737896
179085133
100687334
411031667
870780720
650352073
711305810
761047672
837900405
466519121
539498398
394181871
691227986
824392871
968105442
237505944
484280473
34346698
349638591
306849870
654717966
675717179
605471182
530389872
263549427
342800528
250646540
870909751
294720708
515543219
160185604
995855524
505619079
136164834
258433141
522276351
434331033
474243483
736741397
87831597
491046632
737281852
544184705
573534426
782633931
188803483
672626048
960233098
462316974
153452971
887773819
234093955
141241233
271484612
111129748
345434403
315306775
421387961
469622988
962378353
230852505
517837802
818455294
445252632
513186408
677361444
365784267
580706142
439258043
957754609
367873029
397766727
428211267
88049561
739650752
445462113
63107766
565150366
106860308
42196539
216827354
857911392
398168109
556109395
1519787
23228261
511544785
30786207
480910470
453362614
56551506
406570151
277982475
96710066
428877188
881286270
993149786
71610596
775597530
166375802
612016803
992403671
277534590
371148335
568745558
406379536
700203262
967556339
386886802
784679943
281115697
750420470
502668345
647404940
997341205
403473725
789103378
824473083
731087442
174290658
715543137
265542760
912615194
13368647
865758983
323168426
544551831
388044200
337752795
592276245
493575683
677607498
639478940
197503307
532615235
102148823
328070419
206955898
638671053
506764008
81332776
812135673
358254947
950950783
233819582
827199800
889004526
906885113
749704952
430713858
529583861
569570084
512679195
524496763
666320963
549421121
565807474
393982286
311002994
753409713
362975023
487856996
846332652
201350319
456392770
55378337
942470806
96337106
720936561
528056186
471323021
481757078
947691419
558174934
590846390
15487684
894004823
428338845
168072060
156908393
43913447
359151954
947114272
612225813
247281412
143169188
51049625
193706548
498388555
183911688
720280157
829877596
167895584
680247919
692991226
575196153
307342157
603788576
920961362
340516090
382021360
784638572
168217059
156932512
60211039
538627297
611692559
957927786
420486574
922656068
643543581
354956891
479195129
992046967
524381229
420160157
474814751
429735228
708785613
910777633
512201958
830153620
985503362
657822093
22422089
802911653
233200704
733857566
604876937
553758745
193112221
383522280
799920247
974250282
718676697
228568957
247335186
316800113
807898406
13409049
710664921
291575475
288859186
958082284
929214430
647286117
534788442
262906897
263494198
357894858
74870127
751388504
159757209
966268089
616828622
907153976
682103872
3246373
106767105
499186091
650236482
934149550
186639617
769166234
425745819
430195654
715207312
729104807
422042437
233185980
899766142
871633158
56697117
690574846
438826270
388180838
374649855
661133152
692095820
609044285
969285073
386982151
264440352
24473198
63959851
95801424
839536935
253588427
489027285
116747274
611269413
74239825
136468999
953488329
727713270
261988823
702833283
336582830
239014079
86824135
517124141
89830726
62659132
718156645
374909114
76978089
696629036
17831000
744366614
830479652
147228261
689647820
327216323
638447059
890330303
144138090
903875090
586101764
710021209
530971116
373283653
261865442
815281147
42834523
925221600
38081655
599505882
926927702
294970080
818892382
419302018
329787726
230790504
738820811
768950313
184981806
1054624
31394587
322174944
960135904
920944870
162192893
965529015
976117336
248146606
693324392
358448623
818420389
73730440
516418934
280314627
502830203
582390830
295418012
847648566
843103972
479673912
375203682
278892212
949212897
345733720
330054367
696698118
447573093
52068891
801486818
515726099
492773853
504424917
69638546
210444310
937161742
327616047
480152106
845383420
171796977
596680490
927225338
246275099
133624968
376160050
339420469
21414973
203579756
242790341
787753185
616195710
129215260
911510351
306235142
827991109
59191
471230343
940393925
441683781
173695712
526745809
163443103
184197626
60877880
909206786
987169806
743177001
970407264
931352470
227858198
491701526
497616639
799020049
10210630
592772318
292040942
559086445
504544252
98575192
901383986
804865876
784211805
760629777
241287769
394726651
547225394
568729669
69569555
542882459
207986199
734286310
564790992
968500585
61958591
905427544
651721243
201293353
960819308
83040143
604157081
234951406
625525024
242710561
882876192
892882594
910121292
18376058
459145733
160888206
336442091
738255007
269611729
844555291
923708512
66427380
568882045
38844813
343319769
901611444
73214089
86560536
528484716
362700235
909717380
282653215
606968915
300935287
402897460
791747675
295299002
849052039
348780024
967677586
34391244
561468472
526638322
192825603
906042025
921743924
742205242
246235062
908897367
371339574
384878912
292567515
207850729
337165182
208672906
145915636
40775097
937367649
585353605
532860911
4004284
165164833
1773033
170581363
457182912
36097432
841817516
181074051
834107631
461359074
155752506
974709709
500288296
66974417
658995595
269706041
927145699
454828702
669674763
548077951
285843675
490866116
698364431
354248443
361523825
704367847
194368385
582220124
388800637
391238848
163370793
948384238
427484480
944620618
655218426
9210019
43990662
904283125
848196822
138050703
792275492
530999819
757842404
280892858
918771880
918819816
89939526
711340389
475489417
877168803
163116127
224524908
682335008
299076323
360885046
987626449
63604532
231441325
477600815
296732526
780742644
389020307
106529244
820068051
59522410
668105762
4539538
565539983
39064922
477487555
765934375
190642522
443632600
346356187
831846359
957359614
247000367
51660082
553100872
260881133
692304724
282761790
59732348
213029030
725390027
975536421
28047380
556663956
288837076
483666122
574566873
46404756
835434554
995430600
884856112
628929640
702264091
831286267
713182543
574110889
243290101
56989113
899806784
697528294
217040314
241377902
549080151
961775717
200779090
558174970
713017868
67132978
780925760
68820432
131376622
530470611
987128033
7822058
280906977
345767811
901391660
489523807
432375904
218659716
418896284
686492093
292801025
513803925
570176163
895451728
769855060
878580903
298696040
471837499
912319501
283682005
663000977
836126537
316563269
839714906
414538535
794756025
851051167
661934394
845993185
140352093
709349817
532683500
591071612
486635254
604586031
462536240
429651793
435563210
314059356
198298487
393011335
827316183
810879289
374178980
758606584
949804577
530098806
221419312
813292080
241119657
323189412
225154497
85470194
682646480
237295194
585257694
410341792
879930773
735098187
516976957
818715104
856616173
187985426
959264484
830454750
103929465
829333
928923493
930246194
611789743
270027987
941160843
210641249
388210206
374366508
912288819
35113227
878955878
222393585
120605550
600945233
338282193
133834310
869205095
584481937
250342492
113536381
581678534
893481621
555807595
278830924
269430180
274533790
611555509
332096643
573615001
90639043
101353165
505206061
828493396
331942260
489063729
209002232
94779640
127641567
223634747
40089196
489159484
757564994
531611384
359830134
158582660
965257290
24269296
943766195
698179318
804149772
301705999
609778427
780466204
374736192
373615655
439819463
284955835
819173627
73790809
144884961
176355569
678802610
123710050
533715384
146355600
23724617
631163288
782884437
2578913
33158203
21702524
764247120
574087020
415130633
822211948
119947414
10292324
875026716
100553694
941415800
483779733
104835576
542122296
664254064
968199776
326777304
78774892
801776421
259709139
712139362
320330766
96112909
125318644
17384428
674548789
696116291
208482310
576857336
421812108
200613640
727782639
747623796
837746827
215711386
747794687
12259264
869433369
631407699
822373986
11494995
649018209
51286504
734925
394772467
980679524
390040288
666057339
360921804
843658676
134185535
347683602
362190950
812087421
348740297
273850595
827434997
564486442
544506708
392459066
832151517
642769549
31190676
796265954
977421327
557188837
801458002
353489694
536042811
751134166
317338593
896856815
36277180
324485104
91381012
800406991
131476904
443001463
906985885
491571696
599211192
857698554
48515640
931287802
307292119
231710034
767708568
784746490
752060739
724947914
912966433
41823687
714393710
700936311
63743977
112266043
569895768
740190965
418323434
174446828
714694438
591584564
93114842
869308701
248633946
156827632
126969829
631865320
820628139
995747960
846758438
381674176
405838948
502481153
662730224
344810446
664262450
646547161
832414223
174158942
459860961
496910630
303728941
667795085
675257942
934256175
267407746
527768816
531503976
990356444
324940258
256372569
224857352
827931754
363813871
672736449
878314791
179204802
314688415
408001103
631746459
512441551
411942939
68741983
746834158
97162769
809212048
200412960
160329613
296623736
581544575
638854734
894249587
398678960
421036936
106824640
793039912
694903427
445579306
74784781
610071541
4948274
474436110
430276231
802150164
396893345
558240632
120884474
836536480
622861919
338101875
665502168
437965211
923235561
42092997
415855943
818494013
510327283
804552499
689017447
33802588
261861175
910578033
36191722
346687571
376747953
942968329
226514042
553127462
681435355
986788247
933392378
366299523
742652991
317246590
90656190
346906604
826528640
609922309
92758173
363399093
423252269
559279089
778963802
445467871
679453208
656605216
20875783
631729777
506497934
605881284
651773460
967507318
768255147
400363143
939353080
445284143
196317663
871288899
917983277
484174049
662119792
660260407
185888181
147969370
740141859
553641288
140386096
979771290
549950294
475235642
855197869
334507847
969615429
601532371
337751036
44309122
745425812
256224138
871992027
265083611
175945786
420002274
863048893
272994690
320393358
601249601
42743069
962193917
942901627
101207405
310686386
400477809
529132350
509691621
207642647
657446558
821209937
513837964
401158239
34271280
854526806
46402895
198688844
745104676
368806506
501733439
929384319
460642605
409303464
25124158
96931080
771147013
72846744
960857012
467333345
757223003
597334985
684372403
340317508
96636776
192460625
167042915
291092205
616290426
443527150
574883284
571366865
592511656
982669282
407220516
738491490
150003807
176792567
421843371
662287288
268474684
37750722
327529625
596338870
899889999
122511094
710111882
395725178
119758101
586283163
48210927
506222692
815663442
940183906
224583836
768012481
387679288
899609368
465989193
6704035
367534873
105295076
829254939
172177595
815433789
159389400
710653310
846452029
183653112
843109104
263629627
44399748
492903850
757367401
840104344
834211293
150256375
58355877
358299825
341540788
412586207
39162609
491089528
264380103
2339825
45429877
496700007
690871983
719137031
966901788
454261933
24222763
301180084
502285262
436536745
401992540
949990356
266411959
531265300
817939609
479177834
750967748
467473536
655648176
141906753
787165934
134442898
72582447
526481431
822101045
153849620
922912071
868103548
128968237
967187542
750149816
441329124
22048051
224968541
369269975
771885173
638580235
881622429
990104966
972838458
416446549
739938535
264387862
114364080
295958113
596487635
599055243
144078142
188743368
313158026
669463915
945204259
208917193
522425394
322534392
682782405
192008699
597411741
236185361
455815834
419686251
187459648
416588648
137521288
181996169
851323702
163119668
760078327
530378245
436887898
898328496
407830088
746816848
356546570
683837867
184936712
577420602
762230212
690276315
426036642
428385622
479948057
83805587
10701253
34597446
576446288
630232996
32915880
769332688
898105920
241063802
31695308
754110945
614049679
286076023
368889500
214755516
409732145
931641855
561537143
700469209
972822262
816311364
5388002
858658248
974583737
936307315
218226835
179622215
985012617
167639250
338918473
539101273
702874309
511235515
399382565
607104846
391631769
379560729
788303432
113198013
613206973
156418857
459057384
86814508
760035055
725634709
748637937
71893833
228818337
583379220
756726296
814684251
284004730
304361081
400755821
323606874
504747723
845393034
603332007
87082713
781594803
261233472
79470975
818074562
452606410
174907227
342629505
147380068
830065985
332381289
75979789
599906654
709015559
854303268
441298675
761729193
25050291
308398920
694128971
123090488
500209353
276382476
866989597
671415714
839827343
637181623
666065115
347271121
309860214
852594431
588287416
676170186
213727666
696810117
738854651
726095252
125315060
620472940
336320102
276487633
235691074
384913379
159505225
412592568
637891700
495323452
196826544
803201395
78934270
201850307
782768322
648938381
22640729
53007948
99281168
449192438
423952721
195882341
520604069
485080682
185317446
179884433
816626973
46741946
788374434
556321405
505500602
273993394
179988226
884890109
903729504
522049099
770361238
116426640
174785439
662310479
986949066
863629373
953209843
36550584
100928323
839416928
713763816
618304113
756758295
47598848
889859101
732244427
176572028
542884488
678141246
643896864
798056833
639333053
514633575
910249249
860040841
85600793
493638173
111431367
678922594
410551999
308494364
4665644
18513587
690796860
886660449
118027994
70553907
390481207
930451314
367203192
983048614
341775702
356791370
356560369
378457240
651233414
431408471
567975962
152014944
795947297
328366418
691616135
961503861
76191336
442100183
422826734
922956671
944965378
661609675
701577119
218362178
683082763
224943188
56076806
812777908
72191046
204571414
718384025
701332794
745308854
749918523
299069176
766503330
650556802
858205524
569135750
294964688
872740238
851337618
763993159
390838524
494906914
618592343
812569744
951977214
855856325
772728394
249920623
1723246
831960141
626179697
910388325
926158825
262010368
590825496
540112031
726107064
673822117
285367023
248477475
159615841
502155743
429634373
674927732
577540962
617335228
488141629
189029992
790618429
371693130
25306386
210170899
690494371
385860105
559894395
74949941
976620361
38182327
65560921
177108020
712523748
347823475
780952971
26860237
186252845
487280567
378536956
360468863
301980380
619425286
307006843
148708854
467444063
127511804
913768827
42487869
226481974
320125319
713274198
418525533
24252750
763216249
60584309
694884854
172728568
777779865
896496278
69458833
371978002
603716999
71904710
324298397
423396144
198040527
1358750
169181218
435523325
856348261
92087814
857733811
471806794
932488221
144483365
164804360
985449474
77929353
924695806
283120820
830114282
860764882
706779868
518209008
334108281
166954348
566368159
23618809
873677609
607896373
253750975
749478715
400929576
813338327
347979871
112022155
840579805
554718612
12699067
258044767
520578932
145967256
811364349
484273016
543507018
263565180
365230531
17195686
672663117
167040156
329047570
595030745
846714364
711656722
15342967
117589303
563886644
138796676
421195741
372047203
249101809
935497109
784686395
714864977
819445446
217999985
12176739
891059080
895988619
582691211
97487005
884046603
691939625
72385945
854243334
913768879
735380985
769341776
335870126
750712650
4919185
972682933
411422990
26347787
994978418
101248316
449433994
367017672
674982930
83099711
761675894
785233709
850403656
746593425
121656793
587785766
892580612
923593367
517250768
318941653
65647996
199172501
753438942
278735252
581481935
111434048
395259943
392329000
888652490
659369384
208391437
534621804
807914777
314287170
578737463
891734233
491474142
217062861
828798780
377785992
631745746
273988727
955840355
812048946
697417004
835418186
792164147
934369608
858607356
149509540
627712584
637611570
452497292
199653808
337240767
890214853
588349249
603416781
620413459
913973751
411134172
253300874
654653934
924382771
108250614
552254664
374753288
879770807
150458469
176124475
991182432
460706047
903722577
623198967
525451396
211976239
360318085
435060538
502700207
607258879
526360335
484700893
487983929
700518215
967147319
58988347
539712062
670022526
581675761
977363160
611325105
865691783
644765404
841056045
451714103
7124842
4060194
888205666
803300659
606040301
582323357
106251485
928862757
455336171
530566891
919241367
947801169
370536024
574194633
417170122
855170400
575308587
127528758
607368550
279713382
539227756
502453282
802254843
860135442
590357344
950549583
463611223
949033658
798436086
875947563
402916513
385341526
128499013
279579781
320571699
948051993
73646200
680240475
806534512
743906389
455251004
862387080
683948946
825546785
681519221
624598113
633556940
417468843
858272140
561426847
272218335
251571153
297090641
913826507
517815868
642721816
783394245
562778196
837755344
612655599
976437013
679703062
606433702
724455138
194955587
720294830
824568885
899805284
811799917
217264801
50926883
90749369
438912418
420225009
942785433
421602229
190518343
462481814
593452035
187587506
683400858
697603438
484156761
50271586
854124257
855229755
568220813
131883615
932998992
256866969
917968739
838159117
520893196
971043683
254978655
280728504
116997016
928028047
145698410
124130696
786118810
392316022
229168527
137550020
129073717
120047027
638922958
641051026
915649834
501342546
974629684
659980272
24665777
619534061
722746639
399628065
659576375
874050398
121030157
239417853
666109034
922618536
874117849
239016077
138125470
97414478
538225453
942037274
718159515
65377896
35933095
531769770
439727233
476751998
22518555
983363684
816371434
358030934
700548186
879704742
979289696
970850696
52018717
79268586
847075663
109908842
912197679
820267286
389251620
106428729
533725310
1773426
385605432
905516959
97899798
377819996
531282143
343858017
183368759
140046368
399094133
515026497
362046124
40470027
133664535
192956822
269224325
83558493
35257522
82458988
389846115
709142301
412203942
922365348
8963644
79945959
194541375
821534823
605474522
142776003
597007894
278027404
722922372
14460781
420072395
493192393
468963206
723166466
428419395
185172012
518452802
533724963
755873912
114954324
70810292
495726392
984532579
815760084
12160582
536442821
730510371
600437885
458899307
840680081
527593120
795480857
137585313
973646032
857848548
717348340
779888925
845974479
42957158
686835752
939402914
740635058
637263432
4455493
296497883
798479023
821263463
204295664
185746851
139481833
527503736
672490115
611500762
325215368
82128848
934403414
408524975
587918589
200375065
170097207
11880744
645285884
322049199
490088497
739930434
450680786
844247192
387411265
320067937
705915619
541243976
451807380
168373364
846366967
154072059
328244597
856649149
521956814
827302011
571378838
276720310
455721026
667988776
756271376
884334491
891130529
416180953
40856307
608231886
231327880
824521764
947449162
568435265
211818662
676738482
621921729
864562224
351830102
904825405
536698640
64332113
825522670
847527128
893116721
555877197
599110076
945581040
615431384
855907581
74889330
209523187
470798905
784184042
491889981
63065205
851934173
686966085
433534108
672480260
44028825
351068753
702815649
207563762
493239091
343840575
800587860
820144764
567788725
932073430
970252478
279391257
359689074
227811788
147842312
911739982
785794217
957628517
539057754
528832168
948702259
379367218
484847121
151522325
565233271
27580843
492829445
812389036
292675330
225428494
798326243
370590072
995672146
528925681
558090514
536631769
360074108
880875208
51435173
166545669
6934281
8296411
895756802
621563526
375838557
173266350
223251464
244928476
260138548
755017808
366503340
111222118
190908687
45311065
221776254
334721892
938546441
535955623
762379865
328390048
726401863
434541340
638633112
949571049
407324579
384039538
381075912
422962689
555618521
113543811
265801578
708854546
596427759
942937138
291294405
644361378
419372107
747715365
800663557
6360369
429166819
441306044
936326659
482110629
833275179
685627194
442160801
529954428
366334287
478642424
773498222
990971645
718262213
3568492
77076305
650559039
197918913
929013437
532223562
705759610
427428301
936681341
913264610
820380087
407913438
855744040
532732707
746007107
99215619
265219319
331058762
937525775
267364938
219612811
927738186
273500613
938407484
487871002
339491155
184014487
91331235
570396388
149221814
5074237
85080999
303210825
133093068
418719489
724704662
34866955
670556655
987697797
313125566
521876454
177719294
852525799
711442571
567398629
853962275
511857660
784184206
595088189
910834948
21846321
895208989
218318508
832146811
872846860
140976034
125984131
924858470
920679404
416840171
79362618
536241309
207370702
197767755
118973187
663524754
76162030
822872722
39551326
549871106
207063336
700510436
613431438
784845788
679866636
820535888
785466983
478936839
68020112
872085739
413150910
908130750
828257347
235908095
482791919
38472235
318564989
509988164
168394080
415165485
309685086
399701489
559547903
921500496
219681947
786856342
408431762
116701979
22737018
904380175
613020950
832118102
967436439
487271866
788632601
217413980
888232791
124657489
824582924
445226070
552549706
748124196
263337294
286938871
139571929
730726070
924655783
76997986
459999225
302105577
774264980
27461458
645564820
816001642
192333064
340990212
117499191
419641080
792992178
964899724
511375166
105969482
146590886
547409143
510353258
517210527
845846235
864891471
521730042
97425975
741352162
533274662
649493767
444064643
289344152
107720220
53631207
588857229
41636024
996464028
971633383
483281032
750693979
489429778
712676913
421904956
938377369
84552129
714412193
222336574
819273085
560977045
985678606
213737499
682404417
820889721
360994449
883425896
219980600
142698125
689980069
194134561
795725185
384177314
633031743
456020836
636653338
283100507
139871478
415985993
781663260
291875344
372211195
369094412
326781382
311257686
303051955
460470543
735467085
538055530
504058957
769837083
528551725
240001793
60838173
547157083
656095703
451983490
538488636
1225636
440734500
993527476
190685761
479405433
793335243
373130232
350096012
286611224
430466972
647162243
41496369
577052768
90197334
281925751
860661559
616676737
17907578
902674117
135495126
39350633
875183155
434388828
207248885
886078452
689309160
74290365
374724242
552309635
852322440
722133177
867615167
635068576
208872380
948269903
761075763
942622210
684212800
178264907
918925362
519572890
760649752
105492738
239887468
787795021
229513584
815908991
411405561
701880174
373543148
784487713
593597967
325761746
730735410
467148468
686402427
294076255
510086727
328776061
895225147
273662759
30110137
470023381
228874630
846070082
6377553
139091809
127657327
717195834
800392319
293419806
904881508
696826845
84319312
760334883
435297897
709686688
149643922
920384321
282756638
552820758
496385773
527066540
652545715
480702422
715137079
558120717
429943432
901353336
853014197
822155143
165519888
267130850
388189382
246692606
314971584
406039207
485655924
996101888
119728351
470978447
256046991
240607399
949418066
940345581
136094665
275127500
657577798
82165416
531010400
87972674
558950189
199533950
545866305
301159823
648790227
143342386
565288164
247129469
157533479
414225286
331813045
880166738
543545986
876631581
551279790
81468998
722535276
139569030
137297466
705401507
683531518
964415805
676554728
625171858
706842491
671097507
392162498
600885742
84555555
84593677
208665128
913129921
325776698
174877879
701742906
485517454
944025829
124048135
358341016
763690263
818440578
92216653
786694195
178409610
786579781
753716299
392832486
25751705
705201464
29681586
203367900
300185610
151058123
866215719
336132614
980633349
978746093
117901167
762921740
466958583
625314336
630507249
174403906
352490228
218580217
926306983
48845346
801459688
300528147
673384061
215612391
734152586
104350096
905729873
978627733
275649117
747310516
171351036
434731134
608519368
55856790
174965057
185282551
381705058
482012101
537971431
837149143
11558734
232784365
53065919
765628145
535996647
523749555
471362752
606581250
404737291
447579921
470707199
938687976
758186577
477085440
431338988
76086484
222070851
146868877
790079208
477529782
5928869
731907819
411695165
277877178
718091792
43258047
976078276
45519552
318545708
254220088
967541345
792678551
664433616
169953824
49138132
193460575
803291578
253609757
648411664
192796125
508034817
317659656
352398268
448392896
198519654
740321638
927669430
351257892
19494380
576894857
788381877
385923433
729320352
455869591
663344054
646755011
615649169
198535901
428790802
583610074
542571995
194357619
620856971
417066127
750343144
587099971
953740515
295129755
147581746
304596784
757124988
628607800
496822827
279053310
654020214
944259790
461906567
308645701
607205315
348705803
132631586
264491165
85527255
460401758
208274800
477713911
523864818
684816078
402592581
628782679
985686420
829332106
226400369
832867636
900401791
265884500
924309265
650828590
122549040
546024842
107587417
817725059
649047094
63402863
17288220
621909121
728132717
949072082
762245019
657304991
938829470
34814716
608509076
712130498
836840162
468125038
38229136
883379335
939632650
725840535
971638744
174279036
776164041
496974745
330084196
30218374
600408272
519294624
667858107
145311904
779777445
185047322
209141717
18928215
386699259
735095796
594042257
265692550
210051597
137955726
36871437
200757519
890312393
15197599
268958675
937777163
380682745
955974713
723524718
206442589
190072540
158618166
377919257
951089478
358367587
417190261
257799605
852276403
742446621
737687581
623704671
880715001
901454261
717783266
726086510
557052676
66259823
409167428
871910519
171178908
120952979
704894664
5427060
90761837
544402384
782599591
823666805
640065372
468331135
511159826
691001350
641403150
251290334
737033356
508664933
421378195
90700133
47175907
241771928
281139317
375163112
585358852
823416593
238770232
46104573
718185915
372717691
288425651
10814553
25107613
370414351
620420466
648341913
951334727
239568170
210984669
386230084
403510425
641480950
774874994
842398762
461161699
758703469
119069822
379419192
170891626
674480442
977110121
315096613
738898366
645401490
421111188
294708267
630411634
240223795
670938048
520915593
154642092
14140125
961845625
74517168
376660231
321393090
627867303
392650431
764272153
396627866
750271473
68342293
102210746
54273877
479342925
421523038
574784566
11802116
135854636
253294108
819160839
879557226
844045932
313590546
893891011
361233165
382286282
309934020
431420
444538585
897879165
763153896
455604540
229603222
166010456
159743280
980395359
307832946
281225888
894773240
417108912
750856489
488191373
153414092
555592750
62421410
364551777
545321157
740451083
643187736
663610441
700448482
672590506
111858041
761927921
735646374
243754563
199507023
674052240
23789275
30027952
54910489
767581040
205079118
272366494
159956858
333874488
322982130
214183790
317424838
723794772
182017833
539069078
976390244
714959538
472156056
870980734
452571160
976599104
493046372
925966673
599195450
236404811
925466480
702521735
240594898
48942801
890597308
508399139
575351387
547608895
138484368
89605446
841187833
239476696
257349474
609645365
651760883
680035913
612932460
198247139
132028175
382356454
243456533
753796810
213789280
320951845
127368715
884882857
537107757
33928644
956301289
908956763
751683251
194849820
843389094
273069856
145957267
703395004
685758344
779965046
668299961
990201498
612782705
735298828
157133220
915490762
966601002
29512289
941642896
589364264
834264296
110198047
562247319
317134419
359176295
84018551
162164392
337991960
370555525
446052709
638170810
654058073
40945853
713098604
242111260
434920741
958680431
561442172
472273174
64582846
957662888
454917129
372657404
724691591
184728351
371753514
814417027
67157951
556625613
390285968
279810704
238959143
494824538
235304704
194143225
326355609
29957316
226722022
943474621
268625222
789085256
607487301
726650685
888261073
13342540
212461225
696915287
152134429
10153088
23799370
738482202
499269803
391467217
318646594
551563386
573116212
498718482
278708657
862392792
739262644
78932920
471471516
480229072
734955064
386534499
516120707
311557674
951740276
594982198
744428543
700869833
886515105
347076336
278114731
362047123
179468464
941770874
299407134
543019066
385257311
414385317
949410801
699481527
778233095
904982641
897479696
499774200
631800876
797925160
783056222
391925259
889441654
618979494
732397342
71939783
742724208
639108395
888888110
530541038
244333979
351842832
300493598
78186070
521902446
373910708
383707362
153571839
620916982
356886163
834579310
591609242
6085268
41415233
201713543
506877711
713770056
466563430
793813958
354348976
990708666
80728485
222510011
906123633
316138953
178493519
992675700
148482119
109500922
498138567
502411597
795943133
978258125
313488402
995455683
211647648
515502543
80054267
366467842
903304057
684913365
512259619
672606348
958204372
398278283
314716769
296000859
761843603
514353133
204095774
80071180
381769317
617479876
513521458
665791931
388454256
307104180
298185013
6381303
686638218
766374203
803437232
258746298
9489806
254857047
205217484
131749665
364570354
43690060
592699785
365926881
838831739
469522939
286339426
788030003
24565269
41647429
143461578
958524993
92559363
241625282
917226681
648237741
283898109
744537995
367965601
805204227
98187938
883038690
362198037
947899021
779759716
255028155
793415838
844799808
987482309
865005968
427388791
91981622
837789747
818408133
188150573
499824014
769486547
222086072
195507388
269966970
933158462
806405683
689610266
593885740
302232114
944600476
103484765
866739227
647411465
851550851
22093486
89475594
723261812
772777786
69096024
394808317
299056399
639107541
584238604
453974592
393054532
176230325
524277829
417497290
474784049
648015975
986327077
366344559
661841745
963671174
822543076
762702188
265429869
167911983
431381284
67268887
674430038
428658165
323199343
435045098
210477237
362589606
269561093
99017770
879473419
284386918
415158613
676963962
65871680
276308397
829990999
558360139
467264526
415214112
874904072
217841230
341268465
249420617
935485474
651613714
501932496
956181604
134960983
200853053
337907903
264233042
983995903
571270149
223206156
569592781
400364987
66166398
436978608
546472203
590874490
69575363
383907781
538674556
901952155
136407718
602577913
858844744
7632844
205496641
502424914
901463829
633595571
247702780
484593433
529308835
758923325
583383660
402805764
249118994
403218888
103833386
888024374
622661639
552531925
43779809
14674271
603551624
410624442
365662391
453693958
514673128
279706254
302030391
419079324
751202220
274789892
872746422
782946967
138384675
690479072
248845988
984673949
420208288
67002234
459690605
868261784
504680820
858328611
778319218
400150195
643529023
758059725
534315358
890319037
281759797
932198849
243974921
630103319
25688960
933978351
637426617
804247505
341741322
927255649
24079830
204084461
786595198
834905142
162121298
188570085
137865187
851293590
591441377
196565647
309713320
893820141
506901129
563646908
895845068
1620592
852022936
301006475
877067623
760322765
212367738
731341314
466806298
982083365
265104285
565623347
124257526
442475049
227319632
902125790
783758007
535429485
59889169
644038815
955053372
723730193
975527924
474238475
776433398
636101572
930244086
329711986
44457126
368622542
633373091
953476708
588842021
662980107
646323271
115750222
887301813
38888590
717016221
918672607
464035189
901978983
847959952
306484852
383326279
954614563
432835312
31123448
750717566
262907667
81392778
272105244
155200408
546769492
820204172
664596718
358399965
389963155
438002052
697300433
176703327
708746275
546493262
66005898
749396690
755925741
620369928
901117137
572139266
290761877
233158172
579886077
862887787
555805322
501478866
285791822
382429875
919129349
502582955
949912286
652993062
219819092
503199823
5013359
849156785
403858297
472067674
565270216
581707183
366715693
534664131
801123017
389673574
125429259
314436093
98671779
263431640
811872802
232490518
114417574
211973174
734657616
166779643
269897221
563584995
222487740
561734404
992680296
466089650
584313697
952321702
678708956
101453640
501883865
895492571
992089437
860994701
361666652
306342646
602987885
385211742
939454763
789812552
268794094
865310092
464043603
693405197
7101650
795616455
783586798
192933673
758514553
690788693
385238504
898482103
624509905
514684429
444770839
499651106
400317950
390337569
945506180
28499149
762365063
540495200
601022724
692774864
959873097
512467796
779831013
909933215
80725250
657833658
161625422
109268285
445128642
907063407
191922435
291225983
424000458
948693211
11197627
125707592
66739360
176424852
624417836
576482552
957846798
567663429
388756301
442304531
624668486
119737712
367011049
87076518
61886791
192995181
925915471
191115217
651534933
99776988
119403617
217712950
103061799
589789391
13914921
677268914
436578020
871999273
207302309
633880422
737882053
333218474
830283946
299257563
340658738
983226016
439440535
63199001
334292216
889884966
699234242
141992716
508105322
139189856
869128453
244037724
206299772
848332267
27836301
539085341
828086783
903567753
859854895
723892986
995576849
430119805
650500938
749995423
247445770
941778367
378856076
180037749
435852639
946906283
987685267
762662479
436661251
733068686
332083964
256366274
527594734
297058426
186957312
194234686
676192581
130279061
628274147
133993276
946899840
840804601
706039569
934777324
394881583
1171781
440753433
542510701
743542640
436756822
501047162
882611748
198840774
686438738
860224284
563473958
41745098
879467509
763774619
45803686
466322521
483436905
857171333
838280609
233283522
941419969
852639981
959733157
196334770
196524777
550294472
605989700
959672875
643145120
547316707
100663225
719678013
219702641
274412724
741331321
409709673
151831829
232898579
960117583
715819988
398166197
729950728
490053383
845959231
889236282
813395320
754966413
773617327
363263969
745362840
174981390
42775995
13176755
602883553
312870170
474265288
711332937
624475522
435263905
894611099
220215623
764051209
501614425
245379809
110573731
865960700
437983557
985604486
500970306
764377904
533890756
703192925
695348887
24526904
562206893
559456679
638614253
344397678
418566957
279401797
530048334
173133328
593268629
778255042
106462537
25121961
789198644
317223599
944979997
995495950
314487954
535857989
450655743
570737166
596732665
309025793
612923568
482940869
876671749
285847198
316925365
138792151
728873002
902280296
699052663
550548475
986294155
19568878
705884104
695309140
125548546
992043558
387402200
616341240
289075725
418063761
315675988
844408655
462566332
566760735
436099699
253107205
414286867
708753376
388362736
537484558
684416514
21802747
227900859
398232338
780546341
141377839
567489464
468665709
332949588
55776021
136784973
996631525
283183697
420740265
16983881
489109953
340937537
440639155
880646050
761419085
848217913
336862448
710818466
83948020
787209710
518275288
707376342
519941315
282093349
382335367
336863379
964224674
24387685
182923388
856516867
404372183
385799805
232104904
370277492
556764967
476749521
382593854
237023317
57518774
762354410
909904508
924721819
185228966
205480469
826201236
957557237
490909145
508766728
990837051
327301759
957270882
554152471
334141109
259007473
95255912
566977337
41690019
734093224
410051690
69930032
174262758
859876911
875537792
239923881
291891308
644909731
541966165
124395975
243265491
141277660
737005194
430234431
334442788
870602251
263879380
667461621
47815286
585839620
952735957
923219906
855260635
69772923
29006414
48344806
343719231
583488387
665788129
305567698
102283798
284315003
688699163
91729811
177195745
672041339
656673806
270635572
551980675
189341149
934128454
576116186
342528142
36464465
200494124
56737114
9659809
636109236
81397113
39909722
353937161
851479624
880889926
42484450
232257739
27411133
585568144
348561617
914820181
881286943
449513111
576424431
951178879
447740728
373107723
551740026
926704872
805734708
434269251
263093654
905274238
3451641
794753652
332091476
238022289
955269563
703007043
811251224
667933476
138063228
435235524
101960036
420358730
73159473
475648851
852956213
229817666
540983070
695039308
190122132
108177638
178529582
534756597
398792059
30582649
578159700
789642549
181021354
856663182
535769100
95531712
555435762
769303078
425045841
154708641
824590799
204929039
337176042
601171661
623354171
295820608
168117772
55338912
584106967
389895053
572503626
929874422
304490575
156062223
759048650
728969623
2939288
869565395
484004830
497097981
918366953
552171251
293093012
992008825
818599519
836114366
781190540
954666968
277822903
882662082
411743848
356508875
494631196
806364068
215419571
562438760
426940215
133560141
38114988
62341887
476748420
479909832
160945321
115379694
4551921
701351320
62870585
820065199
357224333
401328108
271209379
833395050
424748654
441252985
501359298
589278778
19282295
325288549
483681198
352752897
192890343
405082885
831366260
218325900
950430340
160874451
83875282
70951359
975390383
578197141
416901055
49038073
673495177
40277067
215607150
84214545
212747276
725942190
485348943
170713020
558648026
475716310
210621898
551654380
953489734
163218466
464692271
959092099
626407794
658200157
283495400
419293675
849788408
212598818
750738994
905699647
512394209
129080385
859422371
715585644
464406501
14605676
589977581
221046905
649318427
111111531
297290540
928794287
842635596
708610255
632460561
501480097
240780709
631173441
789515967
816744697
838411433
194577858
872280298
528605625
129484207
509366840
132761928
646413442
396514235
761780433
100564455
561920566
530104231
649001874
774694835
230156116
10511872
333810230
149869960
12752158
731534476
742543804
333424723
89425336
521875169
787598692
434532220
965557295
930027378
345785095
260364606
840248446
912880472
644300720
183049225
102889109
714447518
97856030
852829408
191429458
601917517
910594917
550017936
706721352
325820896
946860716
383383108
747291659
679644395
108601905
607392975
792043773
28756662
750964514
813362579
520954733
523360758
682638743
827326137
404580360
82809004
164440962
648226458
241270038
445794180
204510837
602962237
95740852
238681637
519918826
569746476
169406862
767934427
545665260
504551165
171592567
632894266
569741662
579205577
830093843
718913789
237956049
812690957
525563148
805275787
244074301
168241047
576927241
746095669
767011408
72510887
587333265
526813262
212663678
706539983
522424405
58917886
339475742
311850000
646804365
631137289
516819185
149234164
714747119
645597284
503673997
227210524
404688106
314485434
25476071
404227980
430508551
313064538
162129027
644390212
729673934
872923068
904029548
116228114
581327175
888081266
694343780
135308173
637577677
231295854
907815313
458596451
181878444
416363859
202255301
353626368
599439296
494752147
330996115
629384035
288131633
273012016
603954768
147484879
634250981
814233411
927054904
417098951
240729684
414433917
597331225
514279846
412949802
761284314
51262349
91849119
199953127
859896628
707253667
275520774
468032637
267743233
930360828
993170112
372756813
562637259
124429238
735374244
227889992
877008015
529499816
674600611
412612644
509868945
203499971
852673677
438914
644880239
314222802
312948805
944283502
59361780
568366655
53249738
968427103
958885420
389682844
191365639
686586468
477311552
220919943
945671695
384931116
441128761
372864963
491236679
833215962
106425534
321339836
533258728
208863546
564018737
693054521
36688164
48681386
671124400
583841311
459656879
300670585
953517296
431014052
187615155
997849945
862672914
110954441
301383875
627114260
806934263
549491875
806235490
243969697
577987340
434563639
793482750
387705807
877029547
681384679
987036597
175309967
756969833
285985798
678077914
144442710
856768146
231203179
135432006
549335567
588907736
85242773
114410874
159989343
397320362
715313183
560875935
472726510
109440025
863847719
895213948
365480231
413307702
13734395
884498846
275169153
746897512
523071658
729529224
150119002
700353629
309742263
434339050
145561013
89269284
98124586
750451458
603353115
242357074
527380263
417534534
74658245
991268535
809867276
391510308
288148230
686058186
876677933
654641292
553686157
624395425
864786578
403894318
404582066
284716811
942460388
328357363
976142430
990894164
754760666
564456181
604228407
317885580
382373136
215149516
243006262
128791069
946479245
527104608
341198407
206157592
397407389
916196054
107867261
649426635
332448773
274692104
94108251
874122491
50992436
77817857
194106560
250034062
31125832
831243917
933287886
966494579
973928210
310151956
326961686
419126972
138733981
122830834
791610572
617864349
500297084
714849783
565143580
946043946
370841757
192656360
174047665
190554777
330460714
556289795
512429096
552063210
796876952
588451994
479258277
274714026
804848437
965822621
400698256
408334674
915554260
228437358
124442853
700612932
241261810
232582373
374961578
869278031
398181733
71992233
979162637
798530987
922134750
865995235
652270123
508345291
323253633
606267168
776063118
80817667
138376430
358052026
92231803
110049667
101118557
891732130
206912983
766604037
915308584
382886665
266408650
71627611
581498110
720612486
914010441
479770136
582837053
558925145
662213675
75736486
361209884
443413984
236108897
864657611
48729770
504441720
37571638
693625867
47494720
226608665
355573546
670904109
616602462
348992396
87683746
242188727
141647165
369971225
699325182
644077324
816087826
599604930
995750387
157454341
504882293
643688319
769622201
989543412
392771915
692578514
970191794
977962794
416893444
777131405
915778010
710978697
444233224
68558713
453496964
536291451
47342291
167150545
248770253
211886555
958576137
596999953
981945560
985557335
221940697
605867350
921215864
217675058
401431431
457068269
501389237
226273631
596343861
729104341
173651149
8994147
689208333
932946708
163868073
607231639
550515235
510365794
383014110
31206044
693433543
911291752
209574529
238471551
842838416
220325115
864079603
419867826
431754513
825017484
565117044
811368714
393311446
783401998
670786612
385967490
590368770
269415512
920566869
581504235
87453201
823365096
837814663
85420020
429978870
120601886
635048254
616031089
98790442
717035878
923574214
576618565
197150918
990089798
172993166
803087201
813864966
67516232
945333790
252132412
186564571
619155098
836325013
447616150
207026679
911258578
496694582
406454814
422456690
418796456
107704375
210813612
455373714
736665194
397918096
563865060
749378067
933799213
289146263
558846366
848422121
798021929
158138799
652399536
808054022
682553459
241703757
554439123
895325117
24168518
109323289
26710387
416986272
820444130
701658521
824320238
661550693
890081760
69516726
458906335
617014855
797157935
494615483
944584565
642747342
358473622
366437445
619339946
180961409
369171455
170965810
417405389
254038376
963254846
589765704
523409658
165581475
873046397
95453029
190946813
51241012
572037426
163882988
38886052
775509602
212098304
483144857
905879834
361332097
258254151
338528666
346875413
477970392
760223493
970450340
247583058
755153024
154615625
747847350
730223741
101636352
583445296
407833587
69247235
180120417
92865142
681566924
285427416
804040907
994053843
612643853
641257048
364849180
321989918
252795712
481308606
180552331
853610944
352706228
834707050
866971547
410745418
300521892
359325162
73033589
417051744
650314789
80742871
779842990
304582496
823603169
449977717
289071985
122127163
211196339
335514244
567520833
93372201
555807682
214105869
774855118
838941868
197938235
651185369
17688329
408923609
889085312
319971134
833926402
965929174
851076182
281825191
925965114
172440018
735209072
521028522
348883545
642177039
454368586
385097792
527201939
929025076
195777166
202881874
428693446
343322719
569096754
337685779
53012032
325486239
440287833
593337328
515618421
791264578
300117190
807442408
905507349
223801248
718874624
764716470
446955812
498119639
834591992
568872670
167240891
394006322
492771157
740113358
469170106
36715864
771751776
250679669
73546071
700144137
924992108
503149421
156812307
35823932
721330337
983231959
264262251
988690238
435035527
50560021
500836587
74705697
100997943
376827130
599986940
762051280
111005966
690165993
108751208
906426991
108472339
566599196
958994663
811465550
834724733
573383943
934097656
554146349
264139546
884615118
681297617
755594496
513296357
666842823
314484097
919768199
79856684
349820533
624816292
713114809
337526775
840368578
618043015
667192363
882093974
605924584
960434880
71260194
216592852
290397165
291847737
620195078
481053923
437198639
29527441
755323563
343370529
906546082
209055083
272582434
523926055
442010948
991369935
539688860
308700359
972412000
939738132
818603642
235760220
772875622
184686069
93898998
619338219
844439308
367585674
383965691
41568547
154058387
992293012
34336441
875097303
156486136
608690515
848260953
26906760
953828320
649639561
904984879
931293744
755979870
71380553
440297826
371074617
101934592
325513314
82847883
829206111
894793403
337633978
698912374
257244226
748799318
466359216
616483505
573083352
291008848
612878192
508333323
759109890
227155945
636571730
277616777
829912866
931382922
288881457
168602718
265799634
944963878
560715935
470674611
94271767
230555596
662153191
874600597
989053193
644367669
450585790
779968081
179040933
496224506
333142967
517126336
162765985
17754616
570186100
520321820
612884617
294625747
939270767
855911101
261258261
165798508
422863785
170397828
375694398
337823688
990978072
423164584
989995429
302221713
428837452
143536118
88312158
233031804
645915742
697562680
798176670
127000348
518524199
170528217
416805237
190465521
882231072
598916978
402897996
304925295
287473466
175573414
69597040
382695019
161695388
705189919
495430826
615968952
419935991
502171327
378152574
40981845
987154915
565557229
155074490
910802581
739395042
634780940
439166109
910436254
309161353
467867874
187312441
205652289
99166692
633442751
829883737
893284158
940110354
647573289
586090010
4272701
95823090
717920785
717369820
866835805
847136914
736596054
24713315
265254718
659203275
179882901
776957228
464456335
37827369
787610316
891725799
915739766
301359822
36166177
462579825
116046227
10619771
79142433
23237795
581395489
452910750
452014006
260130499
39764451
784833565
178949138
425139162
306588058
363739695
703677943
742754129
877429021
444599266
114908635
100479307
574099784
307775407
903076487
388466675
807575196
476295351
898045489
649400392
79387958
667280790
507947430
177145169
366291587
75325242
594851803
323950206
427947454
872467421
169027040
505590616
839489723
865252632
94035747
63764439
526755969
376866471
600486587
188968427
37026705
818855768
175845881
418120231
469310393
246397047
262746242
60451177
741762352
360292517
983089429
515721350
221113148
968553254
726441199
310238920
922222591
907058571
787052817
208448367
748302327
889734197
791026930
314082812
511688176
92277117
483113951
563448528
733774344
703767423
783877715
855484036
488820588
337769183
262399718
27976033
674547929
65596282
314691023
949392993
154305859
444778571
424607638
815719159
140411984
748129109
594479597
348301726
303453071
74365192
693027348
752536259
588277759
739048878
503750643
255914820
875012297
936086094
925975628
393611316
399684184
400581937
34465341
694906366
834592149
73352550
78446587
215559963
996982374
512792322
203113014
304895522
48035358
880019338
741306380
192307212
91332717
461342323
579868694
193115375
33078396
678447601
594488928
200633395
321131713
883572005
38574147
107902454
528870705
767121461
616918517
711428080
611186760
625143287
499860725
941571434
637900436
897386823
440771942
357421488
36977217
720451076
892829318
185327709
803731484
164966637
393487808
729837451
508532929
457341910
371996732
589452221
927341776
424923473
667677002
985335308
821194045
228243780
595101581
354848708
526173507
282395234
104086810
163844057
621769851
149033324
177279462
864101995
838319253
285127357
413502624
404489705
83433893
638886915
293077018
548914873
821993708
717756679
546779253
855250161
927410240
139195818
340535171
910252012
933721280
760125831
547243888
933959993
365285206
813859961
923237094
75796417
90990970
781948921
254466290
417247722
501914720
992346567
994663152
908971669
849146407
267680591
733756797
373384399
926099868
441996542
450689504
47264499
585110345
526092131
925636846
302449433
775306712
855615490
947863433
169038044
909665254
126261864
546790365
167086028
904726575
571946438
47843244
339670562
227190312
891242105
142725369
339211030
953087602
651091180
150792749
500175062
878877147
945228854
957809436
86772245
693965420
935340374
542929144
539276412
450932225
82092660
555314826
27004826
240349562
351760330
538941642
519335293
996848111
934698154
969200392
484011072
349236891
72773853
468055619
897218584
143896179
736985458
316622947
875083042
196284199
437066444
46883461
219256355
349842986
429584243
549551053
650153172
710900726
445432590
234640461
425437845
583758209
58417090
714700109
985334965
333908745
31000644
371668687
726803879
231770084
965459252
530670195
394564668
462957361
588848588
273894069
881588790
673037190
116628591
300471237
354181262
615703802
669438637
845125222
348270502
490200377
403106497
958967603
306013094
264760446
922470578
215788413
908901506
404167050
803853952
13495200
61949844
923511838
588554609
645267655
108393660
574739519
723206068
145029342
124122186
119655374
454793515
972420342
965752331
286009378
755590881
872142216
847807991
72154225
465256525
834017625
693920636
199698778
363699583
304914840
460710768
406696870
796310605
8347182
599284855
937415980
711586730
153551409
464264319
328341431
331169305
732887170
384068582
749923976
857359559
61901032
931783758
76032243
141279467
989676209
517159432
751321156
200087272
370232135
383097314
633345847
636394691
289338352
762635990
13649141
279326156
977583931
446648309
634873229
542360768
447500610
629134193
445333201
531281206
199057698
386442563
780886263
975816091
39447819
718793401
1114386
841092235
798199912
889357453
347602040
605686629
532661919
625653964
95505605
494370012
801864616
14571882
245389346
514728028
872348465
538838528
567198462
259824062
27169351
342101595
345746431
225492808
436401697
328113090
190316386
905316137
472680380
535669918
54510510
680965006
50174080
850691212
897980883
430530168
589803755
175499421
365278539
427579031
612222368
380750995
971959633
184226281
283875169
774612948
260853221
55103302
956397281
435286755
240464348
615531013
486281392
893506885
186012220
675026213
254838292
665869834
284217645
730367419
2544853
344617055
381663135
784621636
377047100
678835426
110835662
803244188
40972266
162908697
557518818
274978911
6745112
82273904
327734469
599425911
891327281
517133386
777451530
863775677
507027500
366104571
537496487
639474092
700548069
499897116
549614701
602148386
437270478
796558406
238580815
931941401
648395463
888278439
898793508
591927921
175298505
33420098
546907214
360812608
224475622
283474657
190341839
492317960
869388033
514392994
784416477
77358401
775566963
832690979
811923490
646310508
558018499
188823747
263230751
278079246
925475768
274589334
608583483
864022214
376887097
679142924
836323930
424011916
356963750
86841101
248829278
554228720
600992019
923296187
851753497
879720197
970555658
944918014
123781590
139136007
83523086
322035506
843235014
357553948
506391643
892574797
577721644
959626651
944982456
121827792
394291273
319693833
527032395
551249555
959333407
874435753
9688401
326770090
663005709
937441589
92757676
73544263
728912855
776703189
171555694
982459130
644922021
107578990
613464036
619276448
669093276
300535379
534795720
716349023
25800454
355355622
96318235
337137070
781721035
452877456
767447500
925283867
121139981
805181568
446234559
997894736
513661223
652127536
231217213
756691154
100660669
218270418
900140205
895731787
41409644
147072846
922493886
66344275
51474135
733137873
185840946
133134049
107510105
102919294
287630345
478885150
223171436
340673957
794074008
565789528
646858889
201156074
98362436
244708887
621473679
728874607
216222639
111451928
812538
387745919
898325138
952896528
577632989
45410144
477702348
439315117
158336081
248484001
989076074
735950127
249505110
202560053
233493086
263454837
962200654
351282302
880569297
731981936
421055721
343077337
959429109
419261651
245425923
879092083
894291312
708493369
326867694
429086236
105240152
743833701
994314248
892254252
943425065
106755980
266647167
239631232
428846898
626694632
997701305
712639411
665540868
54686901
416009069
677084832
928211565
574251288
694000246
430098268
153159204
269685448
359582926
240983988
6695896
168903068
206101306
959818519
876036536
370563783
809447887
148667446
89176759
750437165
735293697
667630325
599916242
685009783
208056617
471859982
805405641
477275656
538772225
285059525
695899846
615598501
652466913
32949828
712535111
182397829
175054261
28882556
945575507
889339366
816721987
754988705
325931562
525638642
15761463
554828588
356568644
715985849
573401304
33082412
156210836
955588497
749984261
613959107
918315339
769514408
758855851
254176338
733042253
171828152
605636437
963869051
473708762
709841967
344440164
872051451
876726843
364276859
929256888
163349070
498342038
981849120
128287918
65612471
767319226
316416945
699776580
593813364
179133605
175919858
308103475
867469260
293911675
81414367
750340045
891162207
819397577
296849170
208704631
136863295
470958188
253197657
100798511
175648699
37079529
733876788
78611861
944510369
428639269
564018943
928871419
966315863
682341042
751606954
479547750
332628734
819742709
342421710
477812429
906918211
234174353
226277693
843468954
712174184
969765210
175132727
973971793
189909080
663864360
680416078
373069048
930319308
23469425
917386958
587481342
88553208
200466549
932997007
721068634
834714862
276207146
958736529
432033222
636547642
902317090
887835706
423769447
312283614
909241493
511832394
296042516
767513873
794095746
990017366
473254748
214128948
331964161
113517631
6654451
114404724
793417228
230502292
645977534
618212049
531568892
336683084
101922180
434186470
39686991
384250057
3501362
853409867
85346820
252715864
140919385
950518996
395785339
653135046
14836721
49521178
813377330
464020492
387855767
395416770
848969602
909535253
140972229
549002993
561013410
666243959
319070693
802148210
105445379
503748967
918316312
649041534
499562775
976265125
662178546
546264497
740715292
837251728
196953340
30378835
612438533
906933315
477988886
533994906
255475225
963663836
72528845
72020891
14263009
335801560
694401860
289479193
520447208
568566126
911172690
950315842
977091046
224202186
374993961
449819229
430804181
995767600
311173521
656175623
985004840
328243237
351346522
349931830
138302735
928592792
963503500
341139279
450317651
341127120
857773552
303339249
497792347
203911371
349703531
388113077
648967650
675177776
453861421
69722375
993900916
805424922
872366510
226886814
787627474
569465437
316194338
311719098
203156977
279478893
799134017
327286609
193082429
374532496
337716657
981098820
639067239
654000765
859683665
491725006
134486873
645296455
236529422
136689070
743458358
756193070
664340382
496067799
88469928
172639736
668646330
175167498
848861887
957163005
70598355
282396664
477758610
712577078
901755146
503992730
954349429
616315139
994670011
162759607
69483823
489608522
430437324
576882917
652182942
696605701
306162529
717673570
49386474
625604700
516488788
171263172
636830351
991833773
630271812
902326026
536852156
901574349
743709982
131964144
348903792
932688352
706303965
651605458
653784885
508149039
725423927
598711260
758480879
129836590
534951910
800068866
56449439
199137906
162755566
735124257
225149019
56294640
960638389
454700614
912858995
449402665
198781739
527441459
917129799
862125914
102917954
391445717
518940473
414822557
396154178
479410120
264336896
419243865
568793831
576233037
500974637
519848242
682969945
737429568
556826417
502162913
681585929
600067062
65982302
120741731
667119946
228898554
210160516
139180411
362416466
127173127
638715908
917638799
226333071
373410092
610809735
620535400
740819725
671087232
814430231
454061597
89798322
68595424
951466468
962292434
606894013
474557724
627418108
167999820
303006779
635063801
841413094
891923980
915861699
378191130
587773312
763799168
732691224
560972440
767714182
321415907
887379029
268086488
139078459
359038839
748669987
613114528
995597942
702100749
135644840
510312643
597131610
797687799
244705889
231270482
987432965
945752026
465302375
850767127
531818753
452894089
647289979
385869357
912908940
43718836
701389736
465185008
39443715
98995063
452352538
724297192
675623819
643521060
756524950
173357476
107562359
786733006
562732313
489991871
834727012
993540800
41341903
52582444
962914888
169839916
197608969
797127562
738224902
525440623
25035845
800248465
876748306
699523502
728573237
877634246
216404052
19229169
707268336
654605602
544660820
827057764
859813049
675130125
790852247
63597551
860375011
372723627
307019262
421733311
753176878
225219606
603368523
913751040
177909839
411040758
990105717
600329810
214952124
991839643
744371724
708300583
797167474
13456373
518008057
898964927
188906247
150386286
760920792
751665728
420569726
593782560
646272413
713338664
746865870
504226774
190102560
557407359
802051165
122800932
276738948
359125977
859298202
842106384
597589421
408979219
164538396
838182760
561882054
780865251
372678320
328771557
320843130
324693863
551376129
48661214
598693011
394906644
395738514
445758682
190403033
351627291
580796297
121319104
986847269
158260633
428990601
935106466
254997371
567534639
676185950
758560417
582631041
239583616
774818547
81403742
438908718
35703643
533552666
647455334
156217084
207956611
991737940
693996995
147027027
766232351
865924593
46668917
303774135
820430094
466979172
990315499
791115428
293044382
565828637
976343611
540201755
415220975
874141119
345764179
330864897
843498978
271992671
897564554
376872747
183965433
220546400
635808723
674076833
461639197
672830740
35120733
192039414
267131573
81448492
104464294
791266758
232871079
247253665
46074670
832412795
408067812
686800797
591017937
672148939
828597903
305481315
433700271
718102855
545419527
461012417
953310446
227497544
647684848
203613857
418793278
411721691
178470027
547856675
551989954
402161612
507805551
246934145
672752869
162832648
603671667
844032590
986349976
586600350
993844087
512886278
539560956
227293428
842634660
783643964
319039762
666670878
302307349
470456282
417086661
12844025
186994174
462359727
495391182
148612169
585629394
350669163
191437058
723121343
871139521
47289109
366869331
288014765
998166708
386430154
885776103
922059545
878016461
421538209
22789686
893015411
540162589
901411101
172391070
273046525
808461705
862888062
651833868
603611142
614321940
287988069
364325379
55086882
963594528
425959446
423362622
735169680
834789820
769189277
671970639
878613405
752305933
728511977
915386525
382339319
845981152
841165853
443369439
462983232
216581937
516150984
79825596
94210217
689667198
246756686
179643298
700627730
695101776
479163964
620270510
505584548
819256619
343719973
863070650
647523534
393750118
191178448
671366983
854455173
50705992
865001861
288533111
39192743
806389942
9383142
54881133
401454267
71670459
437105207
671680706
276501486
914048230
570231749
690986769
408120377
354670933
503915345
659921123
602356909
112499009
804257455
99716039
600419040
149224081
858287527
915965835
676941396
300502948
487763516
945731165
146631267
124271986
115761575
52910058
245894767
565359646
200084911
392335957
814704688
392839661
717679791
240732711
702626433
925912544
911866257
655424032
803103329
471658878
47386403
552050715
843225807
210201690
951564308
583669053
777203328
120613045
518044975
775731830
192366317
646983541
448546709
546800029
842436365
862528746
526973990
473402486
574997263
343741163
203633330
566961073
679045567
898842090
131715282
951062151
364660035
685825084
468430069
244562449
964392344
65213020
781089674
156805361
820161157
127197738
832453497
902239229
994712992
907099780
485120610
728211010
702327769
727520279
63421069
799624903
263644256
603695463
801575509
171798277
284611382
929807955
553090554
947545591
872424360
320253918
545503938
12068123
606414407
414629290
585813714
46776206
368551891
147635196
421917871
856180820
864388058
317570026
369916739
459434291
73057639
546764756
627807431
593759011
254948108
160396033
748184031
878734747
743111781
931661051
890391030
825819006
461932963
263847758
469781978
125041405
545060162
406077221
507991822
547224939
232884399
352437033
662646674
388463854
83139216
662108320
867067190
919829805
334595226
250163002
708213138
8194152
21713368
30773959
910941480
566261818
502623761
436000559
291080623
984124435
112475242
985998980
46489489
67987720
641778848
454901886
96649490
294765683
748225128
928213975
6862799
740709895
391338389
653264011
221427573
691573608
950998592
451825788
570112286
572516047
189814780
353994851
893512981
305491478
61288465
670921580
616626222
241078097
549641341
894047620
269660753
299581172
588388817
747678315
454917184
885608270
731940636
994098967
328198324
876297825
844875148
942747509
915633660
407622449
907333769
137976953
61030310
80541385
975694876
84635919
566624171
815712941
664735624
461878573
94303833
434437679
145854786
897640800
414312581
56185389
253322153
738041382
861273824
801362990
3158676
745994617
740440761
915904956
118467359
623097019
290803500
535630142
220557490
648976708
430548545
7524519
38421376
917168155
796754298
530552998
667862461
807058905
645583208
970025514
640932076
678208494
856602493
350969914
1319437
13885451
595239032
413708650
265930754
312916558
529764405
364390418
794734161
954768101
967892874
607229861
806578243
369849911
922669440
713865201
883781649
918310598
895009679
957417582
209767205
220486804
729170652
123566497
393542013
805994522
880567532
753327725
946932034
562408509
234017
956307747
336125325
159284673
814961267
389348544
283150148
142223567
796206056
990150288
817987475
496815982
988812971
621369780
5600705
399805837
947686928
50994272
896067848
561886675
438449055
996900229
589341422
804207570
232542408
950471251
699526662
531696889
936449094
760991857
592579368
70767815
694350698
891146050
414702622
767560794
449373930
26835165
242181926
868265464
691555174
681401201
411136454
507552298
19815878
482761853
896151364
471000785
256040217
534223005
440925243
310947827
6988256
936488168
934773938
856656712
387190963
688162824
265465718
326480875
426840021
628822453
734168758
85791672
358013154
607277916
738910218
338439846
829238661
331801071
314674130
834272920
640623393
127820897
433587193
535683365
362222291
158452908
598372876
877235894
964056164
501421190
614283105
460684115
427615216
794292212
448852714
382919142
132813051
29738364
298892814
871580933
986233951
10105564
521732977
215180206
86319715
812350614
497160673
894954686
53172089
961655796
498806160
826787058
850879425
672769082
294784777
150077646
326078810
823904784
861746637
233988325
176081022
951559926
847869538
265624423
579172784
14252725
914537181
828823389
750732780
427144659
200423159
211594374
642957721
32891789
149825341
758943930
60302381
736394324
827049592
63602798
631453160
656641885
142734541
526984318
207062883
576629945
53497211
365198297
47076178
743351483
925387727
854384232
167510332
395218591
320594026
987613987
675713750
984453805
312771876
377104842
952356092
912013013
593668223
941497096
979295248
968124971
137501229
405670514
545518392
721165752
193140273
555833093
270640740
982510651
113006674
616631758
770090209
367365313
147618070
575657921
95247380
47744013
929475314
902533742
501240087
291526646
743324679
543074941
523778234
558549221
264448739
431908380
834864847
611536331
910430837
406096504
276923275
157022562
68459402
764499553
178731393
126364245
325057626
124135201
30893170
864503789
815472799
891333921
155139807
639614802
134000250
836360234
83043289
772219892
131243927
437585293
450395444
576359666
56541015
391986114
735896651
551638923
216600048
687420640
84496679
122571495
910177860
821277524
7068864
216919216
296896258
282599087
726842613
6048787
836446167
400982169
510825741
194260739
85416232
123162526
744549311
536703877
710611070
189126748
645567705
587500136
482551935
609964891
733495782
385500337
439900265
426820149
559428086
894702160
38175017
122814787
400161569
884263207
76892890
139532276
739246953
16042987
471756518
342619469
172834801
339136963
708626642
90665776
419549006
306295715
396259167
922526857
808992699
557309843
626483744
418504481
636041474
327035443
181790008
47354111
839003000
192926046
568820254
691896155
348066482
211222693
146368197
763654958
381660883
158170743
208417969
4389973
814818824
102439759
69224887
214187452
50957236
128202820
842327728
893709473
372123770
928194264
440045971
966283877
991988957
82950589
370931352
257882572
862061356
213436905
694018525
935773087
804415778
700270401
796785032
684488704
789716710
221554132
636499675
380035963
104389047
978390843
286786700
914393676
528826437
549000483
560533137
963597649
921802872
885121657
395041140
354369302
860400460
201156865
447582753
20591614
43407730
520958100
426736164
558809118
555350426
429682594
606855887
691529107
478692590
521761895
648783871
748439359
486273818
456353431
72759859
543526526
378124300
871612400
672623518
799480580
689265189
179534677
91166022
469876303
529747412
932943317
270211142
827326861
549183033
588577896
146464862
441876455
832306101
200387590
583276953
841402728
358232200
528875571
580022632
508768250
225413319
132382050
622137154
978875627
666137350
795065265
931352283
585065702
565899520
730033106
398942610
772992277
664322609
546108445
425468383
825846857
771424494
471038248
928670531
530173688
553645855
658921228
932452448
517006372
720787453
13106728
78463982
119350759
374657287
817286926
92058973
820384351
378753499
826718322
484145210
453723855
208505153
458378855
49921784
72926711
383879655
316366951
159941839
612106055
128847137
643569794
306634201
219107841
203076577
144491486
355333087
828068036
344459133
337000862
266684894
149095264
269842944
392574601
187673945
656898422
61052964
704019017
83310687
103181966
241883460
659938265
625789765
656458003
957435587
861408885
577096511
452858574
799964367
571128750
64514930
861123879
104720789
209272470
94776309
742001993
545892335
70106016
172156856
668804525
655401475
720510555
454864633
405836105
672555007
134547018
164313938
933236824
415231386
51359241
537071395
19954186
950901064
94720103
94194106
128717885
784276938
286776600
243482985
182741506
128320002
42529035
979135224
94894275
970787787
493048871
368744436
639329595
13469289
43384460
661224954
354951768
737338992
941420126
293031844
737983811
393068167
769660829
155154796
929017462
367362858
615726872
595243821
160658440
301785670
320852444
496128953
903680843
374681473
275700653
198485432
482797307
222423658
709802565
140015787
489828879
711807494
933705639
419682593
673626121
902529430
751382798
183620311
706809008
754905275
745799250
788355541
603454066
176455014
164947816
915956682
173603513
265241926
247945716
988950266
435410250
761475908
473567668
692180211
540432587
799623225
727869180
262957750
982041268
194319062
579359522
952771893
954047369
60320637
786008201
641866647
996940439
646284062
767520013
335138667
86214718
119873771
166817761
507679381
116705096
804568875
61230252
921517531
289272715
515508453
287940901
940218237
313036474
156466454
974722814
273442160
75229062
662820177
694065142
839668111
59590100
10452349
67833954
292141958
948676353
309611629
566554583
630138633
457932960
498681751
152113850
872385767
704680069
933829430
196586766
221259860
444173460
450326783
845407391
896554858
460252479
610313942
715863890
224377905
329047685
353456948
185973760
106154597
532214652
846430246
295203430
110163362
20264543
10445004
13880838
365910392
607774898
921227138
847643413
454553714
310610930
695083329
24863657
350536348
449553620
166565578
22352357
402976604
648104982
578042890
168245568
212000234
287362238
506076124
752829771
839576605
308153366
229909003
338820647
199839803
87969362
51363337
86226754
984448556
982839352
224609123
968983153
261235150
559088961
677383023
412997478
427289046
912472062
590939637
889728558
125598263
298910796
598110998
415965752
502387740
440860585
949966140
39871953
473273723
901517440
840286225
553749633
575376660
351083742
736829865
803297125
377489656
414621322
588236548
290306207
658272576
687902611
365727034
124488894
777330076
878277714
458260083
496203766
622321585
605915944
157117305
422244555
2407810
499881784
117689469
36871939
981222806
861498660
332996166
586836154
156573495
291611186
823989382
426514467
33951238
815783670
406687301
618399447
570699857
212052312
792214927
246754046
421606756
492109640
897561696
432418763
302714305
844180835
504607326
940817286
691570496
789473520
976249220
348250250
261084748
295962292
9969733
837938560
601132425
942053057
293682258
426569397
298291889
190712775
258933975
604142568
717554603
629987870
182134457
265306067
246302152
899038672
950235084
783720811
217877367
85025649
478085553
630614724
996042081
247744655
645067182
754386262
683837223
555089239
572740083
461235006
398942614
991928532
9466316
324996840
660748393
437342379
731700575
554867770
533641322
308131672
371620141
902109617
516337962
590021972
783285827
538449532
723643748
872827063
862840482
100014045
641366101
290745869
630379959
440476871
257787872
608273772
146323567
511291275
703527900
681075005
283531907
507030406
604517491
313161841
134825351
84884549
270189618
512929138
578537444
663432633
194815924
157646371
739772639
301855092
594695824
669607296
871541199
694968011
69136845
776057869
569159858
579300590
507369472
856441022
704568002
78312198
784181349
631568556
761313331
348321240
666336732
299546071
7530072
191059471
3859045
79918925
203178633
3972458
154611153
604493676
679793805
688806357
109381044
235588952
401251409
124822524
881641881
933935919
896563887
551222853
272853239
717825552
879489008
555406384
527012808
147283447
878889916
16462747
571331584
61500280
21308301
272026060
247881789
41098463
852400597
878464085
991690092
281346257
939503277
244369942
81264570
730424213
417184357
462883708
907477666
988638844
178019898
935011312
554231579
710699949
688520609
828487550
536112608
658618473
509825460
144731327
980140616
555628780
449815029
306168439
289368492
433270578
958709003
12907967
289318001
937619763
643256359
421778105
980081503
180710256
647380048
63825982
78708494
883685371
414363974
692977564
429206487
476396906
182327942
458022281
286231269
532869939
315687262
58308497
510614852
721239819
32497254
506655943
642142513
854145601
21760755
942018429
770139511
839710309
374944477
934546958
315503859
50534492
94997609
637728398
621060935
312039721
165066605
767005424
192400427
684013572
951200146
527358312
341704136
587231371
272982395
120703548
553914838
595372874
613031200
457072553
654137115
566221375
595819400
539462862
807625710
847935366
580350162
888653635
109743938
855807644
936436115
150444041
7583871
852740707
617479597
866705114
190710149
104937146
68944708
155598726
288673587
722029910
357144486
701512708
985548987
418230109
638870915
457393784
196386263
158574976
536758338
547190085
301737598
184005225
740803081
397323357
28941942
208544957
599851564
542362841
382615405
954306647
210553853
413167007
982863197
574498143
356824325
795451722
829627779
899346392
942706443
106466031
365846219
826965957
397809389
289392741
766801090
128507448
529006271
915464204
259330895
91246617
961425412
806795977
821624021
222340482
383264543
865451107
960947154
992499149
8542074
145523422
966686939
163178336
682793413
516479060
688872331
576513818
887011156
612365495
414132807
147082340
294902499
40519742
888851259
751192076
148331655
726844044
622626009
209967529
517996908
861695303
479703267
297881132
900605709
847627984
888346092
924497275
706947027
979285484
209169325
483432074
880517713
22360619
881762516
365017289
42837959
779859683
911116064
990350862
791531781
671817944
937426153
913736898
515793833
700791714
347556351
77611917
979390575
290005130
984804625
285841220
734830029
200632144
48269056
872185156
958498352
443117172
543218893
713471701
12773236
572961894
121560278
166994755
83669890
112777943
945037466
184041284
349864698
242054809
731213355
710463300
909306572
861585071
768809938
885832499
255531658
327956383
625894058
646918121
25080940
198680239
532644380
970346405
584473594
125127901
443749237
5525265
176107457
598732783
483849633
127893376
59537700
33138070
721187738
216036564
376975450
733055748
989649620
178866549
751491792
384245894
401515268
925696298
932727331
40359679
624789591
158255652
739191364
619502973
480878657
782321024
604435233
359358006
641621205
907943740
779883818
259167440
125297728
320841781
816621972
74057925
253871108
954422450
982185449
115000144
418520465
655089245
981183810
634217488
482961943
59916600
942373375
328369901
819607144
209653883
8723648
852596963
470890838
494261808
489517156
586664229
717003647
445118095
658649793
264763400
513117698
861626805
345840474
257912671
412960649
962942756
108436512
897434424
130897886
170401881
753556134
652387606
877273103
86782349
809891221
676569088
233156466
461552346
581363080
444235353
949656031
985908907
53979453
627009660
622522254
646253736
463729076
14967332
969137429
273076144
3124436
411352345
114306775
466223788
170235342
848390675
587002431
943998114
884745556
346352385
100366793
914124334
1747755
36160437
105136616
423432874
151485641
938466707
973001040
292578498
819273591
98300452
776693948
101565412
878225419
215905437
282513337
763163781
409300738
254253608
122861979
471183726
27554764
728273067
881142728
411802573
364001033
357583197
481022276
81415955
729502276
948915933
930653032
40440282
515733393
767327524
289214476
286330937
718762514
280545371
678806276
421568721
302950554
898480301
82991196
933694938
529053386
831455660
360775260
898543971
907996613
454773054
5259442
799175103
577294183
466615548
957325945
353343474
926420877
295189014
67083437
532256633
901529333
774077730
420417351
749196771
142479331
176092440
217733622
116979869
571499115
756110833
97623888
261924645
458619386
798649979
764995906
93800746
294577288
296714394
850205682
7550485
864881162
417797195
2688589
176187471
859744541
723996310
777601302
194596910
21899582
611111594
276558907
983581799
499990815
688307381
509872651
801661518
188578976
516734316
364598734
13995530
890684202
274497031
907318317
54414110
292135548
809549114
290519446
244639256
513533851
10940421
641775127
820181224
944090621
222672796
733345127
624071627
464322760
711212125
299406719
142192042
781365233
546088306
691291197
901082884
599983070
798483627
323925148
116555292
404575821
215737121
294767630
153222646
905337262
76373886
452172482
799104602
707062109
50945666
513860982
110946663
496379864
747475103
159959616
699068414
267799946
55558031
811423427
331353136
540168462
612042471
537841817
55857500
158292698
46552268
303296280
958891081
869550448
388276017
436336525
664074994
113125540
586680143
113039237
90559349
894074395
199426689
389250506
962415548
210359641
318286975
851345275
393494686
749049706
169758383
957839809
617787371
479111816
705756671
581066576
20900398
901791504
483747460
711740673
986247232
703064466
47213404
791143956
702055373
701061576
143777528
317842749
581729730
382960685
144680097
530828173
853047873
566965985
188002245
416245620
812882872
826738863
73682349
588355754
886559674
881148987
807099993
769999519
671849515
571931027
550236751
661748226
384268408
772809267
548013440
732091631
659695952
991204219
287460167
905318522
523069597
932454166
687806899
764974852
537502635
516721447
933657529
75331763
520655706
160512700
210636320
408381990
161196125
240891570
326969196
758800669
800440443
285276816
703417335
215808244
890833248
293154800
918371401
429633998
508654169
329747931
119162693
775825293
616274385
953621748
298977236
814097593
205306067
717066118
423310058
286734881
35414071
110200194
265154036
445587955
161617352
924705913
977583098
459475371
278106890
114599258
184517017
228549159
82067123
81727888
407983900
251806780
143923916
258615071
218702687
699412452
755000928
744217664
100111484
955264865
471473161
622735644
63469634
937399421
835230613
956927779
673737345
532958938
67737818
728581896
153993545
882011231
160046731
573301553
328501889
428673842
128806815
962118094
116745965
556885438
438109957
836692331
942268795
981839049
328925536
997034013
266033852
522067079
395953375
347496661
780265863
82290672
752504285
765628770
589515741
766270554
467517260
186905489
737630077
918177021
952809221
432950808
145615774
457109194
968168336
287087385
250749644
766890720
520558616
667661188
360187713
785489962
147977962
380143979
922620817
992863700
30256384
33153430
419852382
634096730
502347857
625348289
740633206
298294104
620505183
847911890
356336165
507281443
190677062
316041869
314947658
569312010
491974350
749857958
404694713
262444620
673154497
264764759
749464711
874563649
395850844
377592596
602692021
592369124
42501091
84720605
282158775
495289512
887670095
966294912
110064305
681772309
741991123
910791976
154612031
41551939
375029143
395028033
10799054
547766037
333836205
356444809
236796756
422222419
517570454
647859664
332986638
453681140
395979426
932178816
140940952
779756320
249121114
787635780
441779634
989978724
132482918
966157781
383658305
59136587
608133503
642654728
662596628
116258512
673488158
265931316
431989557
768767224
181204835
99243993
115771461
272739086
455588262
831220528
671352649
132618933
946617939
890039717
859466029
872969863
470001397
383237177
436199246
52696548
252405634
274486554
583253432
22391006
346104424
908746134
701384720
736398902
526588541
158157692
491541654
483556263
109341863
629898516
539964869
906342547
63362524
458048459
237757421
214092395
159849019
225092539
112139297
221311348
659774776
296539904
829024505
207457297
309605872
149888063
932238364
398207905
415927565
563137926
989268647
863071207
55218105
109364221
966934878
764342493
571164279
2556722
142621415
497312278
99827624
650157928
961512484
247490045
521030346
708544310
155886222
199041050
539634
376126410
957428391
819802942
864739021
347338445
665204918
71626153
169513186
540202256
813717570
951036967
840438051
30237955
155278271
465366668
378758116
577291860
175288091
519936790
275857085
576199429
833933435
471182062
125706468
425677476
498526400
574038188
818051934
305383624
227174717
208814640
528565451
265707939
93984370
796076852
531254911
671691219
156388523
9374408
192232702
511620509
408776051
878202680
581812178
493300973
655030646
160134933
874085911
676388659
800210676
577037891
918066665
586707763
399501884
783236987
565935834
325865979
101767188
993061555
730065377
66596405
511862895
835079715
227409135
847627310
231976810
23070007
299878828
664343981
756091740
506560140
277868751
870518271
596830395
738332833
119567470
568983224
765730919
537570017
575505399
174886731
856179731
11662120
167449076
830553093
570956969
134136084
722258863
475627611
384190888
470981807
643740508
448971843
136413978
956071024
658052762
131529908
464128709
684755554
395725785
907267877
919779139
803661463
176794108
763962328
775838722
122117589
621171371
238499304
231418797
349536394
413343017
415905474
413045191
671549375
334496823
941404111
673531595
576746362
137940525
39882249
280169675
11545254
772621043
829833513
660319076
146637608
468554761
782985218
440899339
543694374
684459953
84252932
663971045
519708585
338648297
478084502
923087451
690601023
619011366
879449455
641639162
962122560
501144773
380559345
237322965
881520233
747332175
527704895
566296506
901873807
297686048
296075437
788459980
397639072
409008521
629527397
712720365
568071709
952905820
842897150
196405269
4285042
909967271
241460791
506387118
661023115
150055429
125983103
589128299
623462983
766899557
813202215
996695952
916147637
766524295
840787939
784490187
276352843
69257539
208506780
685784125
629572467
417063377
795102668
545152693
732618037
688703798
959637331
329636411
515086123
167687970
565283502
669357586
521653621
854384548
530493095
637045513
492423233
412510831
128349488
570069553
886961110
122114339
945548241
161299031
990511477
544212852
537357155
386639434
67697895
928733923
184369903
493957609
776157288
190464236
415028403
595101463
820391458
186874043
653080691
806555417
584033230
571155859
135343940
901664375
424590789
503102148
793979312
184906019
446111041
955611203
416116040
204775626
9159615
640693503
936257658
98817837
268242208
809026948
202827167
344192892
629490710
38443666
816032456
836491611
978124515
85677765
290322103
968833673
865566558
57342938
631060360
786038402
382283568
755041979
509707144
89693985
619875679
115478727
671569425
558903645
930178033
295066439
785422315
755587165
466570361
959688743
895633852
445737381
221712732
335054488
271601758
61217615
691487928
776380928
449222806
609022092
384157513
828451490
424164662
167985579
642923973
815282162
851751924
194402099
273216866
549199907
458211406
443683573
159239576
866208300
71671027
902029843
598602212
231474823
196621802
785824005
928179945
759371434
790224050
100714365
814829622
617169591
470239574
485523071
847717893
700956893
451235494
563966227
777810217
743109944
931179799
656323861
192488184
22787056
261099231
824402400
43409148
946208676
825655343
500671633
85781719
974997172
232100845
200829407
442373512
775597554
975891582
707168077
917541888
958266126
714237925
223659814
628781922
776047571
766699477
311064409
683155116
104607555
377313121
202513343
75547820
899259003
210732057
210997926
368026349
609107225
682212240
445437477
325218928
953345119
552673857
778154394
38838652
774808558
5951144
644186990
968181265
598640968
381520569
445868589
648691655
566110934
528064933
721240728
110876814
897013336
989298581
445235726
148066854
113323570
651813500
268008236
383474463
154005042
524170269
158058045
482375637
217535358
338232009
836098693
243894297
471700919
302755364
534135832
248323056
180262018
889820869
30122812
742309109
212454850
910231036
210533329
543970132
439238797
613532167
889892041
690249621
542841919
855071242
480635386
418968449
270976675
384774084
317363428
604189044
273870477
255442066
19971054
396663260
668091135
127152891
518917643
34895703
791476566
900586567
47201782
614326059
430187888
777706614
588649167
426431380
175508347
271675504
307491080
387804599
424334318
663058778
797177017
234689874
429986272
756453288
966953985
100016614
725052959
379622834
349539323
87078411
121071023
651392625
633850341
215906188
857357012
243040023
158770536
983960053
260579172
105502325
441094296
854109492
903372660
154355890
889951944
697161034
210101863
956423781
697373218
324439431
40301225
567872585
883427935
110210383
574915786
126648730
474840780
110872127
436851617
864199979
434502981
353936679
549936827
400947516
528314810
741562856
151773718
890312369
55840447
927569565
214692848
793547337
751306149
646856502
473084608
951180751
695304500
644820566
779112254
196606031
604176117
276520327
987932406
455803279
459187659
8930013
876736443
313365781
621469100
796216581
188205507
458283241
233337597
419110699
736432750
991569610
985637164
575935685
904999290
264169604
73648288
61480070
895044020
711381669
82317001
571134091
163587250
237214808
500595917
61087552
73786035
693328651
564851207
266824623
888066549
34685085
600141845
957298263
790097723
945934064
551380409
790260428
778109972
676375022
424354974
74987899
608758163
725953798
673414546
276014111
68029031
743689592
17111723
375337879
198285003
172992264
829089955
861967761
350569577
284217774
808023212
923810544
312562830
67954744
365556707
758171215
483346583
768504738
719067370
384099677
805361948
451985978
180336873
877033485
822550940
407725659
874519008
793347134
457748653
665099600
398305904
127673657
145188646
611974877
921438543
292404322
289342568
583579473
317352865
171514503
221791282
98962012
263153044
774065827
448327327
418658610
977686119
607957049
252077641
58319665
66542608
650264055
836100010
676513044
843902747
593816809
72468454
791176627
105752742
888496248
611143601
763991643
776111154
563288744
951464701
701189429
170438787
370533464
510026606
50188356
872075732
527769980
406208681
393351988
163062695
127485050
979754870
525750109
561961912
549994565
366100084
621547322
983985994
258760590
183888931
707787946
152566311
339526805
97784748
714500585
299117764
667806175
138017730
217795616
990074598
323481050
985799164
425431534
550365254
623745085
327142161
432326487
340817879
161262484
13320004
853362481
723121159
2006989
29665341
432718658
670498187
223402555
741838222
569225738
46978995
777101991
894798686
466714758
636275052
404170127
422069323
848612078
649002704
171839076
775112281
173776730
333711916
282424287
32307642
691484024
387937335
756869313
980681009
229719723
456825532
460823826
720718762
738007691
798144476
720543546
299675288
985125297
340178642
309946500
395940597
650594621
377094612
200641443
169831441
205723031
843165926
393455742
450183149
352140452
970007284
51335690
97306059
887304431
537568201
168373154
572570320
148913121
446649155
841413086
390376927
845854059
955335244
29943018
251834301
638710634
599712869
917907131
881723058
133513564
129163406
700736486
770057765
147705805
399068901
841086788
339319610
996367499
379032277
473594247
758820111
513851347
180786780
525949491
701564000
69383265
882321841
482238690
689996483
605201929
491199922
36509076
754984717
547884884
678133851
556697252
311809804
483607147
112644101
246090702
223904464
227209902
113358611
38486001
806953952
112812558
133536006
249709011
887934336
835490305
625336185
2664575
491056538
904460298
728729731
723672987
517123988
296548802
281223973
185165703
115065362
635765941
334425088
163443018
901354957
627395772
698347230
962637287
593400815
702242790
563788201
312067252
697399932
638919601
233684356
330722814
961190233
310379982
672501308
40352973
704443730
531765217
965389544
50389814
116583992
680528540
281818373
285965558
545554008
554143239
89659602
444944778
615490221
433941372
610195925
662715979
951884144
831722800
60088094
558456992
230319626
793011517
107635833
43910661
15437639
491140849
797116518
672000310
502721491
799381143
50043137
717049552
753214382
652989733
720376514
589981698
868682224
57256275
788851910
263942232
220921715
22399094
413958895
703376559
718323141
849556971
526850185
397785989
332553204
461751403
980502588
918983191
238672239
609363073
777659396
19642243
471204626
1902798
326397366
737174086
694792910
152451620
63538527
628758394
619067317
406271886
185368326
171692121
132082563
61830824
117958146
799885855
481742542
470390929
912336462
191143870
615408269
741541982
234153837
914143633
988575606
594015561
906450888
380552453
530165684
715928507
30227866
570032739
423292344
325456383
86394335
952209887
986234541
130537833
276535797
861763640
551296351
978127764
373370542
685464536
878790106
94842088
855475647
888284119
508647382
935187165
716188568
677095303
413182298
304963979
294554103
943135374
353693392
814724557
521431363
372938951
512060428
5081761
649799373
773849910
324493129
417274498
810284728
624741163
521003651
110387778
24512377
142724775
857045080
155143373
716968619
48679402
228300026
447474785
450706859
851728915
905616856
72765455
437518398
767702517
701988613
744928989
911404012
541511450
668440104
558164425
136511034
649286742
587328890
190867542
553524856
331461297
490665100
350685595
95827354
638725120
579319080
279390826
696230014
124917597
317844665
403217888
423449556
386880548
44316952
928714536
915221191
829542254
738301640
894481940
694334288
615706315
651118270
822931742
693402783
291716350
696780011
647889299
621274513
290124761
931795548
523527874
264389718
101922486
459228919
80502043
349569316
261054119
214028935
124034135
863239654
925688521
316561736
482488599
609062460
481341404
604438568
742772872
269590181
633408644
551228106
173445447
919080071
202822943
389081959
470043831
179250477
785963728
34521417
426042419
933622638
91502235
668894164
235984479
899776114
174930568
484031017
457311742
991145267
678865364
54783761
740188345
538585094
250452839
949913872
806864389
541516489
816809644
853722116
858727517
843523343
421919768
925016606
19966356
887147252
991495615
726465939
687145895
721168520
679086683
986232234
781557781
812211262
440675564
333678424
146523155
868980492
626892770
877841407
566877810
379100887
985910486
604748916
867196359
389632108
454841918
23407798
284609163
46001657
232151997
622371038
271601197
986113295
970366643
452341734
78651876
474159462
129863383
555164148
660268971
63059889
496394904
2745587
734412240
948264539
639139846
459001853
310527839
555798329
930811161
577241435
648798263
627185293
707752812
635047934
756921471
909412419
952026185
483576019
120487916
217425379
157480502
562943870
590912401
688758258
256496088
924360666
529059566
861420635
680319223
606143569
273318112
723136814
59999360
604425198
458834509
907431573
739097178
383672959
400396276
392218786
578127799
971581180
778851559
168703440
176410920
133883494
114461133
544439137
789806706
79959090
812478344
368517178
2556272
456998583
131927127
916853797
374191373
261449508
938285417
122690106
556902012
646143677
683910415
683109670
733523116
396746200
470018107
363582168
506675377
558856768
339451808
15909637
529313988
319764128
184301144
922436415
855489229
290521494
834499990
888460281
218916457
232036986
151645936
110513164
349686308
295314225
392543203
610335069
344481517
590577744
513216473
284908067
347579311
681936381
857206544
463733096
958461809
563830313
237313472
553440638
641426563
895993011
631564415
115416568
23273695
559077221
806637860
752557162
511012242
89049844
432582348
950581066
483591634
918944981
787463430
76456933
843628337
818362444
704325780
613693632
265236178
37424032
745897371
80117301
850387904
699098261
987652451
379564227
285237528
329323251
39309951
478996719
2314595
360677461
486735982
651217815
177442665
228227533
626590777
236882209
729406800
494008787
102112355
827416717
750926053
877938715
789617251
205922961
367064173
166395020
149379355
79965776
996162659
988225250
238302780
110715134
416832494
104223186
107573519
499630821
494967727
233721360
484615456
635554411
454188956
718705703
970193157
870212057
18459448
389866093
761282326
434349995
139283481
462026740
654573373
132797072
864430667
230772734
123707492
369371931
956326139
889343424
790617701
293794693
828130375
902854400
45038575
213179012
192609714
228710267
750153195
760494363
47926177
515133253
230481617
644684442
350876922
90187207
866217582
756462410
961025506
229728087
984182819
190859438
247290296
410775742
963402156
134352058
387813690
300944044
986581360
707648523
102603123
192912931
147241356
845544523
40654749
123008669
22799947
192081927
146776835
166263873
265942809
922075906
48575578
190707333
878729271
860152863
337224962
245312550
385182953
405097689
88678682
563675971
189926603
579808757
66220244
661574664
182341744
584339733
822521593
288662261
794178714
618460019
393713489
604416531
464464927
319566340
547780322
245836527
304600410
4749927
30827843
786745580
370780127
634314615
129707809
337473007
271907740
459501249
824200651
258365693
391676752
305642873
830309232
599205616
289847143
579019569
250348828
833953422
515362808
501992939
352729471
931144678
128189340
689863154
315506552
689356167
942204754
881380962
645531551
710454853
439628238
533110784
826293190
665360424
989434716
183305234
193193245
893065155
959925436
565728383
415764678
890672975
727943041
362502551
764979465
424892536
223408243
86097506
100377095
231817973
581126411
849492394
801426171
299636060
42467214
408754714
509336785
98010636
671822952
436753506
315815517
221658386
430144324
192957671
983907381
366668928
635070563
325083397
485710665
8726001
534882310
433146844
622699458
741675644
111198050
746220323
11014499
925505638
39198816
371106190
780852725
731877863
613646146
645708218
88533123
369088844
958408380
536856837
730427450
88522438
663696644
489371607
659065482
253811874
756233413
647004382
419991231
365676657
70773861
968772268
463984018
562766957
122822463
552002800
265048003
238446218
234973010
287902960
887619837
747381645
152692001
973693040
648248248
872275482
158150273
785331068
801876855
778014520
264025349
47663132
476877110
592555748
541046910
610932469
71422845
210128598
896817336
486196255
458383739
919912056
693543184
750948912
178799998
541788779
852378714
284382560
871998316
37446490
36791402
398592633
257282678
64881196
97968955
877580047
854762894
569309696
592547510
854253933
367320891
695769761
192163312
514809261
192932849
194530937
790667970
931355927
284248776
962959087
477628349
483727913
327112374
539484774
852559519
914855148
934837904
966095451
342842153
397209436
758181216
642954814
632244916
439904353
816526503
557489877
811608629
685162509
297769491
604717940
634141315
629152391
395944860
146828616
204950053
589309658
683421323
750295977
337252074
113820835
167948506
590847707
37550006
538037531
416748841
57098040
582149452
343099685
882236948
508389656
634529265
223934797
483987235
443537814
273194734
953168952
254304817
863214855
132461738
720026883
212052186
552872711
443030350
673587867
447806102
659999484
877978458
779686152
805374967
200270788
27069552
626337050
218590236
547290099
183234764
484611544
117649563
387047205
865638082
232958308
492448268
1278316
160964810
573560612
680859301
273902901
934592372
107562151
441992350
371001098
54218956
994180325
922603060
911562902
727442234
378622452
766406932
370364868
772459035
933966703
77478674
817341944
73777551
693088684
112503594
904894504
344899832
547090533
846845801
693556186
499853036
187675703
452327968
92756375
558891405
432739650
748603199
527220095
56992635
706812836
795797542
315501255
311944419
817943502
327024938
323285771
62828550
563259156
186025267
108555913
849362381
89672612
674161326
631472220
690053
576785145
246246599
154069074
507024148
411394535
721958857
778737785
779002944
738473669
474388414
633779539
323993498
311800407
522704090
409135712
223792395
738028889
802616473
154885486
134089745
55970110
496102396
276588331
663075458
220889159
10487980
113131833
69635275
570277537
970140709
880351431
348518754
136294490
618698952
695837119
687635326
371183716
372261109
77814950
544242783
471918835
558171636
746967985
810942441
45753102
625615656
335763552
879402678
396356769
208971513
633413578
963020137
917715726
292003554
987637757
978359419
570531070
105792184
7947518
78772626
795716079
539351782
60244881
698140128
934654410
519819196
418474476
289009470
974022137
408605811
586890768
98702437
292967596
175587494
935534469
585554481
428293075
547086944
807878483
751131469
13725258
661497565
583867999
377353577
636103780
429184192
697971030
386191125
327580356
979226238
825517977
234987279
79815482
692242977
927780716
188602899
730462032
443994209
919235991
490890260
356605646
898926605
109171633
117029452
160418000
298351958
35686429
991450606
321373956
213669016
146414616
698610810
697943621
17483394
259041053
484600910
741458382
387740106
480118078
855201345
830190570
965591182
270107738
391201419
533709707
20605254
993078633
363526408
143646511
323648568
882257228
943768284
634632013
874066163
381014148
116879619
139678500
486701327
194935726
300240044
215866126
978469292
534555430
319031160
187957569
880031347
184137199
503739911
589288476
290036296
380722011
495446901
900849738
375216566
514575816
776656073
586655211
715119775
660815650
26096067
309902829
980925682
249636225
889872704
57606982
405096843
667315891
748004709
342701073
504192707
33465412
796638081
846835699
734359796
780715477
806202806
846302210
495730085
249440797
123808964
64090865
817404303
453980010
650993859
216540133
958375402
551750994
134298770
375212219
506664837
750121221
490129996
251625921
858203766
831767983
699056131
702346261
171158129
828067077
629117801
525740476
486068948
112998506
683659637
270123297
689245768
844184560
30083202
302213776
617593928
172208461
909058979
92662252
796549042
826240632
61028394
640034778
614493389
455795831
435687190
150495985
271854961
554434733
685714699
713029066
958367949
606269479
866502154
619537048
571332326
441686834
428832899
730533390
83532216
628737478
619924589
641529936
423485650
890954181
668707967
764066856
860869917
633587733
530234684
299631808
796438206
913057023
654364496
530867172
171444509
200281261
220079356
668298277
281611231
725904692
804077876
547463207
709129858
580342882
370812989
119331403
540183865
65862947
311955917
550238351
812490347
192463465
925627142
665446304
212953282
268894506
171674674
404759250
282723829
799462175
827516340
847316868
205511871
123989547
801691293
306900135
962902772
890217175
181786854
788801096
667102517
743040848
185726418
554188544
28067259
895300961
45012121
477297458
690518014
543861798
900326628
599380924
139831866
734904191
21521123
447801642
765869616
271151854
104542286
200059035
322090815
148829580
261774913
247022034
970500988
850594704
930059041
150220512
504092226
144538511
306829268
705953067
963533152
391349389
274265188
891577206
850447119
780403327
416984728
158515942
626306511
579015888
99271108
913843173
143462875
404186045
204247763
436519529
739227456
488376982
715452503
505904604
227371478
930347869
100316680
344856126
17691758
493458336
840892079
159042248
106942319
606695094
394251085
740993752
563945077
583331500
569888223
543700591
806323100
617084007
703036615
635373327
886380873
950418176
333418914
585992522
92952213
749565059
509356410
134577697
622870270
337099061
218831370
125656841
389797361
34606354
175915516
27939996
703508730
200497502
342666255
140462019
448366740
655583696
279641715
118399060
982084181
85741896
369267775
463694063
884891869
756328267
714478559
701359814
624235368
766041224
127833436
930138851
152613494
602663217
814039260
117229030
832495139
729203831
552694902
943590962
993885159
481176834
581885122
69771753
779439646
946111377
914403042
91377355
964309675
861741483
168945924
717310978
837275889
150125942
191998196
648969092
311063622
342578305
747227581
278495851
657323585
38020048
176521757
869519737
182239163
152272481
450180116
503877672
296790816
816228302
909819377
707106625
300270572
469914685
111202645
543024880
777418578
650800205
657069108
299287036
848313004
437752136
732543687
406964712
836448697
53088397
619354206
455533202
804170677
372329851
705898334
830202530
752871226
902803063
459178434
764424736
969017705
485321297
738658914
252185288
284349796
495232504
610727582
793986323
357239788
980014048
862155084
32703636
375030919
158042038
8909720
442591156
506085169
680386216
192894264
50960958
425534704
726273741
895958507
540418542
738136041
289202285
386663317
211659006
120350237
93732060
994649567
425491218
585313002
89848782
997107501
492498426
294744817
828081162
581863327
362765960
612931772
581391152
204267043
761649542
795749055
48812727
208354185
429410667
525908491
799559170
218471970
960840401
603470043
461278124
910398027
648927382
982603280
975222557
246427689
468877860
409615100
194745686
701946983
565079750
688019299
348165774
179712059
73600918
576093814
739313079
834047274
929096287
882369629
846698994
358178586
427894149
477897687
520928214
33720403
162095837
397643358
943043116
453294344
281735543
746220439
200850123
537751391
704099931
27800400
249648214
440130989
922982989
690615101
589704387
400999348
673368313
270034709
678291949
67165233
542049713
427909058
329590894
749532593
351049731
907375297
649072412
557193731
633495999
302270552
440455653
926447700
786669062
795354670
404901095
395035538
45821467
873980780
880354653
200424938
49982494
848325696
820252833
238409603
977273393
157787417
814579773
126808577
613730678
573706615
291075949
720008791
747808456
261038110
34721617
654368982
130814481
488862332
173873396
527617113
711562560
719704394
181944586
712616754
684325523
926196530
30281627
367532247
984720429
117650411
513943057
343887784
22489760
141804534
822876956
317786803
835811126
870796281
273334180
54317803
145206817
162855215
792980449
249739210
213417668
226668291
728053508
925665281
271720557
156912170
81594883
324943414
461245938
71361222
139157296
244244186
7878874
742875979
71063189
851361478
49810056
291206374
848571698
584088088
976632103
477238880
45089233
822051377
20925737
556915270
621389397
832969558
766724104
550181379
302242567
158632876
308059904
363057070
222356540
737067641
381773296
179748393
415158477
983071517
896827334
470278203
63085409
399613257
471106601
325998160
147765260
431403051
94902112
968327450
15424646
937014599
362633008
576185698
187248625
753006075
816223910
432525311
539854062
989974282
160278056
425579754
993244183
388916874
359797011
797885139
959067540
861354357
338326873
193394226
830689156
226142133
19929207
165481682
285439604
125466059
690171456
218923982
251277837
230184380
346805174
869068786
308229647
630697971
149821923
831896024
100343650
454587944
276578567
109490971
65430462
461683986
204675521
661967352
875057607
60917509
308118769
437661867
300357176
601128289
623631457
155033549
423678686
305939299
13549362
488433465
809279051
98436796
54764311
506722484
278689583
965920973
196500212
852186251
859871400
763967025
781657050
244283716
829000146
463074944
43491255
507408655
69493988
979718274
466636926
345550862
845765762
680835879
351890940
79625041
891569715
539947025
28502270
896370638
33691481
953930454
675053354
163261623
651907940
382925478
124226896
493304623
681742243
232107656
727696887
51828487
590176504
839428227
760453027
310418916
792743103
655119014
174936894
421001137
705453496
806057376
583175596
377267797
54797486
27005209
936547045
166171937
890931598
407083486
953745428
702292406
991948703
836351414
426841469
218920734
4380674
65274760
417512519
429389807
219546478
213307986
115394913
665378943
831098083
609023457
696731609
796482124
947491804
572531898
381248124
388939256
883281628
133905164
213587800
968328237
368988551
640123450
766225316
746517628
100841398
247249888
79979335
232469749
68874402
764488299
864131204
660897490
376051039
887773585
468245940
764613887
239014236
300151614
568797469
433966887
882290820
966568532
671873016
869596342
840963566
943339773
33087849
942389841
902033634
694669964
644315806
7220398
315859445
669685975
378267907
704568046
547476387
252073199
36815092
418080073
17465312
8617871
43076345
31403355
200906442
952173012
468159420
265015453
652719654
351825051
29177719
410325600
430871715
235075903
442410898
494843813
426650649
491210314
626963615
203871098
403157967
118321081
540685983
347866516
845217369
295848818
923691116
382404176
688344468
996179533
623690346
602631191
272469285
476729995
522953012
780861401
213962794
286626955
649793419
124763835
560297780
683978072
495263882
932667788
618796491
759528720
932333301
135956033
122883442
661410124
894652273
804935466
831762083
68841102
940528901
802211627
276551100
543374439
379306252
47981398
102281498
467022254
81765228
104239862
604758624
752710792
338132591
987237497
96609430
487694153
110733476
827802997
196862569
823148692
403834060
343123305
638655337
911100017
589452981
438713975
138038752
422359460
632650121
832876710
773689545
384060197
148059559
993315876
306842413
120225664
926770390
527132059
808403488
115022643
5150358
442743880
748689084
323202782
250622202
362549373
70273717
495451055
182737128
385997753
220133188
676079305
439926183
625593403
517490992
570425844
260666122
761042159
186315391
460718530
128607602
713084891
326243051
811460429
612541768
380309990
642655859
491687187
803170805
70072957
792228560
918206425
264264658
730557333
258674080
713030994
915693520
550431017
250322977
777632292
163968391
963526487
997447493
187799869
39469099
635984643
925955443
514335828
47958262
615593062
876268029
611712955
901587849
929399113
289365949
556190078
798558720
498155082
763079500
90280200
844665414
186399411
439156894
717698551
745215747
845146349
359637532
268622905
943801678
427399394
724202141
514303809
193613510
39364607
951257026
7809679
232492555
350337365
37244010
581844546
273668116
897254196
753304625
559376078
96619764
140497511
422718436
885730421
432367412
56492905
557306938
558505607
99365437
778116921
288756839
838882131
546314519
754058921
924939253
434014491
863701019
951809111
286678092
269073712
396525114
419580014
882598747
547235317
801511266
654489761
979178989
53974479
504852442
98005992
508339571
779171359
127004873
268356627
346769520
632861872
12957713
144618350
4432130
415179612
466373075
621213446
145368309
332732575
525688851
477959109
867566221
15548079
636605390
315319955
737607197
759819925
476293446
602378432
293408595
970620720
654753528
196359522
241742968
286809690
318661792
103273230
94314711
9246745
66768336
159611653
795707807
35077916
96324819
746119668
493540019
938736953
281388963
249713118
616732755
436345643
671856092
471379833
15009829
352772386
621728852
388123182
106537399
501523103
328937432
548858537
878592992
602682358
737055514
429142705
198944002
464318231
738630746
597781629
271459442
577919704
279981778
649713495
371711970
968081993
809594663
903456210
443024389
228482242
591530040
677838211
288041815
464416233
423496078
68613564
734813993
442723337
266351150
582033965
558344620
605310705
76456087
887675345
661930422
498522197
868763917
451013850
819732487
443635775
29227446
482592
815726539
102562022
28273407
832717906
461018781
372951756
180966993
917717677
435758550
547627591
249640268
423444879
298123825
538689928
106633747
483908722
670108239
563538412
817920399
916086787
643645539
165272718
163594799
291208719
863984937
121838918
352309601
670920285
914787104
214225203
282546458
169733163
767162377
965340183
899751054
782242938
959061162
105195800
112041312
182521073
399921489
356853313
1058122
633317461
279531319
449543905
239153178
98497915
943539626
960190926
566953180
897158674
234240224
469261977
755808617
990483432
532078877
352997149
166297113
511130012
624556974
441562625
915934802
34812500
480195088
138324235
259691489
404257797
556836620
91024555
464121562
569263194
4936230
47927990
633443028
731672066
288720682
716449063
248523055
551114251
795412565
767629206
412890759
636052572
525441965
388883900
653761452
854765585
181948853
669641561
239098921
996573614
285244503
238381438
582218588
322402557
301898955
778723148
577935709
507533192
835354128
30402697
307217290
767637233
489582260
443671102
54011311
704992529
927375708
562500024
105513076
512857270
795259579
110024503
422686478
607724424
56227649
130636858
359937281
956451494
71172723
71868422
102257630
996388200
610303063
35269
573094778
432310876
594893610
614042540
130267201
364901246
386115211
54937728
706596277
521898236
603938496
800934502
294056108
388792606
792455520
735717119
357946657
187576011
539378694
441541976
69101248
275761011
667664538
625787428
348916762
211688852
658334293
159397175
151212547
317334609
756502549
27060375
764394748
620772967
990057941
118988401
172104569
385699579
181702027
751906570
46136521
707242863
181376482
92630132
384572688
654589135
721398125
433708849
106058841
65814885
677906378
713741708
469725314
239704689
761460514
892984995
454957839
984801620
978694796
695209026
476762686
748805492
308899250
951655782
421884727
924762803
948438386
206029795
430647106
86675816
764728690
222275
342605042
936777611
782074619
457517541
504168249
58675096
23888478
539722873
889776762
232678773
73783962
557709713
928639292
124662194
308879962
693011122
681824299
758229772
360607435
627966897
172176352
28042815
599487564
311502662
869855223
598919958
64452817
475956059
989524090
778118004
155632578
697988617
32622509
217731424
768170976
696613683
695335451
789841858
390826153
207497705
125685354
782098983
225906218
470492755
807636817
178622998
786811263
806244968
576132997
338199405
519871102
435717650
453093979
441052212
628161371
814542703
446616340
926853195
53240559
598711991
916396292
107081422
239410524
565647430
966856915
417683143
402790097
737123009
889346017
152706427
643536192
240337872
93297985
529307972
192332976
237600914
167098915
800214978
194763258
506180695
310872164
695692728
92924452
492888004
39998576
965114595
597904934
918832970
624038189
621514505
722554995
918110291
189102158
185090128
878550976
356954238
272683642
502349419
709536347
884161306
231206145
741773860
888598050
474269720
877070750
194394844
237263878
842053740
734938815
388880733
571511408
832492934
87986764
964294256
924941597
84294453
56317706
163556677
729247361
138229590
445201646
206985490
79569127
352206930
466751974
860227040
284780514
219932632
13473671
652578100
564440318
819427943
213708256
269813829
226693461
108992575
322742035
11872424
278555259
131251116
861822885
543814943
272278344
706187307
670016858
123154149
353607986
745144969
650681389
744221499
164505175
163267755
209701297
199295424
860026578
123625249
741774945
157254852
203198460
588085336
189140918
643251071
159092690
379715221
133528303
540176951
465318840
907964043
810859759
650028569
145984990
627101374
155595302
288072963
841440599
715124454
268153510
262802029
933746606
444333081
817629972
399692773
245791709
23042876
733550659
628042777
331310188
784869676
889462526
265992029
710085159
785688679
177342561
570179126
546861774
252280056
824938185
968687394
231825226
276775585
440924583
497211750
985733462
478369321
14791190
140145839
260046878
29407196
523989198
803364565
151683619
488523402
907603081
253061426
498727359
796433631
509858132
397721351
90190006
429610521
622459867
367491628
349648799
309824402
574972241
849913639
754423117
649343012
307934762
926132012
341427545
574375886
208267849
580933221
19197548
311983612
503623931
980488868
728115711
358406641
652054545
193127462
114241022
121280370
869121847
848275071
333272762
547439009
780991225
802373242
646080177
554406283
612034973
547467247
183538236
132608842
59197522
435808277
65144692
98859501
162645775
753409331
445115472
409038329
493663358
581655950
186620586
876056384
4600663
753695998
498154051
766316939
545781244
571960491
607968034
18255953
361926990
159225678
498572961
584231026
910269407
82049199
45610503
729688292
416606103
861923375
149403042
242518115
382886262
587957094
722103258
604079620
782580420
424532938
49506191
406697302
671931793
112726558
299038133
163014129
486466500
79900243
712153837
569199973
36546411
240082478
839011231
839290670
493967966
132451220
751091700
288726916
585841986
16893746
88892502
249192104
699493514
866799896
987782633
223752517
756395436
388615938
430885121
924782497
604155573
729771913
199818473
25464383
703377065
454633147
137183782
562561740
609735528
163815875
832305416
119644334
334747727
385732505
495206561
907774065
480553210
521632306
824449952
976981159
85815063
520794804
125147050
8593967
953819252
184824074
477750098
925770326
34206016
982331903
309641315
351331180
55114414
862389080
20087324
899072916
393101807
781838020
54533862
106664094
193106827
195190106
657785289
623038471
452125842
958364851
749641331
141256856
403756114
519349890
1226679
973077287
162302356
488212266
827529019
268236151
179437118
874057775
247519234
678512113
601722011
747423282
277497257
81071815
178869561
9792319
551498537
126595040
277411663
180100604
908346144
35770938
114539071
666653324
821059836
235720690
546713716
43859195
437619363
728377784
879657594
580777252
901523706
589622859
484153114
512508766
984052018
637280710
755600074
962829444
449171704
284934956
349652600
593877446
120474665
856583871
849151641
411149769
254776791
579668364
235473485
702482090
885747566
465523304
5323630
633166072
310629799
752364095
485900635
266473357
299277812
38526798
697533243
629979840
137867217
107246289
390977154
208082972
544382097
566406186
159604148
365289142
31641217
365172802
25792961
340843759
256891160
508769447
923187425
440888451
510541349
11249059
6331901
826027018
449694492
439464792
763629448
69512203
773070083
447678809
981279884
781850949
668043323
580141050
108652600
438960483
179230334
495501232
744865471
424721780
37635733
997355196
194932137
194260675
538338358
434019970
422830765
490542817
634299154
96036275
200087098
273471935
482946766
874471237
558890917
681775472
48746045
43216560
592050476
451754334
625752810
903570869
650113100
974347851
114752633
152096113
198448827
463077253
62618908
887854126
408420776
508942253
989498857
484175618
323228625
719374314
849082498
133811816
938928043
487849301
679481694
545540840
979718385
946145244
361441972
209572299
890018957
74912550
800931544
694205284
284088911
557897173
118775715
570703988
261457403
972833185
449475252
66219686
553870521
721084032
283159983
759323933
173260292
431323996
111277533
812119717
431423649
721677579
921570854
958807037
651213632
877207335
416735519
825371307
115289846
679114379
938364609
1238
866451145
833300172
573517398
703729789
172385700
258120592
650971956
193253482
804924208
329251698
16004914
71825511
685489007
531982976
483075895
193392902
705837739
826458913
853896856
858536247
280517928
96920642
534293170
661437471
870816107
733719795
359631181
603679019
865049771
238469097
104819224
325194046
753327234
883280654
213957711
875802231
341876808
578355244
107025587
773622555
119402074
625840820
226438900
173277962
926163515
525361487
37239807
728008310
294110073
651966716
516248093
129903435
777741891
451667445
724028193
622132584
636154431
345636801
89950479
53672535
33678248
170279120
836632834
678336108
149434657
978760031
725290660
957736986
279116627
979763213
759714870
669837485
800254793
904599960
420326628
273046333
19990206
743625179
326896930
616814247
708271443
887896118
850395337
359055013
763209485
946176468
442971805
831936293
326470278
246196474
231713795
108918881
241794781
445979051
244991782
387057513
945122346
187600073
151093118
311656158
141406011
186006921
527643277
317079213
857124340
866953805
486100857
494054127
596692207
132957780
640065320
799184080
606569354
349915461
736673629
395753521
975134001
63951080
644249318
136523847
957624826
785200799
833072966
270339817
672643764
55794404
75416808
57900410
358404340
100837234
918098953
908088038
291406103
43090387
807877610
418262361
383881165
784180886
729075597
446440805
353747776
936903561
571392176
677879457
773776940
240171934
479442955
168423864
645529316
892019365
989416419
309993779
304671763
81627939
530437448
584751026
158293379
438034974
172214609
861962395
309338648
534351931
320836536
528881730
566259672
931021980
680702004
981056026
343680851
539820416
665525154
228112656
770971645
887252762
965519521
577243178
622798621
48033999
168285672
225384903
644277473
845935642
807209205
450675236
631253499
459170549
319853791
119971078
820766735
114013124
852674196
70399835
597318552
58354485
164064361
888272083
545707056
379439049
167778895
975175286
444969224
479711713
164782875
647749103
203347028
174578158
282790443
124191446
866876061
712518284
666018868
407419313
791910361
973577844
281328988
807195362
307299573
124132762
818961431
824784415
969923307
72107978
154438137
846132340
215542914
947507428
702265416
972779924
929322661
138835358
970144781
636540413
826114716
909655240
911306265
976366413
255544876
325458522
307579712
354752082
773138409
384833424
147714238
602849485
397334291
928556371
997947722
753504122
221221139
517430299
411706236
740673298
287531262
957746537
924721683
880014440
26283215
857878816
529200291
145640510
977808180
627642714
922553715
424770090
719959577
362767513
780583335
382515539
905107281
525660903
413364389
879367297
456061127
978701644
548279931
169363762
209466530
563907660
153759876
20291207
805857448
776216170
616914634
140188782
910836703
894179169
370181725
661529654
414605688
148806458
824659162
554407785
490921295
835433729
826612243
661905117
109857233
738001448
119162523
284624120
5177588
853580472
64077611
400228368
88752667
722103968
337249848
613400366
523768287
507097854
395379014
300563826
209499030
768352860
612303594
172554492
517741140
288266837
760357705
816441024
947988969
395724075
970992384
897428973
367091656
307435537
934969424
296986038
634282456
683877416
230670374
895647330
300258909
237798613
261339834
632392519
846831546
963408851
185428371
423853839
457711556
63075338
817476740
754624925
159691649
704683658
458942685
976060302
603985428
557592074
980466224
459837027
280966691
938382116
123249081
348756316
457726775
52295140
145381674
788921542
94286112
294106160
78317642
514963989
248658178
130261278
343157363
699331266
368051659
889226481
694989852
521618329
959811836
902599864
23737320
197100585
860022727
792683720
118412777
577402262
651920485
920751599
539158067
337237328
478009097
178454174
404732
480731608
550803791
924976948
900704116
112797394
405707341
942835332
628858799
913337112
612770265
288631429
452043200
400819970
317500474
880125999
844985459
792128934
335911445
577794482
209841185
678541183
196167411
414232056
368674209
247910722
771969012
287253216
859330291
91918395
438234956
235689957
892008845
456023350
975914672
470295345
276976884
894579986
930973796
856103403
557848922
85064885
614107439
707823532
315439871
55198185
527994046
543700217
406691480
779469501
429594941
984035040
685205528
448527076
790024150
918080743
928344883
290128003
668328742
529585780
649657138
292288662
988496703
531686871
371150985
453358994
318446172
64368499
888426119
157173145
830989309
783151008
884417990
737478823
662216792
542010110
964723648
1446202
159367621
70314384
988982771
835116972
139333827
310391359
285914115
938804558
620975549
189577083
601568127
849380582
386016043
215338989
328201327
317767968
554289293
360597394
507563995
855322860
717360706
901294706
105890508
113160820
391960964
439471393
336579379
689472317
385317677
683868610
485290708
506330216
7246477
4102392
765450902
521212808
935632421
383886641
804427069
646530570
338601425
685972749
831927565
270411595
353076537
767961798
750127153
372070558
951393352
748089594
713319289
162762133
198271072
622076096
251081621
740920985
499723278
294130680
912866992
356769423
234895762
30439066
541763309
383813577
150685896
440550154
144985244
491070152
157736589
675158766
734704303
991969012
968629659
992710007
360087384
922431524
187257873
49477754
745386005
327877295
751427270
267604707
400479095
37585785
716484665
639693433
6228285
43125781
765180805
213725776
357884917
350296907
68107770
607375432
90098094
842817990
601406534
759828754
693907140
117495223
226717091
670818458
715808722
940016163
448591031
637733021
982593534
174585249
976181195
834091233
568257299
540316791
616890802
312733629
234620106
97462289
482702775
477176410
176062776
233349444
5348322
187150225
647157586
975940642
465124178
592633266
272975213
361617413
933399111
757627817
266656897
669618621
744472039
45143004
435740433
830864615
701740767
409842568
93883700
664375431
939216078
178636900
511693569
243939063
736541536
808164171
947466878
51337439
296612204
786074779
702269322
125103540
769417993
901484804
869029123
758611090
618343396
219612436
720987826
631486400
944422035
354195175
311142074
761291393
198684055
25688416
245972263
865047604
502355296
869018876
312676111
850446152
33187976
508143084
463022693
946802137
538682510
634143193
975775718
496245783
868829767
277086574
530613361
596889543
755017725
493424035
873237370
909777446
223507422
510307136
525217385
471223922
891260721
592533192
349706987
184573819
459070586
740620479
485629338
983531074
848968714
347532727
729381163
885244618
431964842
777726108
22839301
62098127
639928116
254140503
143381603
741168038
312604762
982216750
753871747
764231622
252335709
863794820
384082947
5613191
351854004
932398935
341137042
633512339
867857987
298211085
228621661
93943511
685153568
945167486
474827036
720780724
738702532
437658476
432585065
299759132
700189017
829202197
475410018
720021495
444998210
221640034
494987
317741625
190536686
702658618
42746276
135900466
543785543
141474807
101724036
101102472
516551646
547492055
166607886
639022755
349943921
628015102
261084379
375183088
84712201
656583709
971831827
647105567
576308911
994476525
558504579
283995502
225819177
741022135
761490845
229616863
108377832
980423362
489105403
269493578
655942695
119437244
335957536
539450304
32813339
227839258
838164234
554123887
532748547
430678664
437366959
260800952
345505932
115669426
785364866
399335978
673043100
383898269
204555355
326271440
191772145
510432312
194483181
907091952
702495193
715157824
602757878
881488687
685251041
180002732
976755729
336178812
337009429
428123915
889892988
170641133
113770883
302105397
504157384
384622832
645801388
401590241
471221514
92241272
595286863
395635303
730177558
501715430
428135299
384621662
784557693
809953622
407983202
54000563
244105988
809297239
696755261
17058441
797191346
941212045
377806683
591287506
397230048
690600896
900117419
399294168
957702388
561353103
886933388
806236246
525244681
563009960
886874981
611688843
922296506
634924604
114379088
674660763
314586710
150526677
366524948
725696992
381120587
221470289
655104102
284001915
492167359
735311107
663183465
519104103
984107067
11512542
234924861
168346593
565764021
75400152
553575670
121654183
762729769
273985488
212146089
792963868
830317833
571988498
995404753
163981242
650212053
432537232
719086205
33683409
506820216
396076497
879456198
819383211
900990001
336886489
584498324
396736941
462138200
740214100
279269051
194593771
906671783
71821359
928787536
75335317
414555320
190145410
588453697
9240655
401964107
367930526
59314410
444106476
158074952
653332549
331793522
834208453
126250543
738594732
56439314
722641059
627098858
718137361
313238725
784250537
244913469
472908275
253146299
816043749
849618633
718908022
212233833
366910055
494161358
658068720
591296270
736151126
385346031
259109340
287639749
133029149
348642033
480136093
607625608
756782475
915865381
649528704
893888236
607714965
100062106
882211490
174122082
715640434
428884915
240748489
547122481
528712668
552230586
79392660
284307451
574328557
461931364
902056775
833376756
10018061
293004362
582172661
975724387
290945231
990969796
107912185
172944785
437856145
567802658
904404147
832630267
350229896
170446324
713597615
818434112
634543223
41313960
185200035
942319433
811881208
295387612
877984768
594867255
735713216
192292053
783533600
638691157
290939696
672933950
837515047
503200186
715222633
970042003
52382568
552144928
507201639
435952059
645608660
197139042
538791596
163370757
721929616
45130423
174122743
70322829
160366380
413869222
309584946
45746529
461966739
103841542
116876227
449693012
889081810
521682294
631676828
392647267
546706853
585396284
854590171
559702553
604625013
142955977
248043756
445053462
759663496
95560212
345073531
916047463
796465096
215641688
252201077
316820680
165070411
767465050
111202832
972260162
384797545
201708181
625839253
627652375
75259667
927375612
926118766
144762067
326939769
890069775
271743259
616923182
798868050
907428873
984017275
192845763
693779592
735721641
675759864
462286152
611282579
540867697
170206713
790905805
707558831
865896538
764478966
461428522
395098047
893897336
85175015
283188952
179510585
515423335
166476579
687561684
411597761
827366956
153298858
333072059
88918043
76220717
538619645
860038439
355704646
114522520
40750088
469518880
800571474
862036330
768734748
607398212
366769528
287975072
107658782
336019396
657938928
349915507
231830359
359112870
992142915
792749607
434948544
962023115
300227808
915919945
970660828
211079946
317921431
465253464
952050162
705505169
79470049
448963816
946924273
202781794
222951371
604543811
918152836
880203488
720384224
66265576
62820888
243778281
51859697
984342420
811147060
500440154
40644555
309321313
914483131
885219814
951526626
955342262
107663965
685113769
101924815
930494385
803465398
701835367
72380884
268927271
207542303
39958288
446604219
126321357
701365697
104904606
126261274
404134521
491266021
108988390
649294447
109628725
831506654
303055701
430312368
176753077
943346685
850307639
646782711
259578938
522893760
601336816
425979747
461913087
22069604
360702505
662834397
659731530
994490411
685612413
624492025
685504755
59132479
359000010
334832719
58559390
368052019
29525046
22862821
282508231
92558327
494876961
437081752
376329672
824455761
465764399
772926800
716282252
101092105
745420217
960364978
945449234
803911626
696258632
916740167
671437410
714897738
890513635
193389560
102355610
78507873
883618032
478216993
560019719
950109804
187888138
276230199
985716098
625051764
657762092
114804308
837473943
243699235
122473248
51965919
60756799
143170602
178022051
570137105
535274008
592601123
462639225
902827981
789301726
374842081
742468884
254422098
115752786
694838468
712589409
129916995
547152969
453980891
634928798
768544342
700213030
132036338
196246448
424637110
733969719
249586999
62947725
775631722
157131589
267588719
391994218
315017461
332246384
322060104
972774242
384857149
746036018
549043688
56947446
213150947
153110375
347406579
342886540
995087137
529880082
438357655
43757759
663120763
292834821
273980350
21339597
351581642
974196865
965136081
360873398
433030049
24220512
788061203
842642236
730031293
906151917
642247905
65547881
53783744
351295663
95636586
378680106
796795414
740353047
864947507
169677047
450114013
154137157
810640652
470611903
744454149
385527783
280973947
382586167
370203517
217350068
264940397
772684871
495546727
801476601
740331506
256601722
456094897
317162593
650172267
340881471
610912002
147256192
461097685
635311362
456173645
584766902
554305425
418160464
455006870
995557437
742425162
681326795
179301381
51973417
936851105
375578261
205097994
393271319
145805063
799782470
680012182
80451818
55103445
817944811
432419854
956640540
828370760
562286439
913649836
580801304
278747698
863538103
266642337
484719299
819551082
386781977
234846255
451769010
36828776
889973120
697215198
818403642
363851949
127666929
558420567
396075491
290126188
485047017
484557804
528296977
417493270
374125458
563224758
994114378
664566386
118418375
596047419
679401457
731733087
588645638
736927352
232003941
748086148
267085501
710378150
237683484
762681845
807837651
638421333
58456972
195666902
919300431
611238472
779231596
376693995
27124371
251321716
404765567
512363293
676201882
725109923
556676187
805159824
677161497
563947788
703168775
630348200
100161712
944499029
911334918
303898349
898647266
615619058
405586296
269220752
892701261
705860426
376570379
954620857
588533870
744817743
73958447
704456328
205760113
464034600
682579707
127329611
733036263
255989345
759031639
170795711
433308840
166562990
681040843
387119096
514043602
652783989
904749971
599461947
345753081
728241091
749037818
639438559
514550504
751544287
231086310
456950923
1883254
328854771
650741460
190106227
185474318
171095499
80971258
134761568
625185823
634215932
12235940
957633962
576662716
549576307
28935207
904317646
111914952
721001211
279689165
635920357
976001329
882830512
835557786
244170207
957548712
295130873
281512992
528582814
667902495
749335689
171110669
362846492
798257904
387430633
332380391
106654270
273268637
305488663
395187894
683887475
441267948
143783092
481157818
749943135
881267581
934442967
736127749
297336266
301283580
245343558
730143143
340006169
155817906
675287777
19867943
112544034
533520843
425956611
868897705
61607150
272641135
880504303
178222404
597809782
41351990
818774804
371676541
831241101
724114753
97847275
42567882
72618140
932586442
988865382
584442094
75412755
969009874
878598233
891299193
38988946
131181163
179647409
31585540
872813167
338165255
664514745
408996
361950424
291598806
514355983
70187998
604092987
538583024
718240170
853877448
198124256
229604604
43017022
738042828
284834565
38349244
215642639
22141621
70397441
694994143
343764790
56805573
513411228
300419235
49001349
443054422
539830058
299136985
301740356
660118799
671208072
878428020
261635881
505973454
956392005
56425317
948322776
135199830
336548599
459922639
162709645
868365485
893343984
480095205
309452512
647151244
122226904
275555748
206526045
93101543
802584299
524295166
549264584
768860100
160002840
174506441
336020145
311692616
134330022
32818521
117753976
736171292
288465485
287111207
913486193
516660650
980546540
612478355
324023399
748012355
564140935
485424253
156893918
782402700
209658859
975020240
905111289
616852959
66035369
740551859
551406190
156783776
483660125
996185264
511410423
408162273
654497991
522365392
313469523
347985966
117819121
437586255
590799151
344982315
696135013
260088287
165896770
181978787
720662302
708484283
795919665
598467177
186141669
551866749
499406452
165588008
828106237
145244356
730868257
641895295
816463659
6029384
329840741
102242903
908704401
85824466
367851479
373518506
414057763
733188552
94118990
192935231
112786235
580980884
752891711
647210346
760280988
947274508
488205578
187479625
143754697
13502622
557466161
377756533
365284675
429662388
396232687
394233973
86088516
719481571
12334366
265565073
378385607
569875469
667974570
36490159
798167448
984760917
338910359
244509767
446795004
25930367
47150097
727784578
401024945
262748844
819627197
585774615
686114816
168306918
882584332
253018923
814339968
58956998
945692821
304346372
229285336
85970493
527509022
351957694
595527186
268157847
528372951
352632662
498306016
41868911
601258775
383205834
107090101
627516256
908434244
535511017
920434367
510567161
405515876
964437109
96838260
152524833
146529991
476219064
213266425
431519994
264699997
406879886
944986129
34947245
199187195
401981730
190483533
332600326
651139019
591937272
570565258
235884150
49482857
445718904
610982336
587232630
790361164
17152172
854028870
431922861
795949787
910776996
513249310
323722386
598843767
875794068
604239793
452087637
609929947
962456851
230696322
811942620
542006662
296716629
779327538
488962523
972673227
879901079
871497978
932934739
946051481
707525850
93165007
590843213
267052058
602650790
420593375
293490442
694939841
36564917
872412896
792711583
822913785
178266973
405728368
985134552
8885973
379737781
365238892
906135635
757799870
307211922
770677260
899095596
936433613
409417352
98574791
330088846
217365991
551516468
453773894
410412986
441807601
401843356
220218404
13541127
532351588
281736769
773456877
967041793
899397213
936331264
792873845
167719028
692449053
16986433
828658338
1802564
958540001
737497461
336499210
214881058
983155569
644493346
215287074
408896985
870161307
654937481
873118103
948211899
767112032
504798667
596571570
648772562
875776403
496842524
186970856
199753036
82950616
460926076
904443413
804184574
693273356
42498440
8185117
261365581
564892683
547122114
941235658
102810339
917258795
954095897
533925931
283542609
377378301
323115727
240442500
981664221
680810941
288609839
795961543
610936810
687416561
389960226
878350492
253059338
99395771
514026789
677754235
62941095
512541860
517147013
848006941
615300233
821123121
924707860
625518369
829327640
874832761
546200250
847917569
29799200
107528472
956798042
956613264
307874453
127067685
136088100
80163378
242797095
59892045
728501160
883761884
191505557
612312560
337233033
340080636
523101953
179359916
678503209
29946969
885225681
523451519
705714546
788733211
769554305
444391084
668850470
974741134
347341394
743787759
537421576
324621320
336816653
542080549
491082664
355028393
388934538
982856296
383103958
915910298
250139620
989761466
816206816
954650445
632274715
520423412
602264574
26310953
532653713
607977881
376783796
856793818
363325462
90757250
626980520
453597920
949095916
390314451
328712938
150232588
21225051
167545808
541036257
139665328
830921274
577801231
431667338
877818958
366109836
98910949
183510346
56455433
813132787
458026895
838154141
268074322
436222225
674536477
497832265
543701741
613951327
173876450
762539364
68704252
936958980
978524349
731216978
298260396
404769881
872610641
698549241
369827516
479008357
561119000
135690124
21894380
557453676
442753317
988194998
838638574
880316141
612306013
452940258
223740889
451854543
701402741
178192025
925040371
884003637
669572208
524275775
531872226
215120099
186372285
481345601
47336126
341132247
42058063
369822191
624619772
661989194
255998270
332184561
474852786
842409158
852067390
65414857
613913223
184485354
772789487
95056818
617532449
872143459
864009966
87120011
904798950
912099622
863690627
620643228
792561009
255040416
551832891
56005109
231222506
986835103
11969095
525224874
463626951
833618352
99369201
190096370
185854364
724437731
872709084
462941744
475212106
937556323
644314744
555505511
322854093
272650410
583071722
437659772
355995118
173772303
170895316
472929274
713036947
45316676
984820499
979226013
12844568
546109324
470849844
481078573
759261089
716974349
18764092
805587297
808525040
936535916
134840336
913473559
113548991
994108469
123132450
170462048
371021361
148203195
896197874
849446342
565773584
287252210
658202901
918641739
343182628
554690584
673747545
80078904
287615667
883434461
631757267
394327226
829171201
708441248
532135287
809912167
766114563
495606331
272467977
330843460
758855637
551301466
618663129
82404131
887944225
314233076
357484471
610929414
778648333
553308838
662384406
676318614
575936663
454220728
681312100
384183846
815033237
830045553
182882819
65961600
976784554
863663
38820733
896485705
973184330
491750904
358564188
985047341
633522984
601565651
107418014
734536754
257154157
686028859
143385229
436349197
538596202
427805438
890451188
372530437
367858678
919964446
707352709
466916033
380076881
598651375
506389712
87665311
796968786
198058955
140409983
187239397
202593590
630497618
933580399
855983888
808221260
220259083
821797073
843365305
560003040
244984858
198762141
536067446
606687105
157567841
518976991
476530492
504038943
228040711
645172484
58365866
794266470
31494538
562290793
126673177
282827002
645938562
916899529
205481480
144012335
868009576
113085810
220064098
114061183
374006307
519092782
645528655
376776623
179378375
304243168
39251391
763670994
134374985
713109395
940241977
209782507
921651064
79108909
16731805
366020822
686288631
606401022
933309466
803049773
59405773
340578559
204109420
824833858
164572225
134121048
728183041
696107161
867029852
92464484
68275656
617805566
854914568
578268573
305587800
335664780
902740679
977797354
368200019
467694966
912186983
697152540
61846573
614128048
377809706
372831043
447035685
730501378
24021456
126770658
128206619
252873634
720169774
317056637
977485161
720754424
562730641
415436607
762511168
231305152
148135474
292420266
612837202
622436604
716837937
94030147
697619867
217653140
787900410
740918623
988649009
685557404
72676103
958211161
842335498
474659119
401883351
533302493
209714640
72348855
813332399
414983025
215779276
759454058
772579170
611506674
475224049
918356608
583032661
256533447
190880522
472815388
540510427
822227774
462510620
358823444
666232635
944731981
109132694
71260676
112717076
478197337
695807856
885061766
748861845
29751729
593574693
406941242
737136642
522941903
29056466
733424471
98705905
176782963
569955631
926659473
157081167
585594860
330661751
974678615
118452299
984027612
115599920
749523810
199758999
344577917
692341034
786111881
813216968
189455219
444054994
950738101
36434701
468355952
112001106
618530167
218175087
289328936
798003074
119747020
645060437
980150682
72719363
359883022
513418730
560246348
630798159
862122191
55199687
773803676
248551706
107578001
136746330
459696000
962117379
551514163
454059645
626016440
347464327
911742378
348645562
806272603
46202226
607999669
191319030
425825254
354705610
112709257
297102944
157309850
116174802
499620875
215316302
584940155
800604449
232293349
745805302
520018036
732361246
272297873
612041822
499102347
922786656
912418265
341435303
454719397
336958760
403601673
836789032
546141347
489162770
923043370
576593558
977320250
470063817
410192239
371966463
545418751
895913037
416494987
438637023
253925030
163691818
381618169
356544790
127028427
51721788
22045111
460381464
498613632
982407561
766403831
315380872
977454851
352628491
633179717
94549409
292785090
795875599
524673500
105088214
616442348
135664631
674942023
822605641
868592567
331099336
843213803
680046278
991776381
655881343
536967360
310146918
37637639
965623280
292167625
542791309
809951326
316818670
683915792
981607329
540492652
343448794
139420449
358790584
489022518
572297779
439486073
208146125
231107018
755838868
564597116
879360895
857142686
866122249
534556268
634711375
442256265
885208276
572143762
191850251
849700636
574406219
214133673
292108994
269506840
702113962
431295589
414493267
189144903
877340800
151753665
866088068
802913167
356412660
416871714
118168040
457024063
328156035
632238441
28722560
684949426
475850025
502152770
74147792
992743349
950787481
759061399
349044479
335685680
524495740
215413904
899068415
243193828
108982939
155811490
323798567
297913769
467260327
251663027
54961675
553936260
736213553
493280652
948902833
662232952
858802102
204264401
38049172
729251987
952620488
445128738
936528925
596845948
190462450
951309891
325656264
307459599
293867445
4148000
555748300
849140488
711471848
370119931
127905829
459258217
173057915
447436809
162817046
400609083
329442648
542181621
630101498
16991730
728437838
410340497
96191320
473536281
557713304
881250215
792852159
704827588
112844123
863199197
919431326
884044437
462626604
784918019
962201778
535427151
589499822
126338219
223412008
4304612
875105238
532106403
399289897
353849800
928327091
136829977
856404307
686584378
683701075
33113548
330129662
372074426
203232321
950197617
197919175
335537160
125152478
302214863
445644721
601738242
14726700
462100936
733192710
535120172
875508396
487531606
829198733
145018253
909230343
359042089
423937959
339297163
146214773
468359460
280335216
645175803
981528588
84626072
296453246
266260143
243125354
482602541
517867034
744162129
410684481
583320125
852634184
636358914
873056131
558242982
880821831
879922869
424902569
987981666
543575480
177481270
411977293
85792971
299827939
10294963
846855448
75247472
629264719
244976976
902276575
855552171
431625995
92736674
205007395
997675210
302086718
341276833
237924909
882414328
150723898
98416574
902727882
273511338
764714775
210666270
548464205
904277640
94718550
746003015
299631658
513614163
198038340
310956078
788082881
432162790
464684822
500786681
173730524
707258229
296756341
632724351
701409991
338175721
924908479
539163435
628417287
824073750
234158929
321478104
404416613
229750320
921082283
719846116
548580004
73918541
571229018
294884643
124170081
171090043
465600915
881014487
556078827
509336305
945249693
117377106
419123486
969130708
538602811
50277183
775588417
405679615
40294
428404759
325302490
430085457
214600827
504435968
755946428
959703103
569944432
509461670
646700174
614255085
518690130
361125866
313318288
552605756
425856470
212376279
694881523
433116348
696210751
151923194
770573033
273855596
738612775
979451147
435781181
222834592
623786456
353236289
237809121
325611658
342549608
783070311
971302933
211817237
52756028
65263785
604171058
42098503
397052221
268554330
929870634
489315250
42610597
682349165
287678714
628669045
707709536
795599960
264724031
593786926
74560404
82758219
278139506
374556709
684129347
915207872
759574362
16561430
591483807
552909599
946505885
331591250
382028547
558085006
229630843
882140589
134146280
516928697
754726943
3046789
664088208
668106531
413890698
886263765
158900443
814621388
457422075
32767069
625740345
285919589
780781350
479351407
816797797
102707046
868253948
154321340
636219151
729641424
901309043
919117612
883136831
580090625
386883390
696564205
552603669
602759740
761258781
205354452
776228079
21442391
759216293
640700306
547612104
936828306
997865116
621646547
734621453
555477895
14101077
234672749
83785799
966188323
62560422
106406377
534155956
215584406
499236010
371280837
246154575
18834392
839602063
645545142
866507123
811837580
769771183
420781670
289368064
93556029
463525758
283189629
778342012
598108374
280564654
15978115
21120997
681642448
538287898
262305997
98483711
265436784
664849175
315908876
760491354
678912835
133692514
241521441
664143037
877925461
328629124
759459105
268159173
351352214
823893714
926203288
773837474
11042486
439517682
149817707
840111000
862607739
900831792
996827577
606775073
393802403
473046547
744613818
982026983
63393145
97402284
634626978
458999075
760667559
244849815
440399855
434095312
282038639
961286477
565063334
299487973
441035426
183832020
630614077
4795154
619982916
427176391
725006292
481466910
417148061
540683058
17704926
750578960
550077878
546103728
594074493
372725044
644454833
903519229
233709233
682463063
569886383
649092951
626336289
511071734
266371692
139993931
438100815
953842527
210896041
832161211
991281650
161077341
284735648
138298408
135729642
21576870
229132181
205794125
45835096
207043648
53210386
200909222
101576833
936665583
239799749
556578607
475459007
277372073
674865689
423981721
802934473
988501135
397613158
395385306
338675275
341512264
94241239
598456895
204797344
331449680
30504798
784418694
59119943
246456034
342350288
417373236
402235114
536066291
262953696
699756944
675939397
182991349
182142797
231689239
681184339
218345951
701436647
438782270
43975986
701269847
926094064
458647029
854264602
701841072
932159752
919110313
432286296
321118935
834165790
385846925
847379831
830004371
460787199
647917331
668297351
376070401
628001065
349336759
16955986
555552270
598742513
751025169
95508948
715019822
299201185
20013405
287302451
217292489
870621480
717774939
959637073
506610458
225896225
162957551
200401185
576253219
825106565
196497211
851697571
858858264
438617421
152139153
522591078
241457453
796175545
608466933
186595394
669485242
605404362
682089684
115237686
236979538
985298737
37621451
795271713
602650408
692931478
782267583
769711160
576896405
533552595
398238872
561023077
385347867
478398196
155038449
798190105
362356887
214258608
677694101
77800772
486251303
55696254
472680474
895658625
67092387
563020595
573896816
154052317
699188200
557471292
723531488
576371402
166207158
514708576
453963606
752459737
823026897
994092733
110397229
405926115
687142677
424715331
929944965
252789044
722281555
870821441
685454337
375258327
751721401
286630819
570361459
836843769
134200446
879058133
194410522
784452983
4917729
51497212
47347695
853643920
269424188
63872137
758575793
733658694
451620032
965991566
294325147
385859979
677726145
838490426
764979094
701323296
714551605
211880028
830635721
445329189
447472458
81084860
718504491
315780923
53563669
190458852
475455883
810820246
107307569
755640100
838397147
874299767
345736095
320543315
43245817
86621081
247339678
191341413
662455731
798688111
339572835
888819103
586887468
732912278
364069145
600992627
24543612
868570298
761115898
173616457
925407985
377372032
435485409
567878506
745416572
380959999
388953296
251033195
235001994
845424842
598723547
639328699
590145712
398758801
935365058
655889657
608974295
420044926
991405378
861385440
260828241
515269312
545415856
318124470
234174403
609583942
734202383
318541735
739749255
55116720
269326261
216431038
808417314
422240337
761905387
541870457
930074291
696098343
253197290
98706395
44978694
59089459
217744969
289826902
948995769
8970681
459323531
937370860
577195676
538384621
600762845
671438959
797859398
958410596
494808958
194728312
121221084
85282123
75282487
874215725
740495318
683222926
858456462
89670061
905873308
444420385
338082519
462516123
916558948
616943291
989499992
933982742
980324068
910492471
823933502
238068068
488028865
503101754
641085403
665096253
621763922
827838687
341946369
911646819
690291457
803099372
257606927
517107135
876478291
92253724
392704035
833520706
358358573
926520080
852924221
130185227
784782249
12209063
566128750
598051487
617630948
811005234
150941486
503577845
739730051
782299945
17229328
127638157
719471179
667397543
435448852
27100050
954429877
884324388
410003497
528003749
920159047
778320577
400014651
429932962
358936545
345623015
772081145
268628345
947632127
629784320
901559432
108284979
935558993
42347559
281756969
682453291
728619508
274953088
914657137
772654064
814185710
459423036
388599762
77440037
738807477
112371702
658784396
941830775
908778846
293570343
737218337
96132773
220839626
153029352
4220881
931792543
752485250
226631695
944611413
431773386
158717179
724351128
661255025
549141953
180906862
329925823
833294104
736687237
596033997
420171100
272582486
618777924
879995688
374223013
17855117
101050699
169471511
658785905
545125388
343393813
921998847
500136084
153036699
814941676
731148169
732384228
239407830
911786262
694293262
732159134
810865999
748033688
547939763
760139572
12314155
777827168
365958491
978112330
930329176
510048745
828242155
581208649
162584985
812766801
53233793
675774057
519609289
83809908
454042044
322762891
730161503
228289563
572467696
572056451
918669820
393328584
867991863
531237572
634817187
596252007
821920560
604528006
67405566
943732809
947665565
710713521
852221412
111338340
877892872
300050184
409479400
408886138
754032045
112498421
243239135
545523424
572760351
876324541
56221723
313645252
431344396
771596946
722975604
461471708
170628300
745179712
378751090
495792105
491938046
269381909
930433173
604963024
45646776
471359391
781973989
425231335
223595689
273112079
37425038
187136677
391434990
665231243
140104158
615892561
358403109
624371849
985882528
918732795
533191682
653027980
717009569
70134534
847753541
226386403
887029296
434230486
940559813
300218984
800125633
101049118
700116095
95606046
101813847
497865043
292582220
401826259
631328568
910495811
416439625
42837493
565254690
854568263
739150211
353824035
579739492
839513343
151074053
346446148
68721690
592884698
535285414
294904098
905684325
641821579
696382736
808918651
640420498
146122969
223139342
105227170
286538326
79341338
283103183
409973004
406021082
819949920
669434587
966715817
540609835
337404484
350101976
752908000
463983890
194042774
338864308
903225114
545612322
930467345
904942158
537936599
766537491
136076185
316014719
444595097
926052152
340117373
295236844
496169012
303538279
482110824
443583674
643167797
859115732
338854231
716198221
585117767
432455367
945867648
996648873
426318352
149235034
76025359
938338405
582068666
108049386
725280608
452076753
214841929
907017699
397389483
940810072
155626345
356661037
701812362
215866736
308977491
101134204
491340149
122484069
906350965
719668728
65064807
77383572
715058337
816749912
870012489
68617862
613663438
344213382
51568936
5882325
471922972
401891344
343706820
894822967
312961197
441148991
110519294
780472571
922191640
449438417
199370866
693060227
224024258
420836283
422554929
598358259
106997360
704561258
417816247
962680436
979237253
712519889
226356605
6519284
583111215
554405882
994221660
6197787
200115789
191983048
315208318
508855212
373131056
767900893
330748725
67361120
888605060
626909930
282919497
888555382
875266749
730748122
249138950
620464401
58082124
465383553
788242554
410334435
260400054
723783897
842972448
71308896
538573572
972431172
750765894
362986405
564311947
730339349
571565994
842750392
937250976
748651541
931655944
943674926
878309322
16029783
931328593
615939675
872896369
160741176
463097467
60746949
732307681
476960138
133043485
755143924
685876659
292452531
982208582
598676612
95182000
428084251
784565578
707328115
965826469
954463672
796791805
71596225
447465550
995621998
520350113
856726231
74563694
254523390
348115145
983638496
813159802
17676333
827690100
345191013
151822001
164658415
796685585
287157484
440589110
358860168
81982372
889808755
917576109
850451164
733918352
216197520
560015555
825932172
467703973
525004688
373124631
395236196
298708962
901125530
761274957
136496659
338667610
423104822
6369706
83986219
686601613
199097621
74934569
625244089
394513301
496971614
555920563
720918246
205984878
969958609
53852199
227804703
791918096
275051215
398162956
296233643
358532491
808172853
354960317
224995706
95695749
179307150
595215915
666079255
479759766
848243619
568996776
104755096
621145396
260286700
824066324
957963385
691575052
622216636
765170053
640570454
795307766
884200788
911237421
776653169
841999420
841706037
467738609
397164838
862647172
856096987
445976533
748089788
19040378
846078302
624887813
644743362
253324282
644598099
380082451
206563778
60961157
131257659
549145413
175548754
363363421
677382215
675320933
924229465
468251916
802216033
271054591
431675412
924346154
513803430
595824650
963099322
152800866
69590413
837923120
122415779
613995211
110338836
335067016
684260068
936833626
284368339
856271264
220684573
496482659
916234079
491011567
549369671
1215593
188890954
714130456
693799282
661662223
837731563
87152266
214312930
386325738
787880621
98474673
614956450
711492843
310396580
133821012
192076428
582537224
188085818
525607341
883562591
146674595
150219992
502069337
37476410
178749503
742665905
85431122
275364132
363772940
68264524
168283262
430393023
53682038
648134316
337662057
991834293
73982322
423804583
683784503
617202076
777411281
298636601
686728642
577071829
612804607
39403647
438070498
292214692
232892043
470994810
440887384
437307126
593013777
159466291
410517724
569200240
84606027
932366709
321398336
522649189
956501496
733213592
276424488
196497490
553280056
559388330
442576638
536765569
646146609
644028169
919829755
300823070
570496916
260048822
808033576
846664534
168802172
824370803
479904245
878295220
420570098
440012201
55955350
834427570
877076762
377009236
82771153
315706389
175945976
452107131
408566282
771267541
457023629
266315786
779447457
958944260
377000313
372770098
547505798
422137718
210691336
512518445
812282924
337437456
911189748
143133373
792460788
805725206
745357107
236370263
560066783
19853195
511085152
256968600
525441018
925329679
220246413
955226735
206013501
758896007
389874459
353005796
784234821
567146140
648003978
484328102
626179667
276087311
998109730
270802448
315437937
896900808
75571192
388452685
18442108
799485912
429421455
900518000
239556883
519532
982928383
780782264
396624165
115187022
362768447
764488121
190278953
510208975
885947766
165224469
703142390
311380454
550655562
779309285
217085722
181609551
349184181
62800851
366607619
839042292
737686858
300786811
37232633
106454326
965909026
45506571
141473499
818355590
205220441
333068662
768557535
720725477
3564356
81009584
665992241
341665230
265081445
504633065
141574906
793295869
250548446
783352690
447159714
99728736
48685032
169138731
728286901
18581107
290551458
167466405
186992918
260590928
40689615
782064680
257320719
953192657
284556778
72547742
928136533
322697263
465922107
2585983
30107445
359211718
497656365
179718705
957794938
72124077
602294970
115993649
829943365
311729204
745566319
80287869
480295599
784760730
156979921
840499531
316211756
830818102
707055301
956352647
204874114
353826128
192122574
597333020
366838708
1244475
908001134
962891558
160614117
604371930
143369155
227380365
237011504
718236357
288986828
500347430
4759284
415987734
475927986
587316466
640704314
261650790
41485409
628002011
635643199
192167131
960471760
198965675
881277965
240118249
836044227
260943411
313450574
545922278
560291751
124110118
834994539
784560298
295392001
336902047
635080614
838988253
169502244
888292792
796150430
279736271
596573090
647776917
675692629
565773001
327709919
11072696
65260335
842889690
822272225
94753188
375994271
519474970
504700300
387840011
339730578
806042271
633139292
18979191
736857032
991214629
324253826
211130724
901525905
487277748
347554500
975786494
887354864
731053919
21947265
40072495
170878613
605260993
844025032
299259256
828842074
391571514
47171527
984052474
638698838
165329012
397867196
300293598
181030091
332861649
960670953
649903856
15620772
507632112
376528102
279053934
265670390
215027177
170806892
627019867
180856248
426652750
931582962
726294528
169061335
959001390
485090196
29897329
581015934
131567069
57715671
569208367
579240006
110074970
434102868
161202272
925088912
247364990
708693737
230788718
247153117
790878853
480855670
416192122
499143493
202672294
864800251
635651425
521633813
162158345
400718002
86489823
850901781
510736512
973044032
502499019
398449887
46197714
385670760
901309756
425521469
157223665
315058669
210355903
344465650
440203114
348038311
32641923
229822374
824441847
625330365
961685149
634875556
555388971
917950307
543448519
346745280
723748914
520051108
573334458
926873332
23530668
17359839
552291032
959423367
557137978
733399225
741785468
567869108
562673810
31444765
635075162
644278379
242062856
238009048
903094265
11267963
287995714
649568435
994004714
92158566
783194507
229196831
771665113
596297929
573699867
326334604
570644218
715543293
591047171
887289065
411598747
163761907
691083540
920285913
582335611
84992113
795533504
774592474
161066750
353376993
718302387
380131464
120002868
833886576
447016050
325871972
586906674
960203487
309401291
653443083
742577307
958532176
580298524
866455984
18107858
663553935
982906804
865793873
927292226
29580541
95154748
493640857
754250581
282218993
870767070
21163194
334885004
411289023
91326602
534609711
30973765
402153860
361065478
606186390
951996267
879339392
216372178
344210355
333134110
812463067
837809575
221186675
307204313
57068013
785042809
73988556
77712870
616146933
646506826
819456983
941142222
10664011
299657715
989914573
767336283
512333589
570650691
117738783
109224619
748942736
750666114
979973883
895626328
540645123
706532789
429567740
353845112
610598700
309025971
111443521
710866466
88948068
791592240
631916718
966147135
16857899
110429184
322760041
996580411
894623435
991324016
256720414
792745309
24900737
494608460
951628164
174447008
955027660
861293371
637090431
156024393
243928213
43096754
504399147
921678309
82470244
903940426
533643005
408690817
38553155
217063801
467649399
596090634
873806215
974546945
76557955
203729050
412262240
579751304
299343592
304005448
92714252
806486644
774773195
551209056
917895973
785770260
664674309
22619893
311739390
148523373
787711979
82010772
938131823
962988686
763229468
4543455
337466721
583405215
6119795
458830714
2350759
111049355
63879635
41606285
12841616
693691644
725822157
741508910
285360552
326116085
404298492
128087199
190348699
626056102
822990366
487263765
245716494
734798380
196671782
565480421
658636452
935536714
437720258
418462772
187369734
778034562
906447025
192129900
796301935
975620607
107319522
874332099
629379658
369925017
589330911
750650432
253262913
330298410
810776352
200203546
229024367
755397276
284670108
890098468
340231795
102957242
764684211
103463199
643619213
875051733
650099274
833730927
250834775
850006763
82467786
231172899
176488595
143240485
93406619
380514290
271641906
662190130
303902735
93828409
890941903
781163824
218781059
65097230
993104655
677611219
767300
312348184
574674432
103433221
508135587
642489195
312599104
576116500
577427755
860076431
733025643
47155977
264816496
283497572
469658634
840744757
112606744
608442178
889220371
530052082
540597354
267536094
316210930
418649975
696257877
5545364
537491111
284150573
317854903
435323223
130832101
84581484
333313855
449139106
210521819
593979281
381391980
246091549
303574693
960003468
259929829
778972720
366329083
881693429
907105670
22215258
967501259
888271503
907796410
991278554
492928710
600243794
223454658
11068248
16333817
654734328
595111029
620170387
937274426
969970329
642671819
552539786
557852863
760774373
435663936
677124665
877174585
829057788
385703986
242568440
281507247
786365483
81907448
940772009
609679908
894390043
175169722
99813695
575808627
334731243
243728465
705468681
967686969
767519057
882081574
772963870
507632889
371509781
187364029
385704930
31763678
48473852
213681270
309534380
492689217
346180005
292041922
606678589
688836238
179013910
82027121
703298671
776364496
852321662
631604101
734002574
963570924
831099981
743072096
791372177
107914343
447676280
932632835
361612312
321461498
172911414
732182178
284848384
929964886
39966650
57283411
750689212
994401294
453860258
962607761
275741909
251182767
730039073
759027716
198883996
720113416
733664531
596591402
507201800
724461579
856946520
210272963
275001010
958509332
371831255
934525563
392376455
138686344
370754299
524595156
393802222
695658656
396595381
223909465
992645408
761857797
903757785
367178031
970435377
623511741
854644771
943051508
43387491
391867468
307972393
891693252
335817716
890002660
958579449
771404382
534840188
723332657
446142002
650218178
803340253
668211004
235153559
176593049
547535657
444780924
672089679
858593157
328359883
771391828
723142370
286519517
794336062
145731286
935205576
419134166
587881468
393143614
767501087
587257253
490238119
898469316
20171335
379659026
12889543
675470598
25012027
921291039
414713035
495418128
22786857
444205971
352811981
208229260
9128098
505491009
193731389
534575078
781409304
456432806
819949598
546210842
386898909
755318908
403267542
932934592
505676858
48832538
533063317
833654268
397911760
940936873
566225951
520466780
251021786
388585159
491328516
30970828
902724288
995751131
364512116
798540658
158122943
803055570
338589265
446697512
170355022
225196209
454687871
4344807
428478834
26231421
584601640
629275163
744909344
534396946
713345881
379461617
11970004
602269516
841715946
759417920
363209198
155658749
974903703
814233036
181664419
260033834
791599296
906118014
41161123
340086224
867034174
614084970
144359166
121351525
930178036
344296339
614136565
587478470
638546390
257400837
741820001
67963769
691301061
855579444
425939028
770972753
235895
887159608
937375144
821257496
380192412
811310815
629789709
138290682
521918674
799225104
290788981
918451965
231696133
786804686
565661083
750626138
90838083
32256598
685112405
491275156
896746425
605453250
687917078
111349585
851767734
266342907
108856369
913765531
714062367
756887643
344104560
596606774
701666958
953095894
773817664
568900165
406290168
678907605
931385866
605077219
193860226
399705813
656662914
736759415
670261735
394989124
437924335
606174818
568551027
169144732
738421317
489357539
116733970
606274948
105506921
304413992
348406952
996553953
14055082
901110802
462606078
496403634
411497831
212226896
130008460
112300254
358379068
190947609
476000841
813248460
965364219
282751025
557663323
822770539
909978378
6614800
193442777
417096916
288033251
484398997
787610375
713887464
969052259
877026592
516150586
596297938
677197388
979994616
499521775
359210729
984543522
212801914
508777539
916143497
175461866
659050684
780765326
265854022
993998706
454081734
90502172
844111444
82065243
104612667
371541563
29013403
750242321
125326231
571938131
444426344
650408749
242771533
547980870
973422132
966469983
440976475
338208249
482065583
992950842
869668409
586275968
125376327
85272424
261175907
207914612
966203212
98585014
868021961
963834700
46675478
521251815
632218575
60130989
325114853
773876550
773894873
873541700
553892656
177383048
15905369
951417236
59954271
455585597
240915717
160766971
57819719
295539727
713011588
343002668
599829397
981321091
886034898
643839649
844305227
21947382
711627812
267950157
281640878
161874541
419952922
277199722
229416683
778951652
518213024
863445445
121563770
280756911
394005744
608051073
934736157
635699534
691662252
851787815
734122733
166413289
211819039
1607302
682013377
718073060
349313461
773790891
429036560
57111397
989099174
747947284
394102007
496939325
126940189
12142322
591069283
951065037
604141414
866100228
206803049
80108666
560009360
112606509
239147564
521343389
750060655
927375206
964175816
425807712
632419440
646205130
269849817
757098526
29845110
922500495
805458628
566934963
585118522
451814224
390476170
583976062
215810832
470478091
723849164
820305016
264696646
129669772
219564294
948484050
584529511
562706677
209070692
782399338
550476790
807911817
697391285
899554543
405701583
71890545
227321392
883854748
210850868
295899617
779714919
132168018
10015351
801140463
10749586
108187668
434509961
783921900
989952771
588554086
603750295
434942779
973718445
498925667
685634976
125866674
561776762
674400019
965091174
417429788
230612425
238069489
48372674
291647848
121469612
314300849
674109218
308659990
251373463
908361305
750413255
942925482
430061761
613778360
682808539
516735667
447624655
88924606
451379555
767787243
65552825
895437571
102773511
149924206
898055696
583134655
336245916
54648137
340147692
728042188
738431789
581563884
503115388
91859846
663836143
365530368
504158811
637749749
688496564
104369144
439048892
963467890
365228427
708210125
994313403
630666444
239232848
243595973
83384234
163521443
698878853
953221986
539898811
329737112
360633803
992416294
649335393
840425842
237636290
725052301
235062263
170053228
186967848
844512500
737153669
776983004
180646270
738990972
22884239
510942880
527194273
304586421
636916224
360378068
709963525
32770822
465876944
94530324
318513842
557589811
949066346
224393086
618603707
693130096
697787167
356157572
538363181
670379393
646596229
124363665
83681313
209431538
633528275
780702180
652502456
716591164
182205506
74301153
763561549
41346114
243737514
830157089
192432382
386022686
145430212
685397120
738227127
425376659
4543880
903584859
742384594
838996581
379736076
633276306
33851224
402337021
807500204
450437508
344005503
612290589
607865332
839999367
606245970
774348448
137002553
255412738
131784120
380117862
69099574
426315564
207059514
106992381
120722858
132576831
679946632
691584143
993535011
232479869
835958702
947666561
58326524
170843792
939383863
468574200
827581581
76934995
279393571
54892173
442378902
403025103
212110426
578881745
824360424
893115366
205688258
792017499
646871895
296422658
73914645
878954601
754632701
759230738
438982349
876464075
200157196
985064504
526245664
887358338
560839688
455195369
253959470
473380834
19323827
581105408
204498213
3577668
813879412
217262342
938925786
177541736
46981702
949927150
972701499
340758158
135154769
121089850
475760962
175953344
807153076
779304611
334355566
84520108
400901352
15863486
623821556
614901430
117531240
938151792
494281637
507678402
863575769
460468852
30790413
746049037
432142016
733919373
419193560
458728829
330816899
296603529
23617496
325268469
730548490
22008790
131809471
411268320
550201642
948308056
264401426
7379657
886940172
629708559
363652108
354653875
164510460
780709348
344415378
963882018
728850328
221842760
425044457
13149878
80488274
578274255
453322419
977071303
216856315
261230297
779005336
593530626
355632211
234217134
741856401
79783221
689427935
738353056
806441714
464314841
293329759
543687158
111098439
462085468
279762811
917816950
765300876
563860009
13582517
288766826
419785310
400630386
212715106
85230730
985847482
18631013
12959092
84615409
332057070
942486356
356892377
430637003
94708784
235204669
761696053
118866441
716045578
616041635
538167666
477792707
905694784
729430956
587815485
957841940
877081579
144303671
535051388
889569012
914869780
179170415
547948187
93841397
584299095
755116122
910565460
564237857
829779545
916260824
516316795
364478276
711977614
107953041
131282514
985591205
51560029
91435490
221719754
346789167
937914221
138146020
53656327
337048921
715335889
124363951
492417427
183424024
342843581
664961048
748956456
726332300
103414439
962354267
590311808
337718951
862419191
927400872
943861651
185771098
260171368
896945036
778181103
688031568
903710377
876383459
70416003
927809885
375130856
901741939
399860434
281460564
672672050
371615612
542947041
106614698
133561816
487842822
632672273
278992395
889516944
972221899
564961285
827807558
238583336
118940757
844040837
165274442
902942760
413421647
579148987
760971428
460867524
839505414
326832399
682084548
132830389
555955137
85164465
105595405
641490795
526706794
286561939
271863663
241007054
276207090
560632527
232344293
709232521
919699148
415619622
604471715
617880077
995842013
565486481
636878154
379807530
727671235
870679132
883110535
988581480
924616305
102533509
349594921
776839536
379323943
107507979
30875237
530837806
620856828
959540005
329968971
841513280
489391415
768931550
161715904
630726093
105628674
247912166
981106874
436696392
989971090
355443388
739012997
86375928
856030912
144211740
968956722
522693147
513663012
101457714
945916294
104247489
413860905
966166128
459641408
217887681
122958241
62483541
439970795
299480252
840821858
497348249
643238637
819798053
128085396
845583305
737652882
398018298
765992806
199019497
668041136
207512499
710490710
535926343
498822427
218106249
34345544
375770865
265313570
742102885
754954040
597435666
959493909
923640175
159040004
30951676
81335472
378370794
525876593
886046302
19349173
676135545
392025515
228196053
677701180
173859129
945815134
214081933
430345877
20235856
711953545
86852877
286932474
716852111
423558287
225875734
3005840
29654333
555375738
62612929
14179145
317512490
894911722
609570697
556739653
986935652
899050858
752481547
162808287
254862835
44346211
772483856
886157689
729046580
183887489
288695921
54553773
915254709
554087077
994030819
904002686
441482879
431918878
816435096
754121729
523821076
702451521
174959483
200614525
535016906
79230925
522830832
652390239
987202337
737116200
578241375
769220542
806157044
927171067
26270616
459717462
288451273
295211777
236348586
331543326
767483729
723902558
326992050
213452143
207067371
396066976
304376228
780666764
266666203
126741289
286647671
984377245
653529021
817553013
264546747
273597410
322290682
694617687
735550545
242534510
954420156
654354768
551494602
946245653
152978462
169753749
609474544
551960414
832222843
554249371
988183773
685669235
806149160
934071387
521391924
993597149
23766858
471453980
854568948
670910543
310085753
352029382
535044907
577780713
610349111
826046724
598898374
143730588
541481060
697104412
832047827
960415540
891864008
236000621
581334623
854237464
907074657
361197374
908822901
55714178
14947246
871330183
741889992
982443234
590594843
809850182
112929154
594349091
899936033
884970789
707318869
487290953
699933196
941517900
440325852
84536851
742579932
790826426
782572182
375184282
511647906
59790349
257176517
727928026
960948991
806923769
805955577
421455781
970431542
912583236
232156657
547426648
292765548
401578653
13401720
193692965
153825382
116730038
569591923
872866258
122783730
736482940
676487415
193139408
889960572
392750586
726350839
671821321
849285446
298135233
456113727
418605788
404803444
837624968
423855545
272731677
605209041
851119972
797024596
983849056
362158368
286625312
659330120
598153950
441230922
263552210
360120230
809466533
847295371
996894625
971460922
962130997
276185135
574454430
604891405
37531829
835939624
142556813
57610094
504800228
549588568
76521648
102014335
780390234
406909424
738626607
691082273
269780116
415597434
641340138
702149760
828590381
114491859
255465420
422208742
322687776
301606254
616298680
379870598
463905924
137106939
81113518
220245004
483109656
337303038
229431805
389457887
164042865
926113568
256352631
194231006
834143532
518237633
485896981
311562054
615556713
669944577
553586656
608773708
918393584
638394255
921084055
461378828
333950500
191126515
927039680
438638963
536619809
302515722
420035421
160902072
164133916
327247463
48126042
9201604
418157634
223742445
925861424
901455422
415692996
371004696
811041416
319819800
82445821
580178931
68849695
512913240
352846814
945942540
549924437
531933301
563391517
630057029
789598429
80973825
397380808
338099974
8765575
629900781
661525106
985067612
193206618
975991974
435494149
193289046
413686533
796275939
950128948
31792511
843941827
76889040
876221827
823577861
374068333
571555560
10969742
42791361
529721897
681512884
862657443
228332395
758253134
459200260
369322980
341728426
640792215
521257082
16700214
114457860
693342038
16635304
719928851
369820195
251255097
285272468
887320079
610154832
95369358
314628664
741911528
929987691
298877867
678193100
961750258
250025850
111395252
1382760
386282668
637076219
878085071
252422882
591894512
881771087
768886519
49790532
529867175
128836547
721286464
732649145
627254340
136954715
589445953
321830014
680731856
329770457
104474263
748607490
317369679
106481388
560509637
598458071
511206775
869387634
162207326
583805256
713335626
272297439
604976451
406660640
126570626
917356341
122917661
522948791
916014576
925409393
557262121
177382373
319976315
930080670
325727798
930082913
939400150
460660571
660905909
747663655
43516505
265973185
699099828
679816619
607329359
851428664
235180695
648567508
764261001
133344281
214605427
189064712
105673431
663467044
857219104
1710617
530679895
94888384
869572031
986820401
727164757
722589614
940604573
421149873
822938442
887452007
960825128
242099497
1759298
762537354
295504516
157448070
557237539
59953127
503054793
33613502
511661610
348493716
231841808
533035275
76404595
96875158
208394395
617092509
343262892
515615887
139256576
167893681
502449695
105798023
249246278
897172447
144372517
55316771
146247685
394795299
605203062
711173293
105161353
537172741
830163973
823401638
138342542
743647795
628057035
578734290
275983027
230646853
660185816
366982305
332030060
490089181
569721528
290914150
849462010
967353313
371186284
186163338
16036358
7838513
884409985
845627478
536590437
633887436
769094974
664505880
184649503
427685502
565945430
232933469
120284267
877737731
116706359
495523851
611924494
341566828
203270417
331333347
83893984
480309675
298680120
710995641
8002557
949973046
94759258
953543492
960838389
11086818
231987455
846297951
200954519
967549864
280238912
922509154
238540389
724513780
233515054
980164608
569083665
121588842
87902583
331163922
819690992
316375985
496283960
133450985
200589621
381795910
120472993
367577424
254889539
753590238
841812779
594919436
413047233
793513225
489001492
866056464
165458871
89909154
91381871
90419908
980196031
422333888
749809641
176431197
31137396
514063731
873432788
766462788
922785221
865627069
787858668
325560345
633883064
557148389
834924048
928726824
31271169
670970597
694148614
253967356
25425106
765341134
977271413
916700989
538381448
914037279
611534847
500836869
741116767
928500576
494929332
392941079
982846891
641607250
181497396
568140726
949920371
583807643
485355668
213619647
662551643
925621537
13429323
579681058
691413926
968543783
652069808
305224954
484902457
289616599
144686008
218740644
255583925
892997855
114940426
226632575
263068402
57905313
50829029
599091496
466542850
679935834
948662201
817936990
222525407
694481663
4430856
768178054
322722096
942402838
426826695
835610867
68326990
464383705
844221152
523369457
488893099
266555738
223040222
394580573
672106634
115904430
256887958
277595177
608259136
821847334
912306740
476381691
270725344
675839818
338751510
773726010
383319489
61111945
469412199
666747249
776104395
790427016
21297718
645368266
192788352
62021320
604317712
718752211
314427637
924695435
823304232
225234586
18177229
45118580
397262610
422880614
560246046
563415957
995424671
254854675
907915221
227783480
278788676
419861418
711825585
694980365
322818842
783855481
278586687
991730523
116419704
642432548
740508772
36944136
58456417
95728176
455124642
408119812
836993417
785970538
838964412
836996121
61830227
101262708
119266279
296949496
476081422
135999085
156352676
493893617
600095584
690259700
292989769
567248215
618504378
996813009
356536107
591962188
820917141
213761409
328279059
180063737
783453894
31382635
323648179
374316030
961435341
882502213
547412573
20618884
71690308
44498550
264278712
566337576
380713076
808215433
19746911
222024343
84201110
996422982
732032150
442749272
997905306
112424419
920828564
588617917
869608322
492190257
847942344
471563675
233884895
184337356
55332453
435411824
171816447
175929595
297969722
379004
900438099
99605420
761738031
314823410
249478976
526126037
496188926
551184314
519488760
69708541
947795759
597040268
717398697
568846367
720286282
167049460
753145443
988330240
701356773
536085848
3155462
937416848
210649023
482927056
483284375
919715551
702911881
26180825
356367756
853855620
245999847
792033968
859805851
539708022
236875459
977259181
274856533
672115065
899874091
507959952
488475347
616668315
743140085
760912700
585029462
120889925
361732802
906476999
300933457
149031700
846363051
976718870
983205066
869290413
761309182
839531328
964826933
196449786
26213695
70230572
442726018
27047141
871315757
969177340
159161834
878399298
674077373
718284252
156445655
790032019
402233167
889457127
407428657
920316435
600374537
420211236
342415851
473590950
237452308
948683952
817686641
713069727
190501827
279695111
838833501
861716328
339164058
264786663
114833401
997101159
151576046
71730390
927840099
901064994
434358678
839726490
113738393
484449849
656996280
756359662
441333270
338617655
347569194
370105652
273547354
531431084
64816052
250227214
570486820
163689649
794166354
119272188
108768813
519792953
886816842
930360570
282266499
396767926
538157797
846847195
194711785
475210694
964277362
870177106
706169703
411883532
438873659
210360586
946009875
73882301
160750383
772643167
414957469
910804968
590886362
6013069
402845382
851507042
729914143
996805512
986853621
588045823
82668962
171460248
867858811
24442934
167853440
608062723
302553283
427100373
917925692
267811222
766808997
192058241
279562213
882385144
458794487
565250753
269389692
856018642
169675107
179174478
540432862
511105857
280727536
817167176
348794897
357320533
678413460
179011983
303229731
523050181
328588478
364645318
105098171
473485365
834446548
581892949
168808319
313858198
938019016
927026670
5116625
987869715
951551705
14508068
417575902
569241093
601560996
528052411
671485927
758844286
40093650
317106850
124541716
423869424
96569104
66061461
471762275
977168384
965372983
246095684
753726826
689628935
452882825
646107478
646026149
283759743
777695285
664371084
484694006
3281440
315623505
750334463
478853107
209912484
566068902
699687239
591409105
992888521
215691728
711347882
60712118
827061866
545278655
21443856
659593705
488477364
864269002
354153837
953961350
902395450
434048086
189032846
422004765
549084844
299880458
8673907
901323678
46809340
616567164
202661986
426092146
573344673
532116911
176809980
245917925
18811739
574227840
549049524
406217548
255483155
359957215
116676267
916914158
386275781
252516818
228586307
736957221
472950877
767441426
610554106
315688844
305349849
298674798
760671425
667555337
985267026
777975166
267027096
622432839
390892722
52398612
981439415
394636175
520336693
164153103
771043325
202513367
794458969
448572141
90615519
657783380
861844457
912165014
251138244
654180698
860294947
693254230
885579357
30899301
901632338
882678582
257570122
926871812
828981378
249191726
581710927
458385342
643478724
358544714
304358050
702353525
946593710
47116452
875770539
767025344
457381526
62432748
54978767
962308996
968548149
573976357
76773569
38861055
911877635
240460855
965290784
711965618
617750373
871351051
384526974
937925955
707119500
992289710
267424444
93410194
432903614
676226783
619770675
554136865
784398484
433726599
398031355
128825059
713558289
569971452
78696762
809095005
375809581
409627057
923244222
517826731
122935735
57444220
510791425
333005637
443624106
255108039
130709088
510736283
589518272
829843328
40454155
141809989
127914694
735448434
628599730
784398731
342476731
423180839
436053870
638885326
533906154
252183698
666306606
663274644
564622231
282855087
29090516
541528504
6323849
813877125
806533427
215844028
190184762
874477011
490453395
210110901
585303155
207453643
217497370
839579200
663037802
34739125
77345694
848389419
733832140
266586028
457531875
545205844
483625069
254243621
787000403
89741605
460883697
960336770
194316527
205972935
198223855
195173224
884593507
178055598
963264470
38751888
480392388
43646245
880331454
929690196
755049249
182421488
523080907
301006225
19498356
430543209
471677801
35913778
456128775
191491863
970231653
105980032
993271575
416444214
385662360
315673039
988327645
347563332
82864857
132909016
512825015
30266806
106550319
418991405
941728247
156853682
994735432
350411946
374847773
913194954
200605341
406407511
1435207
216743041
412605678
348730647
166895370
392651944
836905862
801665792
553152977
422988740
824281273
296460089
234330987
920780071
102249981
859246273
442569861
327908154
85849869
345076974
112899204
148094826
572090299
56840876
10865198
183585652
837862888
748741779
472212416
952078295
136069198
734589360
747171736
407222212
272886021
666781689
655957630
426694772
555612428
444135963
696226566
529724985
901739138
706291973
900980985
212360158
569288648
561448501
236302367
360001597
482992879
714963712
574940761
546083101
747673155
408942745
367727959
535146883
997393926
822774079
437832013
200735094
669872256
196225552
271201776
800703149
437642681
574113434
23064699
330428318
926379407
885063651
867004729
748439949
617535156
631765511
711142795
520665284
269932634
625491797
714197877
128355169
570177717
579822385
127322844
257249055
36736640
865988515
72004020
690409829
475372078
458864695
984058398
172732169
744997465
410383619
562847436
365512059
700895303
846931927
483202238
315633409
827864913
397583389
94747310
23879241
275840854
177857332
802045548
270502522
399108419
893308624
639588538
251379818
865222794
733867341
152163715
944914980
933311167
894735472
141343747
600351966
829620544
145612948
775507999
51112126
635527911
462194565
19103047
146800458
104358152
805523143
482863436
581065765
598780328
221062803
518706704
19777223
468916702
623110411
816450723
755590552
730988974
110662871
134612063
565238408
402879944
121004310
932551878
893325783
496614401
155414132
342474106
183018447
976689465
512024677
818457631
316303249
301203055
23547968
667408663
926390255
133384067
362374806
5810353
71111131
466786438
182963674
182184701
389746224
948842528
438017022
488015034
721887941
920456329
12756176
867040091
211822308
895958012
894258096
750833088
930582737
864724736
694526297
113624777
733764331
708981063
588110721
914068588
847195483
799670009
473173053
146849560
504953684
387834995
816263139
166197789
76385729
840774500
805383126
342503348
159151271
128308135
752373133
279606434
272537168
763379230
353425358
841724655
508771536
312927930
672239794
383580115
850525797
957572068
17326049
103185069
836809156
862914526
570203543
446654826
161659147
521436025
854946668
424793955
931494632
987672526
499674732
131881895
819933235
6232380
328473291
795120116
51756694
486489782
25111897
127012848
699254539
842455937
325930148
668578376
92647965
896866247
829703748
384537404
830990934
37845379
997355136
138979174
949470489
737471818
555072561
914358753
355074570
326202722
966785188
337779863
898689665
932185419
593688368
580603826
746003234
127802222
52022610
63958019
650686425
948854009
726595861
519555970
642205617
792730741
166917808
947387641
587749998
184109586
747831013
458259287
800147142
37579919
432319326
595536941
465562867
532757100
253563333
600026642
691463470
164173810
723722600
583455902
190606578
427753739
165744637
483666034
392784213
362387278
947501320
248872140
55132744
731164129
410144854
887859359
544328371
970434500
522590196
470670524
81451390
337113590
252836485
264764770
966879257
854192759
846756841
324345141
784292564
661208757
274371310
343428029
48212478
341097126
966728011
721127578
61873406
369256620
738742838
515484832
807479401
711241643
691985505
376054259
506903193
330331227
932974751
317237928
905336872
310395606
182142082
930560189
134656483
271299333
663912116
419234298
451450684
782458438
40018672
548153143
648222313
146306802
622588419
762879836
893119500
707262769
298558190
600539505
703425043
570611331
582806618
24420940
862157660
689236863
708732462
929839534
734189340
679242364
361444244
380397589
443331285
952340756
890675493
31910627
917325853
475961997
518167813
955210258
78220047
139736559
782187548
54660134
736648274
70994217
221157386
213618061
367443312
809212128
25396579
701440615
793231812
393177857
305977182
936738844
225342515
837793029
717433679
562427221
325789667
420915379
969283224
295060910
540295218
565235936
902678165
387324648
743147650
462824728
695325501
533817219
908764850
169812039
896380540
360457395
820908051
247220769
567709878
74849557
342101425
792940915
989992349
22943636
370604536
344259505
550765946
258402553
45127072
407231983
18899693
378257728
652945659
457492826
316619509
702561505
414557531
105051420
943838545
471967269
605138282
682557961
931370497
86895932
576614931
239648200
110413802
967307885
649645577
366164393
599108627
100581095
15428001
603505220
460352307
580161029
516081491
915565122
275737569
412104308
846401992
740885719
956350151
618127009
535642141
319306188
403052714
446451837
290562511
572079925
600469619
810317894
570142525
598378894
700850559
800530751
772924147
113237198
769539559
153529135
45005667
984895894
206394425
112417767
977664067
574929453
847028824
640859590
112169283
605243877
252031280
240896678
746883989
615299358
312023646
553360789
902828211
163531874
641645567
331718226
205287621
105693455
133613836
699334658
978982257
118673562
926546662
570866531
104857128
878200136
384410291
745061526
235924383
244020220
463627209
582311034
789271554
360360145
518644040
341490916
78317757
64055823
339962105
840101283
495504499
388463214
809121719
895171069
615061666
848559642
89371864
940350067
600281642
932111837
763932812
586772716
43050244
67221820
968082240
192147632
227323926
601716475
725045889
487678879
882960590
175445999
773208139
880987575
513707603
196675298
381757357
881135098
306390783
869307098
132111122
764299100
958733352
513646455
151681662
690186831
29485968
97353978
785820832
668018386
950961712
860303078
817899153
988154869
667834931
280743844
894789803
669032016
174257774
356735553
182076183
472846298
716753483
991433170
316856801
710413588
269616305
853169033
235471857
207469266
209685470
917159719
248580936
591217667
616483284
135029821
74886365
613812047
545271905
436221427
670577205
716878976
364344074
786316575
217795905
100618654
652846727
547501503
644604403
841204275
136266620
562836520
864667575
608579204
391092166
343649916
944122061
912464439
635325173
505636898
454984516
940465865
470476214
649370918
373052659
288216967
983801739
322185884
250888620
225814562
673968888
771127619
286874472
926167100
752831672
92938309
218913377
845812399
72372524
911979865
450575838
820253472
160746671
104981572
223984366
157676639
32074019
75120050
992590531
917418748
850485513
804365658
808205910
255955295
948735026
203028408
737316581
600593772
938212691
438254136
858394945
489402843
738833684
954606194
184756279
706950696
82611984
325433563
745299646
175627028
426721729
686643081
174919431
580841259
715484879
698754828
607531031
465717399
44654017
804591053
248339781
845679080
817555380
668250497
426338271
995499591
321804326
185729602
727460825
596983295
427426415
184262294
319131645
688711949
664305396
646543872
665155500
179699082
891190176
166331600
668851626
232306962
920379804
517314239
222568735
252504875
928671313
123482119
272833998
301176463
135514739
579476276
994604400
732253074
402414894
687931748
972459341
729408342
6269069
225446648
99063611
885031135
527878314
122010367
103161398
161768118
368811098
344804158
112217491
945070603
914137164
753056436
14932980
23759093
400062855
566326204
681324262
148594544
586089308
474505994
12297836
920255979
541308569
168844188
511498048
122154221
89255127
545244437
532949860
809278895
935995107
638347664
662070094
895169693
810221181
868529108
441786770
672995284
941708834
627796909
539042319
276718542
914035340
16484788
570647204
186131649
739449352
5342904
60727470
584362665
192602839
314864969
780943128
455781753
988028957
933982022
578422243
303729457
224811237
106716894
495725005
959394336
175076258
631033390
280189928
373397247
625899408
298986793
588134961
346274800
967252413
519923730
874173270
544642029
314137656
872216427
984495382
808955949
877235159
946457384
60013899
132749810
837839300
515118058
913221679
489811648
128952924
87073067
716202684
803999701
440216737
975032492
971444588
866150900
283646297
893482586
107361508
647498311
73322963
478341528
118421942
521067189
620529609
118302495
186306717
147982479
120023364
513911548
492589222
314613698
251478370
302615983
645756523
92189043
911399625
707535421
728427718
895413583
127754448
259549956
386660082
689382113
332905364
106617209
486567503
922275240
626410340
181994789
770949548
951833430
996217884
980282451
527314259
946631298
643936025
13374324
249303663
918458393
265603127
212391644
540090391
65882975
582594579
858709006
289538949
579879602
416689537
56777583
409680992
306377197
46645123
835437041
406050
84390606
641418265
105689979
672897797
423998238
649231018
323001205
787356999
118334430
872572095
570536631
332029490
932145162
79364124
656521351
367096312
925722292
427954152
345998253
902192136
155060786
761962265
365107079
305252880
788482727
519014067
846305872
223390058
877932582
628099459
330139713
729358724
210834493
465876626
33065028
312266774
905993034
166777649
747104612
73935522
875455621
847652011
642976437
927821504
37967405
582438351
653318463
376991048
748270337
1084231
969955755
829051562
795625952
86163272
236875614
878853277
436989435
211378046
864230586
861527540
355703132
96022469
443288513
541941518
952982773
279730999
358718105
453568674
591673208
315236335
667724875
753052415
87167506
612297178
257120818
230268668
502726140
427514064
190353493
758052123
533706666
290926628
695776980
601228377
904865741
42298164
443183245
189088190
112866887
556859433
166562237
21816527
86784610
658309830
575321571
343927415
55824233
711300942
567184869
631917704
645895325
107401050
221530964
388538284
325418768
173051243
199662668
612031589
348572505
989669265
340975604
890589253
686038664
758393198
845193381
359357083
395978980
576115918
536282224
976749285
554395129
213181544
882605980
890868556
622069259
576129625
839932417
179075879
614142655
237467876
660591032
854742517
140377546
683806633
274537729
864495585
73193723
396229435
662239951
68075461
95458029
944673270
570450434
881468249
936659694
915603027
929442134
271792170
140888074
901079159
639410686
794968137
178968097
549086201
19162467
791001140
958064361
147612510
751560563
424003241
588425064
540146399
957594050
865944551
515551280
528279535
420854792
312782609
125990917
299589339
647438996
419769423
680259636
735477247
697639120
824149012
288052251
347316013
270402098
760007908
469980182
854596766
560678475
637397879
374298054
380204545
379321737
685341746
810197029
224413943
325008770
728507247
332889269
785667601
65672794
926650728
584248678
313339684
338634024
807521734
604442704
76631733
892427133
463530591
267649559
681489397
312370694
327999323
957806837
450302140
187113602
326818741
921359292
52230039
834844761
646624545
106001920
223430787
290884650
805291402
206796876
778341649
526250396
792770878
336542878
271259088
947644518
608462975
916055022
358818857
6666677
715874112
538467259
695724059
123596999
759118230
779087932
887298708
402680000
75204580
976284409
696199350
554152174
566160417
205720283
237472600
453629960
648311399
790214120
228126742
287515706
962534201
273146285
558150825
563154350
237738553
137973592
928863307
28610863
909734979
787593914
305411224
948614440
71539346
662213015
148693509
800343915
194058409
996077802
224783027
795220636
815059677
291506109
339273214
858461358
889200719
675279285
516221662
162616808
496174366
112457234
275253798
584073917
846042454
222378806
363353120
359860961
475361558
72763468
371903452
897298898
266766228
522358428
368557130
985782831
279414427
158627647
854780926
159458620
769159174
460411532
710262484
534104426
319667792
640361313
338953852
121620579
277471361
593337373
433246346
116375055
613498350
751395488
485477527
152649016
610017208
331492270
710664548
392093964
612220328
730659011
844756332
286897851
902095871
73770788
416192259
450920709
113925778
487171906
205836339
277234062
923491364
916252963
907200705
424406466
660909291
366298005
640574270
125330381
326919397
711867717
958577335
16918394
57685773
430396012
3907741
379944340
95201836
560234720
783461292
96790256
399754465
922529677
430350341
515482148
296242286
116052219
701676210
53693740
118163481
108187248
212166006
396926715
764753246
212947239
534831747
947934993
938769470
75590851
885821645
120696288
508914479
27031282
245770948
833112459
95600385
89938926
744246114
156106762
707374041
368883038
268386092
788850887
736856551
896362652
781321381
744859323
151030773
412561991
280669705
694056835
861816961
986069682
782774270
692525909
640120517
151442912
274927303
841531227
551088554
123482321
290026007
495628466
231943796
408297501
502317336
133194630
403527932
64755894
565309781
958817390
152548757
532481663
447822400
827303198
622054190
68567864
540362875
585036909
747739074
881633238
387936519
325717076
821799176
81855664
879044110
306819602
175926479
926732897
295078147
223770926
22208884
441301324
475157626
875342104
744479872
484942036
810230321
797168001
146496542
413386795
327087610
240956885
1805019
921603908
995902231
974423164
863306809
340709307
635504446
3755727
624021195
463012114
428278600
577104221
143704214
988775622
188918510
474116901
441192681
543369387
600342708
793517914
799448459
674608325
96240838
824998193
77447686
560426130
182444967
548683625
211578561
218107792
521953611
166924830
227494375
589919115
861559069
546092606
544835191
243298874
315068919
611255823
353278401
234269288
316141651
459890704
955658745
29140987
186030816
971829722
828616030
540983844
28749585
210056928
245892192
123552551
489094779
8090127
953962519
131073937
435265669
746383111
781441423
662792292
650789245
718218765
855750133
921268208
266468484
181762563
243047801
990635842
66914423
976779550
396363230
540457418
146026102
222359723
443019054
299866071
83477008
508959889
14065171
105937279
20853571
580356483
439410155
73375252
392099101
309346981
752458611
460225965
13277321
569647931
257353012
169692579
473261001
831713455
628329127
985421452
948180424
187725206
938884030
132873320
247974565
76454235
431152716
526552751
388062130
704787578
736889506
124482990
62374781
14497619
976504018
313742244
851964508
995343130
855235882
708707188
403484740
36973824
27794177
653572742
21462668
600638645
634124248
796254665
942256881
505094231
341728389
468899055
130627532
399654517
459584005
965679314
909030692
395576642
651006744
971961104
959646129
859246303
628515644
494867477
787479712
265362192
882368865
238963527
846597280
293940876
9415784
252817026
539366554
128888008
918524898
871598453
448468921
264096506
368102851
277417683
111063203
229516351
510887033
63451108
947222490
433791120
960585692
253173536
450001345
257831198
292065988
366004879
629093147
161484665
400242031
974390803
245620037
92019561
662531223
401175561
32039762
37291024
213983723
631283286
110285463
591165722
532967461
995413679
637773749
664898902
82691787
570140761
350535641
850954031
431202844
403905362
625821962
214273180
253136130
465090188
660425666
890018476
462783725
759224208
204124729
829588634
146784487
356107634
597623077
965058532
429207006
100201569
130307872
192369834
935079510
711844553
735066266
453209762
175467109
354159211
871535732
23664980
307220443
768690548
996528695
985075857
241887737
220658909
781614684
73725515
346023611
254852415
77799420
766405555
455328914
279402030
917683418
366073422
621922511
963080962
219264887
300416903
374632312
151756289
919598745
997192281
9257476
922623466
367711302
153313625
669346762
928154334
760116365
165849086
396159430
951132657
77827087
849846252
652192791
843538586
567421058
556739991
197294457
173297148
807674127
739723142
625041425
730830505
205933276
38880606
126053487
307866102
507647235
17629206
275517399
575441411
949515108
958732304
860177864
732414580
605448972
565790002
270949178
239360971
35756461
72940224
247510007
957145136
5296409
349580316
236133532
718590936
302311519
24207403
381018000
13089993
486211332
270250844
983811452
496270686
258418946
877044584
888219719
291268334
762333057
981990972
348801704
360219072
690089036
129202564
991897818
559097934
820740250
475397771
877743389
526026498
710984104
594234679
239439667
107434587
488877053
518168566
838887385
88174878
327334338
61611575
154227191
81282470
906519068
551933930
320059777
860517680
264548639
84676045
487387510
984721474
699497817
927248256
697172685
828670173
976350150
183347541
892724132
63944443
323296226
58895473
377636344
619964422
54890193
549937965
572689911
477537321
5048547
141625151
161499019
932320355
788858955
667848311
308193654
271162774
289991855
552223685
680153312
929632561
854463919
749782999
361844562
595857260
454021361
831229525
324591837
889074521
701837558
742167351
387898520
318866151
325436645
468592483
956789235
249322347
298908980
439205859
911533249
164346773
771386110
296670081
906206196
969492749
642937408
998155668
83589751
225961674
200980860
974725896
222233826
374833807
507463604
401080357
83258595
726842638
297114866
700459554
341728778
848508281
320099499
563703177
408777350
956606058
993076862
519632523
670562192
570445604
209517261
971006702
458632179
98734789
75455552
107097962
551179278
274589211
333276129
203071834
829589786
677080740
907180184
909844456
805230553
586388742
223667428
591077525
506572671
553654620
503912620
761050872
449913887
676522776
932048208
981204948
392375379
472053966
535238638
563072401
808415656
471725929
357058142
587448948
173857441
115574727
259714622
773439154
464793505
743036461
23496566
534838396
703928237
847689281
215317760
545697837
288649392
215514538
320292306
271551986
48600011
235635429
685568691
456720612
986478366
989386293
692187597
459869745
597330545
354751786
241907946
477684600
571607651
381191977
74365075
655581752
666202089
726602667
466661230
74743136
333406909
260788933
760942162
660570705
297641624
691467827
112106295
451633236
58786308
491674495
451435781
909387674
829349378
444698132
167491466
890908783
652947679
446508060
478059833
497736045
773789090
336524457
794472135
326530614
603654806
803897229
539429885
228272102
202822184
470381845
995815303
273401627
942221598
376938121
532346057
958723567
259186946
317693296
468061483
546956742
806870421
394777982
655019476
974930451
547221154
495492656
295110499
810074814
638628225
850222204
868904728
494699429
622348660
137335762
697860881
356643380
473357437
202638450
557484552
360852030
244812013
980851969
993773729
901176603
414281085
746342043
520482847
649719613
732054143
332034282
78180147
950840720
679946659
575515454
818679818
318033641
992695690
639512154
262423835
451167139
165407534
464709931
138910593
709600855
307206947
703622987
158317503
947076040
339135911
373786278
804886552
835313435
324261696
27445298
908697090
186185350
455420977
763995459
31652046
841333124
924643285
635627091
468191418
782114936
593879278
776017938
638817492
730013210
728437013
239245882
277996496
254566153
885304715
860393427
119735286
195736322
786388008
681863963
183649623
19650279
516565002
57383711
721489336
736461458
46639762
904006919
916466020
155329918
244902978
907290984
507965182
805602991
649127827
906071741
704240878
477507830
335560549
726752191
107001765
390885210
534840335
946593565
997955332
132350837
789136434
468061077
76057604
827139884
924467026
559356381
881202074
54998557
778638127
555543502
946041234
745952376
192507179
916892734
340660911
194256329
584532215
404617075
283273772
4447061
408421812
616436916
721426446
409172188
909261703
901895148
559211698
421969350
565084480
176851663
826670866
835681798
389605673
253185737
123089519
411733855
818334302
329891767
102149906
144869420
541725460
826613071
659679321
218691918
411420229
918652018
117949983
496763235
982338174
495323408
357500219
873755015
670227539
483263218
754057190
817686433
61053733
573699437
218225339
126599355
727300268
605662894
572461869
676150917
384795972
967090388
859431617
304818942
648684911
711026939
523673588
790734356
210510210
767732948
14418448
789691660
747886932
151004926
108169507
99281777
53664669
819365925
886374182
835920412
243597052
172677729
903749839
234033493
662238897
929970691
66101666
983282746
570270446
356794888
535063732
635248044
83399717
666293061
524522581
640212588
173835136
842578031
656636366
416698221
186848008
100672335
9522002
505229697
543831172
82355338
330041054
713449959
776488464
891283477
503421695
57571840
942388656
474790620
625554270
264268328
837792696
846654959
74321789
252092629
868227902
741231107
187040799
943178922
715521449
31183123
317302195
509948672
577736553
197563718
200956007
902531144
402151252
511261430
403489522
927596502
820810978
997555544
798028952
47944319
702075438
11790368
921540655
142091786
706042707
369804126
370972327
862977740
475753101
549434590
776013591
71521493
902376482
855356612
6544268
722466965
270819602
400951494
368337254
943222670
156256591
598069105
110594872
796999106
558371134
72108402
50776150
17824242
267687829
585350238
712722588
78143746
336240957
101572382
672860371
711449408
14513558
135552672
286263379
582093301
236939982
374349287
622480964
809911826
617501253
307740385
57763578
152481085
649682226
759464849
595916781
446220554
834744110
300637573
783279552
683286821
671619714
5143121
12945161
318284472
732849726
575104839
993716467
427971361
484590964
642474963
226964805
326550615
335509095
504656806
874818240
554732267
197000152
22988087
100937636
98966123
788475602
848587184
874584031
645191847
620813628
540861419
452794296
179639034
827485142
247980649
88161426
174117350
794146223
248904444
761946472
866782149
238212144
451156691
114290768
456188517
901016966
608864379
230815329
721279166
905952439
102607891
216228095
988396663
741443395
640613962
555858656
861433487
813831425
79032356
636340964
878080716
1484698
917882557
421740029
682403547
980738307
490955046
680086523
815482196
443642095
738510601
839601681
168991975
44929770
587807507
392854535
248211764
590577759
49086338
419129050
183620230
492673266
248010062
479208811
258311546
484245969
103209257
170043973
16690959
787410393
949595954
59693690
330828709
105676375
163773040
163674957
620740352
701516432
147653995
222164514
739875657
937396059
512555096
533264247
55340514
43923240
319718641
971159999
864428544
81669929
950062610
712451593
841507332
846349184
27185152
295218622
806639707
286161444
791364846
490896887
196313661
676362331
940002795
125740388
826337867
253110446
548991179
173366015
146808525
30808694
43558841
73198992
545430030
44706376
254786479
386006557
91841637
734632189
262307769
779504319
47054004
842397711
957510737
903156738
818707453
566458881
508528535
649642234
376588589
605247130
135678447
192825042
710793112
789754630
498280601
851945634
914225837
122456801
618970291
804016309
758802262
325010405
890507052
164328472
629661012
380614595
192340042
512784848
482573444
790868038
300785923
747580597
445399150
377691796
688852938
685234042
653706396
114598286
794905630
721183168
966018670
874139317
396369169
156234914
840300027
771203123
794113589
262603858
519743271
74799055
392398928
263533823
55387439
77485742
905410280
32070324
555971316
284215613
729360938
236746669
151280048
991663410
937616240
203014219
927873681
545446214
83956418
340275779
115348349
452175271
427495641
857860561
251058928
359051412
677805551
99843860
731556564
737788301
742962459
841840703
486690486
525677646
818285613
467566880
220611925
526295652
771489304
906884280
93981916
25428462
549053385
714907403
102043768
535897071
446850445
358262766
983027292
493967539
678312099
290131073
898265168
728134313
373015443
77043608
85407785
242221511
670085022
858459678
253835764
258272970
615524780
40055150
267914765
694913546
714981585
915135282
863327712
799494096
305797435
948057897
599339849
382433636
971239204
5769212
537502812
331972803
142970393
77176089
439086760
59783410
762435549
902802613
556913926
932063636
169485530
723316126
865594484
842152057
922793858
448820418
319421339
162233909
266738758
917896613
532669813
398334042
952207887
196472859
609862591
817944752
144791432
487498236
7298948
165263180
80374421
865867536
18529036
376725262
150831082
108674807
226786010
232737467
175807247
753141844
